{
  "type": "forge:add_spawns",
  "biomes": [
    "badlands",
    "bamboo_jungle",
    "basalt_deltas",
    "birch_forest",
    "crimson_forest",
    "dark_forest",
    "deep_dark",
    "desert",
    "dripstone_caves",
    "lush_caves",
    "end_barrens",
    "mangrove_swamp",
    "jungle",
    "windswept_forest",
    "sparse_jungle",
    "old_growth_birch_forest",
    "deep_lukewarm_ocean",
    "warm_ocean",
    "deep_ocean",
    "beach"
  ],
  "spawners": {
    "type": "moth_spider_dweller:blood_worm",
    "weight": 1,
    "minCount": 1,
    "maxCount": 10
  }
}