{
	"format_version": "1.8.0",
	"animations": {
		"animation.bloodworm.idle": {
			"animation_length": 1,
			"bones": {
				"segment1": {
					"rotation": {
						"vector": [0, 13, 0]
					},
					"position": {
						"vector": [0.2, 0, 0.3]
					}
				},
				"segment4": {
					"rotation": {
						"vector": [0, -1, 0]
					},
					"position": {
						"vector": [0, 0, 0]
					},
					"scale": {
						"vector": [1.19, 1, 1]
					}
				},
				"segment5": {
					"rotation": {
						"vector": [0, -3, 0]
					},
					"position": {
						"vector": [0, 0, -0.1]
					},
					"scale": {
						"vector": [1.09, 1, 1.03]
					}
				},
				"segment6": {
					"rotation": {
						"vector": [0, -13, 0]
					}
				},
				"segment2": {
					"rotation": {
						"vector": [0, 6, 0]
					}
				},
				"segment7": {
					"rotation": {
						"vector": [0, -9, 0]
					},
					"position": {
						"vector": [0, 0, 0.4]
					}
				},
				"segment14": {
					"rotation": {
						"vector": [0, 1, 0]
					},
					"position": {
						"vector": [0.1, 0, -0.1]
					},
					"scale": {
						"vector": [1.14, 1, 1]
					}
				},
				"segment12": {
					"rotation": {
						"vector": [0, 15, 0]
					},
					"position": {
						"vector": [0.1, 0.1, 0.3]
					},
					"scale": {
						"vector": [1.2, 1, 1]
					}
				},
				"segment19": {
					"rotation": {
						"vector": [0, 4, 0]
					}
				},
				"segment3": {
					"rotation": {
						"vector": [0, -14, 0]
					},
					"position": {
						"vector": [0, 0, 0.3]
					},
					"scale": {
						"vector": [1.12, 1, 1]
					}
				},
				"segment13": {
					"rotation": {
						"vector": [0, -10, 0]
					},
					"position": {
						"vector": [0, 0, 0.1]
					}
				},
				"frontsegment": {
					"rotation": {
						"0.0": {
							"vector": [5.31176, -56.06115, -2.68375]
						},
						"0.5": {
							"vector": [27.03748, -83.46864, -25.16088]
						},
						"1.0": {
							"vector": [5.31176, -56.06115, -2.68375]
						}
					},
					"position": {
						"0.0": {
							"vector": [-3.2, 0, 3.7]
						},
						"0.25": {
							"vector": [-3.05, 0, 3.85]
						},
						"0.5": {
							"vector": [-3, 0, 3.8]
						},
						"0.75": {
							"vector": [-3.25, 0, 3.85]
						},
						"1.0": {
							"vector": [-3.2, 0, 3.7]
						}
					}
				},
				"midfrontsegment": {
					"rotation": {
						"0.0": {
							"vector": [0, -44, 0]
						},
						"0.5": {
							"vector": [0, -41, 0]
						},
						"1.0": {
							"vector": [0, -44, 0]
						}
					},
					"position": {
						"0.0": {
							"vector": [-2.6, 0, 3.1]
						},
						"0.5": {
							"vector": [-2.4, 0, 3]
						},
						"1.0": {
							"vector": [-2.6, 0, 3.1]
						}
					}
				},
				"midbacksegment": {
					"rotation": {
						"0.0": {
							"vector": [0, 11, 0]
						},
						"0.5": {
							"vector": [0, 10, 0]
						},
						"1.0": {
							"vector": [0, 11, 0]
						}
					},
					"position": {
						"0.0": {
							"vector": [-0.3, 0, -0.1]
						},
						"0.5": {
							"vector": [-0.2, 0, -0.1]
						},
						"1.0": {
							"vector": [-0.3, 0, -0.1]
						}
					}
				},
				"backsegment": {
					"rotation": {
						"0.0": {
							"vector": [0, 40.5, 0]
						},
						"0.5": {
							"vector": [0, 43.5, 0]
						},
						"1.0": {
							"vector": [0, 40.5, 0]
						}
					},
					"position": {
						"0.0": {
							"vector": [1.2, 0, 3.4]
						},
						"0.5": {
							"vector": [1.5, 0, 3.5]
						},
						"1.0": {
							"vector": [1.2, 0, 3.4]
						}
					}
				},
				"segment20": {
					"position": {
						"vector": [-1, 0, 0]
					}
				},
				"segment21": {
					"position": {
						"vector": [-1.5, 0, 0]
					}
				},
				"segment22": {
					"rotation": {
						"0.0": {
							"vector": [0, 13, 0]
						},
						"0.5": {
							"vector": [0, 8, 0]
						},
						"1.0": {
							"vector": [0, 13, 0]
						}
					},
					"position": {
						"0.0": {
							"vector": [-1.9, 0, -0.1]
						},
						"0.5": {
							"vector": [-2, 0, 0]
						},
						"1.0": {
							"vector": [-1.9, 0, -0.1]
						}
					}
				},
				"segment11": {
					"rotation": {
						"vector": [0, 11, 0]
					},
					"position": {
						"vector": [0.2, 0, 0.1]
					}
				},
				"segment10": {
					"rotation": {
						"vector": [0, 1, 0]
					}
				},
				"segment17": {
					"position": {
						"vector": [0, 0, -0.2]
					}
				},
				"segment16": {
					"position": {
						"vector": [0, 0, -0.2]
					}
				},
				"segment15": {
					"position": {
						"vector": [0, 0, -0.1]
					}
				}
			}
		},
		"animation.bloodworm.walking": {
			"animation_length": 1,
			"bones": {
				"bloodworm": {
					"rotation": {
						"0.0": {
							"vector": [0, 0, 0]
						},
						"0.3333": {
							"vector": [0, 0, -1]
						},
						"0.5417": {
							"vector": [0, 0, 0.31]
						},
						"1.0": {
							"vector": [0, 0, 0]
						}
					},
					"position": {
						"0.0": {
							"vector": [0, 0, 0]
						},
						"0.3333": {
							"vector": [0.6, 0.1, 0]
						},
						"0.5417": {
							"vector": [0.41, -0.23, 0]
						},
						"1.0": {
							"vector": [0, 0, 0]
						}
					}
				},
				"backsegment": {
					"rotation": {
						"0.0": {
							"vector": [0, 6.5, 0]
						},
						"0.5": {
							"vector": [0, -6.5, 0]
						},
						"1.0": {
							"vector": [0, 6.5, 0]
						}
					},
					"position": {
						"0.0": {
							"vector": [0, 0, 0.4]
						},
						"0.5": {
							"vector": [0, 0, 0.3]
						},
						"1.0": {
							"vector": [0, 0, 0.4]
						}
					}
				},
				"midbacksegment": {
					"rotation": {
						"0.0": {
							"vector": [-3, -1, 0]
						},
						"0.5": {
							"vector": [4, 2, 0]
						},
						"1.0": {
							"vector": [-3, -1, 0]
						}
					},
					"position": {
						"0.0": {
							"vector": [0, 0, -0.2]
						},
						"0.5": {
							"vector": [0, 0, 0.9]
						},
						"1.0": {
							"vector": [0, 0, -0.2]
						}
					}
				},
				"midfrontsegment": {
					"rotation": {
						"0.0": {
							"vector": [0, -2, 0]
						},
						"0.4583": {
							"vector": [-0.34919, 3.98475, -5.01215]
						},
						"0.625": {
							"vector": [-0.24162, 1.1433, -3.46573]
						},
						"1.0": {
							"vector": [0, -2, 0]
						}
					},
					"position": {
						"0.0": {
							"vector": [0, 0, 0.1]
						},
						"0.4583": {
							"vector": [0, 0.4, 0.1]
						},
						"0.625": {
							"vector": [0, 0.28, 0.2]
						},
						"1.0": {
							"vector": [0, 0, 0.1]
						}
					}
				},
				"segment1": {
					"rotation": {
						"0.0": {
							"vector": [0, 0, -3]
						},
						"0.5": {
							"vector": [0, 0, 4]
						},
						"1.0": {
							"vector": [0, 0, -3]
						}
					},
					"position": {
						"0.0": {
							"vector": [0, 0.1, 0]
						},
						"0.5": {
							"vector": [0, 0.2, 0]
						},
						"1.0": {
							"vector": [0, 0.1, 0]
						}
					}
				},
				"frontsegment": {
					"rotation": {
						"0.0": {
							"vector": [0, 4, 0]
						},
						"0.3333": {
							"vector": [6.15928, 1.99501, -8.67957]
						},
						"0.6667": {
							"vector": [-10.63808, -3.49764, -9.64455]
						},
						"1.0": {
							"vector": [0, 4, 0]
						}
					},
					"position": {
						"0.0": {
							"vector": [0, 0, 0]
						},
						"0.3333": {
							"vector": [0, 0.8, 0]
						},
						"0.6667": {
							"vector": [0, 0.5, 0]
						},
						"1.0": {
							"vector": [0, 0, 0]
						}
					}
				},
				"segment22": {
					"rotation": {
						"0.0": {
							"vector": [0, 0, 0]
						},
						"0.3333": {
							"vector": [-2.67, 0, 0]
						},
						"0.4583": {
							"vector": [-4.95353, -0.08636, -0.99626]
						},
						"0.625": {
							"vector": [-8, 0, 0]
						},
						"1.0": {
							"vector": [0, 0, 0]
						}
					}
				},
				"segment13": {
					"rotation": {
						"vector": [0, -3, 0]
					},
					"position": {
						"vector": [0.1, 0, 0]
					}
				},
				"segment14": {
					"position": {
						"vector": [0.1, 0, -0.1]
					},
					"scale": {
						"vector": [1, 1, 0.88]
					}
				}
			}
		},
		"animation.bloodworm.chasing": {
			"animation_length": 1,
			"bones": {
				"bloodworm": {
					"rotation": {
						"0.0": {
							"vector": [0, 0, 0]
						},
						"0.3333": {
							"vector": [0, 0, -1]
						},
						"0.5417": {
							"vector": [0, 0, 0.31]
						},
						"1.0": {
							"vector": [0, 0, 0]
						}
					},
					"position": {
						"0.0": {
							"vector": [0, 0, 0]
						},
						"0.3333": {
							"vector": [0.6, 0.1, 0]
						},
						"0.5417": {
							"vector": [0.41, -0.23, 0]
						},
						"0.7083": {
							"vector": [0.26, -0.15, -0.8]
						},
						"1.0": {
							"vector": [0, 0, 0]
						}
					}
				},
				"backsegment": {
					"rotation": {
						"0.0": {
							"vector": [0, 6.5, 0]
						},
						"0.25": {
							"vector": [0, -14.42, 0]
						},
						"0.75": {
							"vector": [0, 12.02, 0]
						},
						"1.0": {
							"vector": [0, 6.5, 0]
						}
					},
					"position": {
						"0.0": {
							"vector": [0, 0, 0.4]
						},
						"0.25": {
							"vector": [1.8, -0.1, 1.91]
						},
						"0.5": {
							"vector": [2.89, -0.08, 1.38]
						},
						"0.75": {
							"vector": [2.08, -0.07, 0.95]
						},
						"1.0": {
							"vector": [0, 0, 0.4]
						}
					},
					"scale": {
						"0.0": {
							"vector": [1, 1, 1]
						},
						"0.5": {
							"vector": [0.89, 1, 1]
						},
						"1.0": {
							"vector": [1, 1, 1]
						}
					}
				},
				"midbacksegment": {
					"rotation": {
						"0.0": {
							"vector": [-3, -1, 0]
						},
						"0.25": {
							"vector": [-3, 0.99726, -0.10467]
						},
						"0.75": {
							"vector": [-3.01861, 6.37446, -0.38785]
						},
						"1.0": {
							"vector": [-3, -1, 0]
						}
					},
					"position": {
						"0.0": {
							"vector": [0, 0, -0.2]
						},
						"0.25": {
							"vector": [1.2, 0, 3.21]
						},
						"0.5": {
							"vector": [2.22, 0, 1.5]
						},
						"0.75": {
							"vector": [1.54, 0, -0.2]
						},
						"1.0": {
							"vector": [0, 0, -0.2]
						}
					},
					"scale": {
						"0.0": {
							"vector": [1, 1, 1]
						},
						"0.5": {
							"vector": [0.8, 1, 1]
						},
						"1.0": {
							"vector": [1, 1, 1]
						}
					}
				},
				"midfrontsegment": {
					"rotation": {
						"0.0": {
							"vector": [0, -2, 0]
						},
						"0.25": {
							"vector": [-0.36624, 17.98448, -5.10096]
						},
						"0.75": {
							"vector": [-0.24684, -11.85658, -3.41019]
						},
						"1.0": {
							"vector": [0, -2, 0]
						}
					},
					"position": {
						"0.0": {
							"vector": [0, 0, 0.1]
						},
						"0.25": {
							"vector": [-0.9, 0.4, 1.1]
						},
						"0.5": {
							"vector": [-1.5, 0.34, 0.65]
						},
						"0.75": {
							"vector": [-0.7, 0.28, 0.2]
						},
						"1.0": {
							"vector": [0, 0, 0.1]
						}
					},
					"scale": {
						"0.0": {
							"vector": [1, 1, 1]
						},
						"0.5": {
							"vector": [0.74, 1, 1]
						},
						"1.0": {
							"vector": [1, 1, 1]
						}
					}
				},
				"segment1": {
					"rotation": {
						"0.0": {
							"vector": [0, 3, -3]
						},
						"0.5": {
							"vector": [0, 2, 4]
						},
						"1.0": {
							"vector": [0, 3, -3]
						}
					},
					"position": {
						"0.0": {
							"vector": [0, 0.1, 0]
						},
						"0.5": {
							"vector": [0, 0.2, 0]
						},
						"1.0": {
							"vector": [0, 0.1, 0]
						}
					}
				},
				"frontsegment": {
					"rotation": {
						"0.0": {
							"vector": [0, 4, 0]
						},
						"0.25": {
							"vector": [-0.15288, 23.93519, -9.10362]
						},
						"0.75": {
							"vector": [-11.18616, -18.22959, -6.76113]
						},
						"1.0": {
							"vector": [0, 4, 0]
						}
					},
					"position": {
						"0.0": {
							"vector": [0, 0, 0]
						},
						"0.25": {
							"vector": [-1, 0.69, 0.9]
						},
						"0.5": {
							"vector": [-1.7, 0.6, 0.45]
						},
						"0.75": {
							"vector": [-0.8, 0.5, 0.5]
						},
						"1.0": {
							"vector": [0, 0, 0]
						}
					},
					"scale": {
						"0.0": {
							"vector": [1, 1, 1]
						},
						"0.5": {
							"vector": [0.83, 1, 1]
						},
						"1.0": {
							"vector": [1, 1, 1]
						}
					}
				},
				"segment22": {
					"rotation": {
						"0.0": {
							"vector": [0, 0, 0]
						},
						"0.3333": {
							"vector": [-2.67, 0, 0]
						},
						"0.4583": {
							"vector": [-4.95353, -0.08636, -0.99626]
						},
						"0.625": {
							"vector": [-8, 0, 0]
						},
						"1.0": {
							"vector": [0, 0, 0]
						}
					}
				},
				"segment11": {
					"rotation": {
						"0.0": {
							"vector": [0, 0, 0]
						},
						"0.25": {
							"vector": [0, -6, 0]
						},
						"1.0": {
							"vector": [0, 0, 0]
						}
					}
				},
				"segment10": {
					"rotation": {
						"0.0": {
							"vector": [0, 0, 0]
						},
						"0.25": {
							"vector": [0, -3, 0]
						},
						"1.0": {
							"vector": [0, 0, 0]
						}
					},
					"position": {
						"0.0": {
							"vector": [0, 0, 0]
						},
						"0.25": {
							"vector": [0, 0, 0.1]
						},
						"1.0": {
							"vector": [0, 0, 0]
						}
					}
				},
				"segment9": {
					"position": {
						"0.0": {
							"vector": [0, 0, 0]
						},
						"0.25": {
							"vector": [0, 0, 0.2]
						},
						"1.0": {
							"vector": [0, 0, 0]
						}
					}
				},
				"segment8": {
					"rotation": {
						"0.0": {
							"vector": [0, 0, 0]
						},
						"0.25": {
							"vector": [0, -4, 0]
						},
						"1.0": {
							"vector": [0, 0, 0]
						}
					},
					"position": {
						"0.0": {
							"vector": [0, 0, 0]
						},
						"0.25": {
							"vector": [0, 0, 0.2]
						},
						"1.0": {
							"vector": [0, 0, 0]
						}
					}
				},
				"segment4": {
					"position": {
						"0.0": {
							"vector": [0, 0, 0]
						},
						"0.25": {
							"vector": [0, 0, 0.2]
						},
						"1.0": {
							"vector": [0, 0, 0]
						}
					}
				},
				"segment3": {
					"rotation": {
						"0.0": {
							"vector": [0, 0, 0]
						},
						"0.25": {
							"vector": [0, 4, 0]
						},
						"1.0": {
							"vector": [0, 0, 0]
						}
					},
					"position": {
						"0.0": {
							"vector": [0, 0, 0]
						},
						"0.25": {
							"vector": [0, 0, 0.1]
						},
						"1.0": {
							"vector": [0, 0, 0]
						}
					}
				},
				"segment13": {
					"position": {
						"vector": [0.1, 0, 0]
					}
				},
				"segment14": {
					"position": {
						"vector": [0.1, 0, 0]
					}
				}
			}
		},
		"animation.bloodworm.attacking": {
			"animation_length": 1,
			"bones": {
				"bloodworm": {
					"rotation": {
						"0.0": {
							"vector": [0, 0, 0]
						},
						"0.3333": {
							"vector": [0, 0, -1]
						},
						"0.5417": {
							"vector": [0, 0, 0.31]
						},
						"1.0": {
							"vector": [0, 0, 0]
						}
					},
					"position": {
						"0.0": {
							"vector": [1.9, 0, 0]
						},
						"0.3333": {
							"vector": [1.5, 0.1, -0.3]
						},
						"0.5417": {
							"vector": [1.31, -0.23, 0.2]
						},
						"1.0": {
							"vector": [1.9, 0, 0]
						}
					}
				},
				"backsegment": {
					"rotation": {
						"0.0": {
							"vector": [0, 6.5, 0]
						},
						"0.5": {
							"vector": [0, -6.5, 0]
						},
						"1.0": {
							"vector": [0, 6.5, 0]
						}
					},
					"position": {
						"0.0": {
							"vector": [1.1, 0, 0.4]
						},
						"0.5": {
							"vector": [0.7, 0, 0.3]
						},
						"1.0": {
							"vector": [1.1, 0, 0.4]
						}
					}
				},
				"midbacksegment": {
					"rotation": {
						"0.0": {
							"vector": [-2.35851, -0.9167, -3.99695]
						},
						"0.5": {
							"vector": [3.6833, 2.53686, -7.98827]
						},
						"1.0": {
							"vector": [-2.35851, -0.9167, -3.99695]
						}
					},
					"position": {
						"0.0": {
							"vector": [1.2, 0, -0.11]
						},
						"0.5": {
							"vector": [0.8, 0, 0.9]
						},
						"1.0": {
							"vector": [1.2, 0, -0.11]
						}
					},
					"scale": {
						"0.0": {
							"vector": [1.15, 1, 1]
						},
						"0.5": {
							"vector": [1.13, 1, 1]
						},
						"1.0": {
							"vector": [1.15, 1, 1]
						}
					}
				},
				"midfrontsegment": {
					"rotation": {
						"0.0": {
							"vector": [0, -2, 0]
						},
						"0.4583": {
							"vector": [-0.34919, 3.98475, -5.01215]
						},
						"0.625": {
							"vector": [-0.24162, 1.1433, -3.46573]
						},
						"1.0": {
							"vector": [0, -2, 0]
						}
					},
					"position": {
						"0.0": {
							"vector": [-1.5, -0.5, 0.1]
						},
						"0.4583": {
							"vector": [-1.6, 0.1, 0.1]
						},
						"0.625": {
							"vector": [-1.2, -0.12, 0.2]
						},
						"1.0": {
							"vector": [-1.5, -0.5, 0.1]
						}
					}
				},
				"segment1": {
					"rotation": {
						"vector": [0, 0, -20.42]
					},
					"position": {
						"vector": [1.2, 1.51, 0]
					},
					"scale": {
						"vector": [1.21, 1, 1]
					}
				},
				"frontsegment": {
					"rotation": {
						"0.0": {
							"vector": [-2.67893, 2.9715, -42.0695]
						},
						"0.3333": {
							"vector": [9.16248, 0.0986, -43.45482]
						},
						"0.6667": {
							"vector": [-4.92657, -5.90904, -45.74026]
						},
						"1.0": {
							"vector": [-2.67893, 2.9715, -42.0695]
						}
					},
					"position": {
						"0.0": {
							"vector": [-1.8, 7, 0]
						},
						"0.3333": {
							"vector": [-2.6, 7.3, -0.3]
						},
						"0.6667": {
							"vector": [-2.1, 7.2, 0.4]
						},
						"1.0": {
							"vector": [-1.8, 7, 0]
						}
					},
					"scale": {
						"0.0": {
							"vector": [1, 1.28, 1.13]
						},
						"0.5": {
							"vector": [0.7, 0.91, 0.68]
						},
						"1.0": {
							"vector": [1, 1.28, 1.13]
						}
					}
				},
				"segment22": {
					"rotation": {
						"0.0": {
							"vector": [0, 0, 0]
						},
						"0.3333": {
							"vector": [-2.67, 0, 0]
						},
						"0.4583": {
							"vector": [-4.95353, -0.08636, -0.99626]
						},
						"0.625": {
							"vector": [-8, 0, 0]
						},
						"1.0": {
							"vector": [0, 0, 0]
						}
					}
				},
				"segment3": {
					"rotation": {
						"0.0": {
							"vector": [0, 0, -6]
						},
						"0.375": {
							"vector": [0, 0, 3]
						},
						"1.0": {
							"vector": [0, 0, -6]
						}
					},
					"position": {
						"0.0": {
							"vector": [0, 0.1, 0]
						},
						"0.375": {
							"vector": [0, -0.1, 0]
						},
						"0.5": {
							"vector": [0.1, -0.11, 0]
						},
						"1.0": {
							"vector": [0, 0.1, 0]
						}
					}
				},
				"segment7": {
					"rotation": {
						"0.0": {
							"vector": [0, 0, -65]
						},
						"0.3333": {
							"vector": [0, 5, -65]
						},
						"0.5417": {
							"vector": [0, -5.5625, -65]
						},
						"1.0": {
							"vector": [0, 0, -65]
						}
					},
					"position": {
						"0.0": {
							"vector": [0.2, 6.3, 0]
						},
						"0.3333": {
							"vector": [0.2, 6.3, -0.2]
						},
						"0.5417": {
							"vector": [0.3, 6.2, 0.1]
						},
						"1.0": {
							"vector": [0.2, 6.3, 0]
						}
					},
					"scale": {
						"vector": [1.44, 1, 1]
					}
				},
				"segment6": {
					"rotation": {
						"vector": [0, 0, -45]
					},
					"position": {
						"vector": [0.9, 4.2, 0]
					}
				},
				"segment5": {
					"rotation": {
						"vector": [0, 0, -45]
					},
					"position": {
						"vector": [1.2, 3.1, 0]
					},
					"scale": {
						"vector": [1.13, 1, 1]
					}
				},
				"segment2": {
					"rotation": {
						"vector": [0, 0, -29.5]
					},
					"position": {
						"vector": [1.3, 2.4, 0]
					}
				},
				"segment13": {
					"position": {
						"vector": [0.1, 0, 0]
					},
					"scale": {
						"0.0": {
							"vector": [1, 1, 1]
						},
						"0.25": {
							"vector": [1.19, 1, 1]
						}
					}
				}
			}
		},
		"animation.bloodworm.hang": {
			"animation_length": 1,
			"bones": {
				"bloodworm": {
					"rotation": {
						"0.0": {
							"vector": [0, -90, -98.3]
						},
						"0.5": {
							"vector": [0, -90, -79.5]
						},
						"1.0": {
							"vector": [0, -90, -98.3]
						}
					},
					"position": {
						"0.0": {
							"vector": [1.22, 6.9, 0]
						},
						"0.5": {
							"vector": [-2.1, 6.9, 0]
						},
						"1.0": {
							"vector": [1.22, 6.9, 0]
						}
					}
				},
				"backsegment": {
					"rotation": {
						"0.0": {
							"vector": [0.90845, 6.43647, 8.05108]
						},
						"0.5": {
							"vector": [0, -6.5, 0]
						},
						"1.0": {
							"vector": [0.90845, 6.43647, 8.05108]
						}
					},
					"position": {
						"0.0": {
							"vector": [0.1, 0.8, 0.4]
						},
						"0.5": {
							"vector": [0, -0.7, 0.3]
						},
						"1.0": {
							"vector": [0.1, 0.8, 0.4]
						}
					}
				},
				"midbacksegment": {
					"rotation": {
						"0.0": {
							"vector": [-3.04071, -0.86825, 2.49686]
						},
						"0.5": {
							"vector": [4, 2, 0]
						},
						"1.0": {
							"vector": [-3.04071, -0.86825, 2.49686]
						}
					},
					"position": {
						"0.0": {
							"vector": [0, 0.5, -0.2]
						},
						"0.5": {
							"vector": [0, -0.6, 0.9]
						},
						"1.0": {
							"vector": [0, 0.5, -0.2]
						}
					}
				},
				"midfrontsegment": {
					"rotation": {
						"0.0": {
							"vector": [0, -2, 0]
						},
						"0.4583": {
							"vector": [-0.93522, 3.88931, -13.53175]
						},
						"0.625": {
							"vector": [-0.24162, 1.1433, -3.46573]
						},
						"1.0": {
							"vector": [0, -2, 0]
						}
					},
					"position": {
						"0.0": {
							"vector": [0, 0, 0.1]
						},
						"0.4583": {
							"vector": [0, 0.8, 0.1]
						},
						"0.625": {
							"vector": [0, 0.28, 0.2]
						},
						"1.0": {
							"vector": [0, 0, 0.1]
						}
					}
				},
				"segment1": {
					"rotation": {
						"0.0": {
							"vector": [0, 0, -3]
						},
						"0.5": {
							"vector": [0, 0, 4]
						},
						"1.0": {
							"vector": [0, 0, -3]
						}
					},
					"position": {
						"0.0": {
							"vector": [0, 0.1, 0]
						},
						"0.5": {
							"vector": [0, 0.2, 0]
						},
						"1.0": {
							"vector": [0, 0.1, 0]
						}
					}
				},
				"frontsegment": {
					"rotation": {
						"0.0": {
							"vector": [0, 4, 0]
						},
						"0.3333": {
							"vector": [6.15928, 1.99501, -8.67957]
						},
						"0.6667": {
							"vector": [-10.63808, -3.49764, -9.64455]
						},
						"1.0": {
							"vector": [0, 4, 0]
						}
					},
					"position": {
						"0.0": {
							"vector": [0, 0, 0]
						},
						"0.3333": {
							"vector": [0, 0.8, 0]
						},
						"0.6667": {
							"vector": [0, 0.5, 0]
						},
						"1.0": {
							"vector": [0, 0, 0]
						}
					}
				},
				"segment22": {
					"rotation": {
						"0.0": {
							"vector": [0, 0, 0]
						},
						"0.3333": {
							"vector": [-2.67, 0, 0]
						},
						"0.4583": {
							"vector": [-4.95353, -0.08636, -0.99626]
						},
						"0.625": {
							"vector": [-8, 0, 0]
						},
						"1.0": {
							"vector": [0, 0, 0]
						}
					}
				},
				"Rotatehang": {
					"rotation": {
						"0.0": {
							"vector": [0, 90, 0]
						},
						"0.3333": {
							"vector": [0, 90, -3]
						},
						"0.6667": {
							"vector": [0, 90, 2.5]
						},
						"1.0": {
							"vector": [0, 90, 0]
						}
					},
					"position": {
						"0.0": {
							"vector": [0, 0, 0]
						},
						"0.3333": {
							"vector": [0.7, 0, 0]
						},
						"0.6667": {
							"vector": [-0.5, 0, 0]
						},
						"1.0": {
							"vector": [0, 0, 0]
						}
					}
				},
				"segment9": {
					"scale": {
						"vector": [1.14, 1, 1]
					}
				},
				"segment7": {
					"rotation": {
						"vector": [0, 4, 0]
					},
					"position": {
						"vector": [0.1, 0, -0.1]
					}
				}
			}
		}
	},
	"geckolib_format_version": 2
}