{
	"format_version": "1.8.0",
	"animations": {
		"animation.centipedeevictor.idle": {
			"animation_length": 0.95833,
			"bones": {
				"frontbody": {
					"rotation": {
						"0.0": {
							"vector": [0, 0, 0]
						},
						"0.4167": {
							"vector": [1, 0, 0]
						},
						"0.9583": {
							"vector": [0, 0, 0]
						}
					},
					"scale": {
						"0.0": {
							"vector": [1, 1, 1]
						},
						"0.9583": {
							"vector": [1, 1, 1]
						}
					}
				},
				"sockets": {
					"rotation": {
						"0.0": {
							"vector": [0, 0, 0]
						},
						"0.4167": {
							"vector": [0, 0, 0]
						},
						"0.9583": {
							"vector": [0, 0, 0]
						}
					}
				},
				"mainabdomen": {
					"scale": {
						"0.0": {
							"vector": [1, 1, 1]
						},
						"0.4167": {
							"vector": [1, 0.95, 1.12]
						},
						"0.9583": {
							"vector": [1, 1, 1]
						}
					}
				},
				"horrorcentipede": {
					"position": {
						"vector": [0, 0, 0]
					}
				},
				"R2": {
					"rotation": {
						"vector": [-10.69566, -0.95775, -3.8956]
					}
				},
				"R5": {
					"position": {
						"vector": [0.1, 0, 0]
					}
				},
				"R11": {
					"position": {
						"vector": [0.1, 0, 0]
					}
				}
			}
		},
		"animation.centipedeevictor.grab": {
			"animation_length": 0.95833,
			"bones": {
				"L4": {
					"rotation": {
						"vector": [-9.67796, 12.22362, -10.33622]
					},
					"position": {
						"vector": [0.1, 0, 0]
					}
				},
				"R4": {
					"rotation": {
						"vector": [-22.8223, -8.08814, 21.51127]
					},
					"position": {
						"vector": [0.2, 0, 0]
					}
				},
				"frontbody": {
					"rotation": {
						"0.0": {
							"vector": [0, 0, 0]
						},
						"0.4167": {
							"vector": [1, 0, 0]
						},
						"0.9583": {
							"vector": [0, 0, 0]
						}
					},
					"scale": {
						"0.0": {
							"vector": [1, 1, 1]
						},
						"0.9583": {
							"vector": [1, 1, 1]
						}
					}
				},
				"sockets": {
					"rotation": {
						"0.0": {
							"vector": [0, 0, 0]
						},
						"0.4167": {
							"vector": [0, 0, 0]
						},
						"0.9583": {
							"vector": [0, 0, 0]
						}
					}
				},
				"mainabdomen": {
					"scale": {
						"0.0": {
							"vector": [1, 1, 1]
						},
						"0.4167": {
							"vector": [1, 0.95, 1.12]
						},
						"0.9583": {
							"vector": [1, 1, 1]
						}
					}
				},
				"horrorcentipede": {
					"rotation": {
						"vector": [-90, 0, 0]
					},
					"position": {
						"vector": [0, 8.6, 2]
					}
				},
				"L1": {
					"rotation": {
						"vector": [-14.79473, -4.85603, 25.95329]
					},
					"position": {
						"vector": [0.1, 0.3, 0]
					}
				},
				"R1": {
					"rotation": {
						"vector": [-21.41762, -5.52173, -33.42897]
					},
					"position": {
						"vector": [-0.7, 0.1, 0]
					}
				},
				"L3": {
					"rotation": {
						"vector": [-23.02827, 2.76132, -1.1731]
					}
				},
				"R3": {
					"rotation": {
						"vector": [-23.01256, 1.84095, -0.78173]
					}
				},
				"R2": {
					"rotation": {
						"vector": [-10.69566, -0.95775, -3.8956]
					}
				},
				"R9": {
					"rotation": {
						"vector": [0, 6, 0]
					}
				},
				"L14": {
					"rotation": {
						"vector": [0, -7, 0]
					}
				},
				"L13": {
					"rotation": {
						"vector": [0, 8, 0]
					}
				},
				"R12": {
					"rotation": {
						"vector": [0, -4, 0]
					}
				},
				"L11": {
					"position": {
						"vector": [-0.1, 0, 0]
					}
				},
				"R5": {
					"position": {
						"vector": [0.1, 0, 0]
					}
				}
			}
		},
		"animation.centipedeevictor.death": {
			"animation_length": 0.95833,
			"bones": {
				"L4": {
					"rotation": {
						"0.0": {
							"vector": [-7.71924, -14.40437, 0.6492]
						},
						"0.375": {
							"vector": [-9.71924, -14.40437, 0.6492]
						},
						"0.4583": {
							"vector": [-9.83686, 13.13277, -8.5431]
						},
						"0.9583": {
							"vector": [-7.71924, -14.40437, 0.6492]
						}
					}
				},
				"R4": {
					"rotation": {
						"0.0": {
							"vector": [-6.49757, 14.7775, -2.90864]
						},
						"0.375": {
							"vector": [-9.49757, 14.7775, -2.90864]
						},
						"0.5833": {
							"vector": [-10.05133, -26.72576, 3.87686]
						},
						"0.9583": {
							"vector": [-6.49757, 14.7775, -2.90864]
						}
					}
				},
				"frontbody": {
					"rotation": {
						"0.0": {
							"vector": [0, 0, 0]
						},
						"0.4167": {
							"vector": [1, 0, 0]
						},
						"0.9583": {
							"vector": [0, 0, 0]
						}
					}
				},
				"sockets": {
					"rotation": {
						"0.0": {
							"vector": [0, 0, 0]
						},
						"0.4167": {
							"vector": [0, 0, 0]
						},
						"0.9583": {
							"vector": [0, 0, 0]
						}
					}
				},
				"mainabdomen": {
					"scale": {
						"0.0": {
							"vector": [1, 1, 1]
						},
						"0.4167": {
							"vector": [1, 0.95, 1.12]
						},
						"0.9583": {
							"vector": [1, 1, 1]
						}
					}
				},
				"horrorcentipede": {
					"rotation": {
						"vector": [-180.5, 0, 0]
					},
					"position": {
						"vector": [0, 1.7, 0]
					}
				},
				"L3": {
					"rotation": {
						"0.0": {
							"vector": [0, 0, 0]
						},
						"0.375": {
							"vector": [0, 0, 7]
						},
						"0.5833": {
							"vector": [0, -6, 6]
						},
						"0.9583": {
							"vector": [0, 0, 0]
						}
					}
				},
				"R3": {
					"rotation": {
						"0.0": {
							"vector": [0, 0, 0]
						},
						"0.375": {
							"vector": [0, 0, -4]
						},
						"0.9583": {
							"vector": [0, 0, 0]
						}
					},
					"position": {
						"vector": [0, -0.3, 0]
					}
				},
				"R2": {
					"rotation": {
						"0.0": {
							"vector": [0, 0, 0]
						},
						"0.375": {
							"vector": [0, 0, -4]
						},
						"0.5833": {
							"vector": [0.0055, 5.99181, -2.88049]
						},
						"0.9583": {
							"vector": [0, 0, 0]
						}
					}
				},
				"L1": {
					"rotation": {
						"0.0": {
							"vector": [0, 0, 0]
						},
						"0.375": {
							"vector": [5.00683, -2.98857, -0.2617]
						},
						"0.5833": {
							"vector": [3.35613, -16.89346, -1.03659]
						},
						"0.9583": {
							"vector": [0, 0, 0]
						}
					}
				},
				"R1": {
					"rotation": {
						"0.0": {
							"vector": [0, 0, 0]
						},
						"0.375": {
							"vector": [-2.02198, 2.8688, -0.87785]
						},
						"0.5833": {
							"vector": [-1.39712, 21.83554, -1.04138]
						},
						"0.9583": {
							"vector": [0, 0, 0]
						}
					}
				},
				"legs2": {
					"rotation": {
						"0.0": {
							"vector": [0, 0, 0]
						},
						"0.5": {
							"vector": [0, 5, 0]
						},
						"0.9583": {
							"vector": [0, 0, 0]
						}
					},
					"position": {
						"0.0": {
							"vector": [0, 0, 0]
						},
						"0.5": {
							"vector": [-0.4, 0.2, 0]
						},
						"0.9583": {
							"vector": [0, 0, 0]
						}
					}
				},
				"L6": {
					"position": {
						"vector": [-0.4, 0, 0]
					}
				}
			}
		},
		"animation.centipedeevictor.scurrying": {
			"animation_length": 1,
			"bones": {
				"horrorcentipede": {
					"rotation": {
						"0.0": {
							"vector": [1, 0, 0]
						},
						"0.25": {
							"vector": [2.8631, 2.98922, 0.25421]
						},
						"0.625": {
							"vector": [2.65532, -2.96296, -0.55558]
						},
						"1.0": {
							"vector": [1, 0, 0]
						}
					},
					"position": {
						"0.0": {
							"vector": [0, 0, 0]
						},
						"0.25": {
							"vector": [0, 0, 0.4]
						},
						"0.5": {
							"vector": [0, 0, -0.6]
						},
						"0.625": {
							"vector": [0, 0, -0.47]
						},
						"0.75": {
							"vector": [0, 0, 0.2]
						},
						"0.875": {
							"vector": [0, 0.1, -0.6]
						},
						"1.0": {
							"vector": [0, 0, 0]
						}
					}
				},
				"L4": {
					"rotation": {
						"0.0": {
							"vector": [1.30876, -8.77476, 3.26523]
						},
						"0.125": {
							"vector": [-24.35958, 8.38649, -32.88398]
						},
						"0.25": {
							"vector": [23.05291, 17.17132, 24.23699]
						},
						"0.3333": {
							"vector": [-3.36212, -1.54969, -0.97752]
						},
						"0.4583": {
							"vector": [8.31099, 14.23189, -6.26431]
						},
						"0.5417": {
							"vector": [-14.09219, 13.58977, -4.42078]
						},
						"0.625": {
							"vector": [-4.06484, -2.06906, -0.69834]
						},
						"0.7083": {
							"vector": [5.08677, 9.61772, 2.43034]
						},
						"0.7917": {
							"vector": [9, 14, 0]
						},
						"0.8333": {
							"vector": [13.11699, 16.56051, 0.36966]
						},
						"0.9167": {
							"vector": [18.21948, 0.64159, 20.2971]
						},
						"1.0": {
							"vector": [1.30876, -8.77476, 3.26523]
						}
					},
					"position": {
						"0.0": {
							"vector": [0.1, 0.1, 0]
						},
						"0.1667": {
							"vector": [-0.2, 0.4, 0]
						},
						"0.7083": {
							"vector": [0.1, 0.1, 0]
						},
						"0.8333": {
							"vector": [-0.2, 0.4, 0]
						},
						"1.0": {
							"vector": [0.1, 0.1, 0]
						}
					}
				},
				"L3": {
					"rotation": {
						"0.0": {
							"vector": [0, 19, -17.5]
						},
						"0.0417": {
							"vector": [2.23496, 12.47111, -1.42244]
						},
						"0.125": {
							"vector": [0, 0, 0]
						},
						"0.2083": {
							"vector": [-1.08019, 28.3621, -16.43962]
						},
						"0.2917": {
							"vector": [3.37377, 26.60633, 0.61461]
						},
						"0.4167": {
							"vector": [0, 0, 0]
						},
						"0.5": {
							"vector": [0, 19, -17.5]
						},
						"0.5833": {
							"vector": [-0.10882, 18.33683, 1.63456]
						},
						"0.6667": {
							"vector": [0, 0, 0]
						},
						"0.75": {
							"vector": [-1.08019, 28.3621, -16.43962]
						},
						"0.8333": {
							"vector": [3.37377, 26.60633, 0.61461]
						},
						"0.9167": {
							"vector": [0, 0, 0]
						},
						"1.0": {
							"vector": [0, 19, -17.5]
						}
					},
					"position": {
						"0.0": {
							"vector": [-0.2, 0, 0]
						},
						"0.5833": {
							"vector": [-0.2, -0.3, 0]
						},
						"1.0": {
							"vector": [-0.2, 0, 0]
						}
					}
				},
				"R3": {
					"rotation": {
						"0.0": {
							"vector": [0, 15, 0]
						},
						"0.0833": {
							"vector": [5.13703, -12.33234, -6.53067]
						},
						"0.1667": {
							"vector": [5.09707, 10.08026, -4.53626]
						},
						"0.25": {
							"vector": [0, 15, 0]
						},
						"0.2917": {
							"vector": [3.34071, -6.15009, 11.67581]
						},
						"0.3333": {
							"vector": [0, 15, 0]
						},
						"0.4167": {
							"vector": [5.13703, -12.33234, -6.53067]
						},
						"0.5": {
							"vector": [5.09707, 10.08026, -4.53626]
						},
						"0.5417": {
							"vector": [0, 15, 0]
						},
						"0.625": {
							"vector": [3.2056, 0.83853, 12.09739]
						},
						"0.6667": {
							"vector": [0, 15, 0]
						},
						"0.75": {
							"vector": [5.13703, -12.33234, -6.53067]
						},
						"0.8333": {
							"vector": [5.09707, 10.08026, -4.53626]
						},
						"0.875": {
							"vector": [0, 15, 0]
						},
						"0.9583": {
							"vector": [3.34071, -6.15009, 11.67581]
						},
						"1.0": {
							"vector": [0, 15, 0]
						}
					},
					"position": {
						"0.0": {
							"vector": [0, 0, -0.3]
						},
						"0.0833": {
							"vector": [0, -0.1, -0.5]
						},
						"0.4583": {
							"vector": [0, -0.16, -0.6]
						},
						"0.625": {
							"vector": [0.2, -0.06, -0.49]
						},
						"0.6667": {
							"vector": [0, -0.04, -0.46]
						},
						"0.7917": {
							"vector": [0, -0.12, -0.57]
						},
						"0.9167": {
							"vector": [0.2, -0.02, -0.35]
						},
						"1.0": {
							"vector": [0, 0, -0.3]
						}
					}
				},
				"R2": {
					"rotation": {
						"0.0": {
							"vector": [0, -12, 0]
						},
						"0.0833": {
							"vector": [-5.04212, 8.89429, -1.94621]
						},
						"0.1667": {
							"vector": [-5.49503, -9.08949, 23.11622]
						},
						"0.25": {
							"vector": [0, -12, 0]
						},
						"0.3333": {
							"vector": [-0.12847, 20.47606, -4.91429]
						},
						"0.4167": {
							"vector": [-4.95046, -8.68701, 18.3673]
						},
						"0.5": {
							"vector": [0, -12, 0]
						},
						"0.5833": {
							"vector": [-0.09838, 18.47901, -4.80159]
						},
						"0.6667": {
							"vector": [-6.01434, -11.21401, 21.87355]
						},
						"0.75": {
							"vector": [0, -12, 0]
						},
						"0.8333": {
							"vector": [-0.03314, 12.48758, -4.47429]
						},
						"0.9167": {
							"vector": [-2.03682, -4.7842, 24.11939]
						},
						"1.0": {
							"vector": [0, -12, 0]
						}
					},
					"position": {
						"0.0": {
							"vector": [0.1, 0, 0.2]
						},
						"0.0833": {
							"vector": [0.24, -0.1, 0.23]
						},
						"0.1667": {
							"vector": [0.48, 0, 0.05]
						},
						"0.25": {
							"vector": [0.27, 0, 0.07]
						},
						"0.3333": {
							"vector": [-0.15, 0, 0.09]
						},
						"0.4167": {
							"vector": [0.23, 0, 0.04]
						},
						"0.5": {
							"vector": [0, 0, 0]
						},
						"0.5833": {
							"vector": [0.11, -0.1, 0.06]
						},
						"0.625": {
							"vector": [0.17, 0, 0.09]
						},
						"0.7083": {
							"vector": [0.31, 0, -0.19]
						},
						"0.75": {
							"vector": [0.22, -0.1, 0.1]
						},
						"0.8333": {
							"vector": [0.25, -0.1, 0.09]
						},
						"0.875": {
							"vector": [0.37, -0.1, 0.07]
						},
						"0.9167": {
							"vector": [0.38, 0, 0.05]
						},
						"1.0": {
							"vector": [0.1, 0, 0.2]
						}
					}
				},
				"L1": {
					"rotation": {
						"0.0": {
							"vector": [1.88089, -3.51878, -2.09394]
						},
						"0.0417": {
							"vector": [0, -20, 0]
						},
						"0.125": {
							"vector": [-0.63987, -10.63411, -15.73116]
						},
						"0.2083": {
							"vector": [2.32571, 3.63308, -0.91672]
						},
						"0.3333": {
							"vector": [0, -4, 0]
						},
						"0.4167": {
							"vector": [0, -7, -17.5]
						},
						"0.5": {
							"vector": [-0.08863, 3.33685, 1.66719]
						},
						"0.5833": {
							"vector": [0, -12, 0]
						},
						"0.6667": {
							"vector": [-0.66388, -4.63449, -15.80348]
						},
						"0.75": {
							"vector": [2.25881, 0.63548, -1.05407]
						},
						"0.8333": {
							"vector": [0, -18, 0]
						},
						"0.9167": {
							"vector": [0, -7.5, -17.5]
						},
						"1.0": {
							"vector": [1.88089, -3.51878, -2.09394]
						}
					},
					"position": {
						"0.0": {
							"vector": [0, 0, 0]
						},
						"0.125": {
							"vector": [-0.04, 0.3, 0]
						},
						"0.2083": {
							"vector": [0.07, 0.18, -0.3]
						},
						"0.2917": {
							"vector": [0.11, 0.14, -0.4]
						},
						"0.4167": {
							"vector": [-0.09, 0.09, -0.27]
						},
						"0.5833": {
							"vector": [-0.16, -0.27, -0.09]
						},
						"0.6667": {
							"vector": [-0.2, 0, -0.1]
						},
						"0.8333": {
							"vector": [0.13, 0, -0.03]
						},
						"0.9167": {
							"vector": [-0.3, 0, 0]
						},
						"1.0": {
							"vector": [0, 0, 0]
						}
					}
				},
				"R1": {
					"rotation": {
						"0.0": {
							"vector": [0, 5, 0]
						},
						"0.0417": {
							"vector": [-4.88719, 18.85697, -2.8242]
						},
						"0.125": {
							"vector": [-4.76803, 8.8399, 21.35936]
						},
						"0.2083": {
							"vector": [0, 7, 0]
						},
						"0.2917": {
							"vector": [-0.12862, 28.47604, -4.93223]
						},
						"0.375": {
							"vector": [-4.32756, 8.25836, 16.86523]
						},
						"0.4583": {
							"vector": [0, -3, 0]
						},
						"0.5417": {
							"vector": [-0.09823, 28.479, -4.81872]
						},
						"0.625": {
							"vector": [-5.06837, 9.69072, 19.65272]
						},
						"0.7083": {
							"vector": [0, 1, 0]
						},
						"0.7917": {
							"vector": [-0.03253, 27.48758, -4.48288]
						},
						"0.875": {
							"vector": [-1.83052, 11.20684, 23.54378]
						},
						"0.9583": {
							"vector": [0, 18, 0]
						},
						"1.0": {
							"vector": [0, 5, 0]
						}
					},
					"position": {
						"0.0": {
							"vector": [0, 0.2, 0]
						},
						"0.0417": {
							"vector": [-0.28, 0.2, 0.01]
						},
						"0.1667": {
							"vector": [0.18, 0.5, -0.05]
						},
						"0.25": {
							"vector": [-0.03, 0.4, -0.43]
						},
						"0.3333": {
							"vector": [-0.05, 0.2, -0.11]
						},
						"0.4167": {
							"vector": [0.13, 0.2, 0.04]
						},
						"0.5": {
							"vector": [-0.2, 0, 0]
						},
						"0.5833": {
							"vector": [-0.09, 0.2, 0.06]
						},
						"0.625": {
							"vector": [0.27, 0, 0.09]
						},
						"0.7083": {
							"vector": [0.01, 0, -0.19]
						},
						"0.75": {
							"vector": [-0.08, 0.3, -0.1]
						},
						"0.8333": {
							"vector": [-0.15, 0.5, 0.09]
						},
						"0.875": {
							"vector": [0.21, 0.25, 0.07]
						},
						"0.9167": {
							"vector": [0.18, 0, 0.05]
						},
						"1.0": {
							"vector": [0, 0.2, 0]
						}
					}
				},
				"R4": {
					"rotation": {
						"0.0": {
							"vector": [14.54263, 3.1445, -5.42188]
						},
						"0.0833": {
							"vector": [0.57077, -0.9208, -4.9367]
						},
						"0.2083": {
							"vector": [0, 15, 0]
						},
						"0.3333": {
							"vector": [7.36038, 1.04124, 5.90421]
						},
						"0.4167": {
							"vector": [3.98692, -5.85761, -5.93796]
						},
						"0.5": {
							"vector": [2.09707, 10.08026, -4.53626]
						},
						"0.625": {
							"vector": [28.76244, 2.7516, -12.78963]
						},
						"0.6667": {
							"vector": [-12.51538, -5.72436, 6.19295]
						},
						"0.75": {
							"vector": [4.9111, -2.37063, -5.62727]
						},
						"0.7917": {
							"vector": [5.05674, 4.3524, -5.0409]
						},
						"0.8333": {
							"vector": [5.09707, 10.08026, -4.53626]
						},
						"0.875": {
							"vector": [0, 12, 0]
						},
						"0.9583": {
							"vector": [3.16366, 6.82928, 12.43318]
						},
						"1.0": {
							"vector": [14.54263, 3.1445, -5.42188]
						}
					},
					"position": {
						"0.0": {
							"vector": [0, 0, -0.3]
						},
						"0.0833": {
							"vector": [0, 0, -0.3]
						},
						"0.1667": {
							"vector": [0, 0, -0.3]
						},
						"0.25": {
							"vector": [0, 0, -0.3]
						},
						"0.2917": {
							"vector": [0, 0, -0.3]
						},
						"0.375": {
							"vector": [0, -0.1, -0.5]
						},
						"0.75": {
							"vector": [0, -0.16, -0.6]
						},
						"0.9583": {
							"vector": [0, -0.04, -0.46]
						},
						"1.0": {
							"vector": [0, 0, -0.3]
						}
					}
				},
				"frontbody": {
					"rotation": {
						"0.0": {
							"vector": [0, 0, 0]
						},
						"0.3333": {
							"vector": [1, 0, 0]
						},
						"0.6667": {
							"vector": [-1, 0, 0]
						},
						"1.0": {
							"vector": [0, 0, 0]
						}
					},
					"position": {
						"0.0": {
							"vector": [0, 0, 0]
						},
						"0.2083": {
							"vector": [0, 0.07, 0]
						},
						"0.5": {
							"vector": [0, -0.3, 0]
						},
						"1.0": {
							"vector": [0, 0, 0]
						}
					}
				},
				"mainabdomen": {
					"position": {
						"vector": [0, 0.1, 0]
					},
					"scale": {
						"0.0": {
							"vector": [1, 1, 1]
						},
						"0.125": {
							"vector": [1.19, 1.0054, 1.0072]
						},
						"0.5417": {
							"vector": [1, 1.06, 1.08]
						},
						"1.0": {
							"vector": [1, 1, 1]
						}
					}
				},
				"sockets": {
					"position": {
						"0.0": {
							"vector": [0, 0.4, 0]
						},
						"0.2083": {
							"vector": [-0.3, -0.1, 0]
						},
						"0.4167": {
							"vector": [-0.19, 0.16, 0]
						},
						"1.0": {
							"vector": [0, 0.4, 0]
						}
					},
					"scale": {
						"0.0": {
							"vector": [1, 0.8, 1]
						},
						"0.2083": {
							"vector": [0.89, 1, 1]
						},
						"0.4167": {
							"vector": [0.9288, 0.88, 1]
						},
						"1.0": {
							"vector": [1, 0.8, 1]
						}
					}
				},
				"torso": {
					"rotation": {
						"0.0": {
							"vector": [0, 0, -6]
						},
						"0.5": {
							"vector": [0, 0, 4]
						},
						"1.0": {
							"vector": [0, 0, -6]
						}
					}
				},
				"L5": {
					"rotation": {
						"0.0": {
							"vector": [-14.52707, 5.26207, -21.24612]
						},
						"0.125": {
							"vector": [0, 19, -17.5]
						},
						"0.25": {
							"vector": [-5.35116, 17.45606, -2.12521]
						},
						"0.3333": {
							"vector": [-7.05764, -5.8533, 1.52785]
						},
						"0.4167": {
							"vector": [-6.28792, 16.66061, -22.82661]
						},
						"0.5": {
							"vector": [-2.08279, 15.61623, 2.22301]
						},
						"0.625": {
							"vector": [-8, -7, 0]
						},
						"0.75": {
							"vector": [1.2831, 13.03057, -16.07647]
						},
						"0.8333": {
							"vector": [5.3013, 3.53391, 8.6555]
						},
						"0.9167": {
							"vector": [1.91112, -8.71521, 3.54548]
						},
						"1.0": {
							"vector": [-14.52707, 5.26207, -21.24612]
						}
					},
					"position": {
						"0.0": {
							"vector": [-0.1, 0.2, 0]
						},
						"0.125": {
							"vector": [-0.2, 0.4, 0]
						},
						"0.2917": {
							"vector": [0.1, 0.1, 0]
						},
						"0.4167": {
							"vector": [-0.1, 0.1, 0]
						},
						"0.625": {
							"vector": [0.1, 0.1, 0]
						},
						"0.75": {
							"vector": [-0.2, 0.1, 0]
						},
						"0.9167": {
							"vector": [-0.1, 0.1, 0]
						},
						"1.0": {
							"vector": [-0.1, 0.2, 0]
						}
					}
				},
				"L6": {
					"rotation": {
						"0.0": {
							"vector": [0, -9, 0]
						},
						"0.0833": {
							"vector": [-14.28649, 12.43884, -17.3819]
						},
						"0.1667": {
							"vector": [1.49877, 16.43356, 5.16749]
						},
						"0.25": {
							"vector": [4.26175, 10.05478, 7.83761]
						},
						"0.2917": {
							"vector": [3.04772, 1.23221, 4.60028]
						},
						"0.3333": {
							"vector": [1.84086, -7.69677, 3.36012]
						},
						"0.4583": {
							"vector": [-6.1822, 12.68426, -22.3796]
						},
						"0.5417": {
							"vector": [6.07039, 10.03379, 8.48501]
						},
						"0.625": {
							"vector": [-0.35258, -8.99385, 11.03083]
						},
						"0.7917": {
							"vector": [1.2831, 13.03057, -16.07647]
						},
						"0.9167": {
							"vector": [2.31075, -1.59793, 4.22018]
						},
						"1.0": {
							"vector": [0, -9, 0]
						}
					},
					"position": {
						"0.0": {
							"vector": [-0.1, 0, 0]
						},
						"0.1667": {
							"vector": [-0.3, 0.2, 0]
						},
						"0.4583": {
							"vector": [-0.3, 0.13, 0]
						},
						"0.5833": {
							"vector": [-0.03, 0.1, 0]
						},
						"0.75": {
							"vector": [-0.22, 0.06, 0]
						},
						"1.0": {
							"vector": [-0.1, 0, 0]
						}
					}
				},
				"R5": {
					"rotation": {
						"0.0": {
							"vector": [5.09707, 10.08026, -4.53626]
						},
						"0.0417": {
							"vector": [5.19372, 14.06416, -4.16482]
						},
						"0.1667": {
							"vector": [0, 15, 0]
						},
						"0.2917": {
							"vector": [7.36038, 1.04124, 5.90421]
						},
						"0.375": {
							"vector": [4.98692, -5.85761, -5.93796]
						},
						"0.4583": {
							"vector": [4.6309, 10.24986, -6.58285]
						},
						"0.5417": {
							"vector": [0, 12, 0]
						},
						"0.5833": {
							"vector": [16.20506, 5.83049, 12.37284]
						},
						"0.625": {
							"vector": [0, -1, 0]
						},
						"0.7083": {
							"vector": [4.9111, -2.37063, -5.62727]
						},
						"0.75": {
							"vector": [5.05674, 4.3524, -5.0409]
						},
						"0.7917": {
							"vector": [5.09707, 10.08026, -4.53626]
						},
						"0.8333": {
							"vector": [0, 12, 0]
						},
						"0.9167": {
							"vector": [3.16366, 6.82928, 12.43318]
						},
						"0.9583": {
							"vector": [6, -1, 0]
						},
						"1.0": {
							"vector": [5.09707, 10.08026, -4.53626]
						}
					},
					"position": {
						"0.0": {
							"vector": [0, 0.4, -0.3]
						},
						"0.0417": {
							"vector": [0, 0.3, -0.3]
						},
						"0.125": {
							"vector": [0, 0.3, -0.3]
						},
						"0.2083": {
							"vector": [0.2, 0.4, -0.3]
						},
						"0.25": {
							"vector": [0.2, 0.3, -0.3]
						},
						"0.3333": {
							"vector": [0.2, 0, -0.5]
						},
						"0.4583": {
							"vector": [0.15, -0.07, -0.23]
						},
						"0.5833": {
							"vector": [0.4, -0.14, -0.27]
						},
						"0.7083": {
							"vector": [0.1, -0.16, -0.3]
						},
						"0.875": {
							"vector": [0.26, -0.06, -0.13]
						},
						"0.9167": {
							"vector": [0.3, -0.04, -0.26]
						},
						"1.0": {
							"vector": [0, 0.4, -0.3]
						}
					}
				},
				"L7": {
					"rotation": {
						"0.0": {
							"vector": [2.23496, 12.47111, -1.42244]
						},
						"0.0833": {
							"vector": [0, 0, 0]
						},
						"0.1667": {
							"vector": [-1.08019, 28.3621, -16.43962]
						},
						"0.25": {
							"vector": [3.37377, 26.60633, 0.61461]
						},
						"0.375": {
							"vector": [0, 0, 0]
						},
						"0.4583": {
							"vector": [0, 19, -17.5]
						},
						"0.5417": {
							"vector": [-0.10882, 18.33683, 1.63456]
						},
						"0.625": {
							"vector": [0, 0, 0]
						},
						"0.7083": {
							"vector": [-1.08019, 28.3621, -16.43962]
						},
						"0.7917": {
							"vector": [3.37377, 26.60633, 0.61461]
						},
						"0.875": {
							"vector": [0, 0, 0]
						},
						"0.9583": {
							"vector": [0, 19, -17.5]
						},
						"1.0": {
							"vector": [2.23496, 12.47111, -1.42244]
						}
					},
					"position": {
						"0.0": {
							"vector": [-0.2, 0, 0]
						},
						"0.4167": {
							"vector": [-0.3, -0.1, 0]
						},
						"0.5": {
							"vector": [-0.29, -0.19, 0]
						},
						"0.5833": {
							"vector": [-0.27, -0.36, 0]
						},
						"1.0": {
							"vector": [-0.2, 0, 0]
						}
					}
				},
				"R6": {
					"rotation": {
						"0.0": {
							"vector": [0, -12, 0]
						},
						"0.0417": {
							"vector": [0, -12, 0]
						},
						"0.125": {
							"vector": [-5.04212, 8.89429, -1.94621]
						},
						"0.2083": {
							"vector": [-5.49503, -9.08949, 23.11622]
						},
						"0.2917": {
							"vector": [0, -12, 0]
						},
						"0.375": {
							"vector": [-0.10325, 7.49585, -4.1953]
						},
						"0.4583": {
							"vector": [-4.95046, -8.68701, 18.3673]
						},
						"0.5417": {
							"vector": [0, -12, 0]
						},
						"0.625": {
							"vector": [-0.07825, 11.48955, -4.41692]
						},
						"0.7083": {
							"vector": [-6.01434, -11.21401, 21.87355]
						},
						"0.7917": {
							"vector": [0, -12, 0]
						},
						"0.875": {
							"vector": [-0.03314, 12.48758, -4.47429]
						},
						"0.9583": {
							"vector": [-2.03682, -4.7842, 24.11939]
						},
						"1.0": {
							"vector": [0, -12, 0]
						}
					},
					"position": {
						"0.0": {
							"vector": [0.2, 0, 0]
						},
						"0.0417": {
							"vector": [0.2, 0, 0]
						},
						"0.2083": {
							"vector": [0.48, 0, 0.05]
						},
						"0.2917": {
							"vector": [0.27, 0, 0.07]
						},
						"0.375": {
							"vector": [-0.15, 0, 0.09]
						},
						"0.4583": {
							"vector": [0.13, 0, 0.04]
						},
						"0.5417": {
							"vector": [-0.1, 0, 0]
						},
						"0.625": {
							"vector": [0.08, -0.1, 0.06]
						},
						"0.6667": {
							"vector": [0.47, 0, 0.09]
						},
						"0.75": {
							"vector": [0.31, 0, -0.19]
						},
						"0.8333": {
							"vector": [0.2, -0.1, 0]
						},
						"0.875": {
							"vector": [0.15, 0, 0.09]
						},
						"0.9583": {
							"vector": [0.38, 0, 0.05]
						},
						"1.0": {
							"vector": [0.2, 0, 0]
						}
					}
				},
				"L8": {
					"rotation": {
						"0.0": {
							"vector": [2.23496, 12.47111, -1.42244]
						},
						"0.0417": {
							"vector": [0, 0, 0]
						},
						"0.125": {
							"vector": [-0.99488, 16.36405, -16.20673]
						},
						"0.2083": {
							"vector": [3.37377, 26.60633, 0.61461]
						},
						"0.3333": {
							"vector": [0, -6, 0]
						},
						"0.4167": {
							"vector": [1.15272, 13.94967, -12.36917]
						},
						"0.5": {
							"vector": [-0.10882, 18.33683, 1.63456]
						},
						"0.5833": {
							"vector": [0, 0, 0]
						},
						"0.6667": {
							"vector": [0.65081, 19.37931, -10.99291]
						},
						"0.75": {
							"vector": [3.37377, 26.60633, 0.61461]
						},
						"0.8333": {
							"vector": [0, 0, 0]
						},
						"0.9167": {
							"vector": [0, 19, -17.5]
						},
						"1.0": {
							"vector": [2.23496, 12.47111, -1.42244]
						}
					},
					"position": {
						"0.0": {
							"vector": [0, 0, 0.1]
						},
						"0.125": {
							"vector": [-0.25, 0, -0.04]
						},
						"0.2917": {
							"vector": [0.04, 0, -0.09]
						},
						"0.4167": {
							"vector": [-0.16, 0, -0.12]
						},
						"0.5": {
							"vector": [0, 0, -0.14]
						},
						"0.5833": {
							"vector": [-0.04, 0, -0.17]
						},
						"0.7083": {
							"vector": [-0.3, 0, -0.2]
						},
						"0.8333": {
							"vector": [-0.3, 0, 0]
						},
						"0.9167": {
							"vector": [-0.4, 0, 0]
						},
						"1.0": {
							"vector": [0, 0, 0.1]
						}
					}
				},
				"R8": {
					"rotation": {
						"0.0": {
							"vector": [7.20788, -12.47591, -8.96024]
						},
						"0.1667": {
							"vector": [-0.42923, -0.9208, -4.9367]
						},
						"0.2917": {
							"vector": [1.39588, 5.02053, -1.14074]
						},
						"0.3333": {
							"vector": [0, 3, 0]
						},
						"0.375": {
							"vector": [2.45356, 1.34712, 1.94185]
						},
						"0.4583": {
							"vector": [7.81822, -17.87906, 4.0988]
						},
						"0.5417": {
							"vector": [0.98692, -5.85761, -5.93796]
						},
						"0.625": {
							"vector": [3.11108, -0.90652, -5.07634]
						},
						"0.7083": {
							"vector": [14.35631, -14.61196, -8.87048]
						},
						"0.7917": {
							"vector": [-0.47597, -15.41397, -3.04404]
						},
						"0.9167": {
							"vector": [5.09707, 10.08026, -4.53626]
						},
						"1.0": {
							"vector": [7.20788, -12.47591, -8.96024]
						}
					},
					"position": {
						"0.0": {
							"vector": [0, 0, -0.3]
						},
						"0.0417": {
							"vector": [0, 0, -0.3]
						},
						"0.1667": {
							"vector": [0, 0, -0.3]
						},
						"0.2917": {
							"vector": [0, 0, -0.3]
						},
						"0.375": {
							"vector": [0, 0, -0.3]
						},
						"0.4167": {
							"vector": [0, 0, -0.3]
						},
						"0.5": {
							"vector": [0, -0.1, -0.5]
						},
						"0.875": {
							"vector": [0, -0.16, -0.6]
						},
						"1.0": {
							"vector": [0, 0, -0.3]
						}
					}
				},
				"L11": {
					"rotation": {
						"0.0": {
							"vector": [1.30876, -8.77476, 3.26523]
						},
						"0.0417": {
							"vector": [1.30876, -8.77476, 3.26523]
						},
						"0.1667": {
							"vector": [-26.41032, 14.4632, -36.91996]
						},
						"0.2917": {
							"vector": [-23.37908, 18.11266, -10.28716]
						},
						"0.375": {
							"vector": [-3.69123, 7.37197, -2.19995]
						},
						"0.5": {
							"vector": [8.50783, 18.22223, -5.92373]
						},
						"0.5833": {
							"vector": [-16.09219, 13.58977, -4.42078]
						},
						"0.6667": {
							"vector": [-4.06484, -2.06906, -0.69834]
						},
						"0.75": {
							"vector": [11.08677, 9.61772, 2.43034]
						},
						"0.8333": {
							"vector": [2.996, 20.25482, -10.9326]
						},
						"0.875": {
							"vector": [0.11699, 16.56051, 0.36966]
						},
						"0.9583": {
							"vector": [18.21948, 0.64159, 20.2971]
						},
						"1.0": {
							"vector": [1.30876, -8.77476, 3.26523]
						}
					},
					"position": {
						"0.0": {
							"vector": [0, 0, 0]
						},
						"0.1667": {
							"vector": [-0.3, 0.3, 0]
						},
						"0.25": {
							"vector": [-0.28, 0.3, 0]
						},
						"0.6667": {
							"vector": [0.11, 0.27, 0]
						},
						"0.8333": {
							"vector": [-0.16, 0.26, 0]
						},
						"1.0": {
							"vector": [0, 0, 0]
						}
					}
				},
				"L2": {
					"rotation": {
						"0.0": {
							"vector": [1.30876, -8.77476, 3.26523]
						},
						"0.0833": {
							"vector": [-12.75026, 7.63019, -18.28869]
						},
						"0.1667": {
							"vector": [-26.41032, 14.4632, -36.91996]
						},
						"0.25": {
							"vector": [-10.44759, 19.44232, -12.35129]
						},
						"0.3333": {
							"vector": [-11.13513, 11.15673, -9.4654]
						},
						"0.4167": {
							"vector": [-3.04738, -5.5092, -0.32834]
						},
						"0.5417": {
							"vector": [8.50783, 18.22223, -5.92373]
						},
						"0.625": {
							"vector": [-6.62224, 14.59087, 0.69369]
						},
						"0.7083": {
							"vector": [-4.11215, -3.76051, 1.56835]
						},
						"0.7917": {
							"vector": [11.08677, 9.61772, 2.43034]
						},
						"0.875": {
							"vector": [2.92172, 27.25322, -11.09961]
						},
						"0.9167": {
							"vector": [1.77449, 21.7786, 4.36194]
						},
						"1.0": {
							"vector": [1.30876, -8.77476, 3.26523]
						}
					},
					"position": {
						"0.0": {
							"vector": [0, 0, 0]
						},
						"0.0417": {
							"vector": [-0.2, 0.1, -0.1]
						},
						"0.0833": {
							"vector": [-0.2, 0.2, 0]
						},
						"0.1667": {
							"vector": [-0.3, 0.3, 0]
						},
						"0.25": {
							"vector": [-0.13, 0.28, -0.3]
						},
						"0.5": {
							"vector": [0.18, 0.21, -0.24]
						},
						"0.5417": {
							"vector": [0, 0.1, -0.4]
						},
						"0.6667": {
							"vector": [0, -0.1, 0]
						},
						"1.0": {
							"vector": [0, 0, 0]
						}
					}
				},
				"L15": {
					"rotation": {
						"0.0": {
							"vector": [-2.69124, -8.77476, 3.26523]
						},
						"0.125": {
							"vector": [-10.20683, 21.462, -20.67079]
						},
						"0.2083": {
							"vector": [-10.25837, 20.97199, -6.5463]
						},
						"0.2917": {
							"vector": [-12.13513, 11.15673, -9.4654]
						},
						"0.375": {
							"vector": [-5.98086, -6.55448, 6.51908]
						},
						"0.5": {
							"vector": [8.52946, 24.20679, -5.49291]
						},
						"0.5833": {
							"vector": [-7.50462, 20.00301, -2.44219]
						},
						"0.6667": {
							"vector": [-6.07483, -2.93483, 6.87574]
						},
						"0.75": {
							"vector": [11.03199, 13.59079, 2.89704]
						},
						"0.8333": {
							"vector": [2.92172, 27.25322, -11.09961]
						},
						"0.875": {
							"vector": [1.77449, 21.7786, 4.36194]
						},
						"1.0": {
							"vector": [-2.69124, -8.77476, 3.26523]
						}
					},
					"position": {
						"0.0": {
							"vector": [0, 0, 0.4]
						},
						"0.1667": {
							"vector": [0, 0.11, 0.3]
						},
						"0.375": {
							"vector": [0.1, -0.09, 0.5]
						},
						"0.5": {
							"vector": [0.28, -0.22, -0.02]
						},
						"0.5833": {
							"vector": [0.4, -0.3, 0.3]
						},
						"0.6667": {
							"vector": [0.32, -0.24, 0.54]
						},
						"0.75": {
							"vector": [0.24, -0.18, -0.09]
						},
						"0.8333": {
							"vector": [0.16, -0.12, 0.04]
						},
						"1.0": {
							"vector": [0, 0, 0.4]
						}
					}
				},
				"L9": {
					"rotation": {
						"0.0": {
							"vector": [0, 19, -17.5]
						},
						"0.0833": {
							"vector": [2.23496, 12.47111, -1.42244]
						},
						"0.1667": {
							"vector": [0, 0, 0]
						},
						"0.25": {
							"vector": [-1.08019, 28.3621, -16.43962]
						},
						"0.3333": {
							"vector": [3.37377, 26.60633, 0.61461]
						},
						"0.4583": {
							"vector": [0, 0, 0]
						},
						"0.5417": {
							"vector": [0, 19, -17.5]
						},
						"0.625": {
							"vector": [-0.10882, 18.33683, 1.63456]
						},
						"0.7083": {
							"vector": [0, 0, 0]
						},
						"0.7917": {
							"vector": [-1.08019, 28.3621, -16.43962]
						},
						"0.875": {
							"vector": [3.37377, 26.60633, 0.61461]
						},
						"0.9583": {
							"vector": [0, 0, 0]
						},
						"1.0": {
							"vector": [0, 19, -17.5]
						}
					},
					"position": {
						"0.0": {
							"vector": [-0.2, 0, 0]
						},
						"1.0": {
							"vector": [-0.2, 0, 0]
						}
					}
				},
				"L10": {
					"rotation": {
						"0.0": {
							"vector": [0, 19, -17.5]
						},
						"0.0417": {
							"vector": [0, 19, -17.5]
						},
						"0.125": {
							"vector": [2.23496, 12.47111, -1.42244]
						},
						"0.2083": {
							"vector": [0, 0, 0]
						},
						"0.2917": {
							"vector": [-1.08019, 28.3621, -16.43962]
						},
						"0.375": {
							"vector": [3.37377, 26.60633, 0.61461]
						},
						"0.5": {
							"vector": [0, 0, 0]
						},
						"0.5833": {
							"vector": [0, 19, -17.5]
						},
						"0.6667": {
							"vector": [-0.10882, 18.33683, 1.63456]
						},
						"0.75": {
							"vector": [0, 0, 0]
						},
						"0.8333": {
							"vector": [-1.08019, 28.3621, -16.43962]
						},
						"0.9167": {
							"vector": [2.94027, 12.128, -0.2905]
						},
						"0.9583": {
							"vector": [1.39498, 7.56649, -9.10869]
						},
						"1.0": {
							"vector": [0, 19, -17.5]
						}
					},
					"position": {
						"0.0": {
							"vector": [-0.6, 0, 0]
						},
						"0.5": {
							"vector": [-0.6, -0.3, 0]
						},
						"1.0": {
							"vector": [-0.6, 0, 0]
						}
					}
				},
				"R7": {
					"rotation": {
						"0.0": {
							"vector": [0, 15, 0]
						},
						"0.0417": {
							"vector": [0, 15, 0]
						},
						"0.125": {
							"vector": [5.13703, -12.33234, -6.53067]
						},
						"0.2083": {
							"vector": [5.09707, 10.08026, -4.53626]
						},
						"0.2917": {
							"vector": [0, 9, 0]
						},
						"0.3333": {
							"vector": [3.20506, 5.83049, 12.37284]
						},
						"0.375": {
							"vector": [0, 15, 0]
						},
						"0.4583": {
							"vector": [5.13703, -12.33234, -6.53067]
						},
						"0.5417": {
							"vector": [5.09707, 10.08026, -4.53626]
						},
						"0.5833": {
							"vector": [0, 15, 0]
						},
						"0.6667": {
							"vector": [3.16366, 6.82928, 12.43318]
						},
						"0.7083": {
							"vector": [0, 15, 0]
						},
						"0.7917": {
							"vector": [5.13703, -12.33234, -6.53067]
						},
						"0.875": {
							"vector": [5.09707, 10.08026, -4.53626]
						},
						"0.9167": {
							"vector": [0, 15, 0]
						},
						"1.0": {
							"vector": [0, 15, 0]
						}
					},
					"position": {
						"0.0": {
							"vector": [0, 0, -0.3]
						},
						"0.0417": {
							"vector": [0, 0, -0.3]
						},
						"0.125": {
							"vector": [0, -0.1, -0.5]
						},
						"0.2917": {
							"vector": [0.16, -0.12, -0.25]
						},
						"0.3333": {
							"vector": [0.2, -0.13, -0.56]
						},
						"0.5": {
							"vector": [0, -0.16, -0.3]
						},
						"0.625": {
							"vector": [0.2, -0.09, -0.52]
						},
						"0.6667": {
							"vector": [0.3, -0.07, -0.49]
						},
						"0.7083": {
							"vector": [0, -0.04, -0.46]
						},
						"0.8333": {
							"vector": [0, -0.12, -0.57]
						},
						"0.9583": {
							"vector": [0.2, -0.02, -0.35]
						},
						"1.0": {
							"vector": [0, 0, -0.3]
						}
					}
				},
				"R9": {
					"rotation": {
						"0.0": {
							"vector": [0, 15, 0]
						},
						"0.0417": {
							"vector": [0, 15, 0]
						},
						"0.0833": {
							"vector": [0, 2, 0]
						},
						"0.1667": {
							"vector": [5.13703, -12.33234, -6.53067]
						},
						"0.25": {
							"vector": [5.09707, 10.08026, -4.53626]
						},
						"0.3333": {
							"vector": [0, 12, 0]
						},
						"0.375": {
							"vector": [3.20506, 5.83049, 12.37284]
						},
						"0.4167": {
							"vector": [0, 10, 0]
						},
						"0.5": {
							"vector": [5.06137, -9.34421, -6.25354]
						},
						"0.5833": {
							"vector": [5.09707, 10.08026, -4.53626]
						},
						"0.625": {
							"vector": [0, 12, 0]
						},
						"0.7083": {
							"vector": [3.16366, 6.82928, 12.43318]
						},
						"0.75": {
							"vector": [0, 10, 0]
						},
						"0.8333": {
							"vector": [5.11001, -11.33634, -6.43737]
						},
						"0.875": {
							"vector": [5.08915, 1.36406, -5.30858]
						},
						"0.9167": {
							"vector": [5.09707, 10.08026, -4.53626]
						},
						"0.9583": {
							"vector": [0, 8, 0]
						},
						"1.0": {
							"vector": [0, 15, 0]
						}
					},
					"position": {
						"0.0": {
							"vector": [0, 0, -0.3]
						},
						"0.0417": {
							"vector": [0, 0, -0.3]
						},
						"0.0833": {
							"vector": [0, 0, -0.3]
						},
						"0.1667": {
							"vector": [0, -0.1, -0.5]
						},
						"0.375": {
							"vector": [0.2, -0.13, -0.56]
						},
						"0.5417": {
							"vector": [0, -0.16, -0.6]
						},
						"0.6667": {
							"vector": [0.1, -0.09, -0.52]
						},
						"0.75": {
							"vector": [0, -0.04, -0.46]
						},
						"0.875": {
							"vector": [0, -0.12, -0.57]
						},
						"1.0": {
							"vector": [0, 0, -0.3]
						}
					}
				},
				"R14": {
					"rotation": {
						"0.0": {
							"vector": [0, 9, 0]
						},
						"0.0833": {
							"vector": [0, 15, 0]
						},
						"0.125": {
							"vector": [0, 2, 0]
						},
						"0.2083": {
							"vector": [4.99157, -6.35572, -5.9817]
						},
						"0.2917": {
							"vector": [5.09707, 10.08026, -4.53626]
						},
						"0.375": {
							"vector": [0, 12, 0]
						},
						"0.4167": {
							"vector": [3.20506, 5.83049, 12.37284]
						},
						"0.4583": {
							"vector": [0, -1, 0]
						},
						"0.5417": {
							"vector": [5.06137, -9.34421, -6.25354]
						},
						"0.5833": {
							"vector": [5.05674, 4.3524, -5.0409]
						},
						"0.625": {
							"vector": [5.09707, 10.08026, -4.53626]
						},
						"0.6667": {
							"vector": [0, 12, 0]
						},
						"0.75": {
							"vector": [3.16366, 6.82928, 12.43318]
						},
						"0.7917": {
							"vector": [0, 10, 0]
						},
						"0.875": {
							"vector": [4.95838, -4.36327, -5.80511]
						},
						"0.9167": {
							"vector": [5.07456, 4.35227, -5.04247]
						},
						"0.9583": {
							"vector": [5.09707, 10.08026, -4.53626]
						},
						"1.0": {
							"vector": [1.81976, 4.07888, -8.59196]
						}
					},
					"position": {
						"0.0": {
							"vector": [0, 0, -0.3]
						},
						"0.0833": {
							"vector": [0, 0, -0.3]
						},
						"0.125": {
							"vector": [0, 0, -0.3]
						},
						"0.2083": {
							"vector": [0, -0.1, -0.5]
						},
						"0.4167": {
							"vector": [0.3, -0.13, -0.56]
						},
						"0.5833": {
							"vector": [0, -0.16, -0.6]
						},
						"0.75": {
							"vector": [0.3, -0.06, -0.49]
						},
						"0.7917": {
							"vector": [0, -0.04, -0.46]
						},
						"0.9167": {
							"vector": [0, -0.12, -0.57]
						},
						"1.0": {
							"vector": [0.2, 0, -0.2]
						}
					}
				},
				"R10": {
					"rotation": {
						"0.0": {
							"vector": [14.54263, 3.1445, -5.42188]
						},
						"0.125": {
							"vector": [-0.42923, -0.9208, -4.9367]
						},
						"0.25": {
							"vector": [0, 15, 0]
						},
						"0.375": {
							"vector": [7.36038, 1.04124, 5.90421]
						},
						"0.4583": {
							"vector": [-1.01308, -5.85761, -5.93796]
						},
						"0.5417": {
							"vector": [0.09707, 10.08026, -4.53626]
						},
						"0.625": {
							"vector": [28.76244, 2.7516, -12.78963]
						},
						"0.7083": {
							"vector": [-13.51538, -5.72436, 6.19295]
						},
						"0.7917": {
							"vector": [2.9111, -2.37063, -5.62727]
						},
						"0.8333": {
							"vector": [5.05674, 4.3524, -5.0409]
						},
						"0.875": {
							"vector": [5.09707, 10.08026, -4.53626]
						},
						"0.9167": {
							"vector": [0, 12, 0]
						},
						"1.0": {
							"vector": [14.54263, 3.1445, -5.42188]
						}
					},
					"position": {
						"0.0": {
							"vector": [0, 0, -0.3]
						},
						"0.125": {
							"vector": [0, 0, -0.3]
						},
						"0.2083": {
							"vector": [0, 0, -0.3]
						},
						"0.2917": {
							"vector": [0, 0, -0.3]
						},
						"0.3333": {
							"vector": [0, 0, -0.3]
						},
						"0.4167": {
							"vector": [0, -0.1, -0.5]
						},
						"0.7917": {
							"vector": [0, -0.16, -0.6]
						},
						"1.0": {
							"vector": [0, 0, -0.3]
						}
					}
				},
				"L12": {
					"rotation": {
						"0.0": {
							"vector": [-2.18024, 4.07888, -8.59196]
						},
						"0.0833": {
							"vector": [0, 19, -17.5]
						},
						"0.125": {
							"vector": [1.14478, 14.02587, -16.24751]
						},
						"0.2083": {
							"vector": [-4.76504, 12.47111, -1.42244]
						},
						"0.2917": {
							"vector": [0, 0, 3]
						},
						"0.375": {
							"vector": [-1.08019, 28.3621, -16.43962]
						},
						"0.4583": {
							"vector": [25.06198, 20.61458, 23.44215]
						},
						"0.5417": {
							"vector": [0, 0, 2]
						},
						"0.6667": {
							"vector": [0, 19, -17.5]
						},
						"0.75": {
							"vector": [1.51647, 10.37589, 3.44178]
						},
						"0.8333": {
							"vector": [-3, 0, 0]
						},
						"0.9167": {
							"vector": [-17.59774, 17.41254, -12.80125]
						},
						"1.0": {
							"vector": [1.81976, 4.07888, -8.59196]
						}
					},
					"position": {
						"0.0": {
							"vector": [0.2, 0, -0.2]
						},
						"0.0417": {
							"vector": [0.2, 0, -0.2]
						},
						"0.0833": {
							"vector": [0.1, 0.2, 0]
						},
						"0.25": {
							"vector": [0.1, 0.1, 0]
						},
						"0.375": {
							"vector": [0.3, 0.3, 0]
						},
						"0.5": {
							"vector": [0.1, -0.3, 0]
						},
						"0.6667": {
							"vector": [0.3, 0, 0]
						},
						"1.0": {
							"vector": [0.2, 0, -0.2]
						}
					}
				},
				"L14": {
					"rotation": {
						"0.0": {
							"vector": [-6.02966, 7.56792, -9.80981]
						},
						"0.0417": {
							"vector": [2.94027, 12.128, -0.2905]
						},
						"0.125": {
							"vector": [0.79242, 15.01951, -16.61476]
						},
						"0.25": {
							"vector": [2.23496, 12.47111, -1.42244]
						},
						"0.3333": {
							"vector": [0, 0, 8]
						},
						"0.4167": {
							"vector": [0.79142, 23.39128, -14.48986]
						},
						"0.5": {
							"vector": [-5.91116, 10.61771, 2.4334]
						},
						"0.625": {
							"vector": [-8, -3, 0]
						},
						"0.7083": {
							"vector": [1.01683, 15.02219, -16.39954]
						},
						"0.7917": {
							"vector": [26.09394, 11.56033, 26.39594]
						},
						"0.875": {
							"vector": [0, -5, 0]
						},
						"0.9167": {
							"vector": [-0.31311, 1.1687, -3.68702]
						},
						"1.0": {
							"vector": [-3.98542, 6.83748, -14.72013]
						}
					},
					"position": {
						"0.0": {
							"vector": [0, 0.3, 0]
						},
						"0.125": {
							"vector": [-0.3, 0.45, -0.08]
						},
						"0.1667": {
							"vector": [-0.1, 0.5, -0.1]
						},
						"0.4167": {
							"vector": [0.07, 0.44, -0.17]
						},
						"0.5417": {
							"vector": [0.45, 0.11, -0.06]
						},
						"0.7083": {
							"vector": [0.09, 0.18, -0.04]
						},
						"0.9167": {
							"vector": [0.13, 0.27, -0.01]
						},
						"1.0": {
							"vector": [0, 0.3, 0]
						}
					}
				},
				"L13": {
					"rotation": {
						"0.0": {
							"vector": [1.81976, 4.07888, -8.59196]
						},
						"0.0417": {
							"vector": [0, 19, -17.5]
						},
						"0.0833": {
							"vector": [1.14478, 14.02587, -16.24751]
						},
						"0.1667": {
							"vector": [2.23496, 12.47111, -1.42244]
						},
						"0.25": {
							"vector": [0, 0, 0]
						},
						"0.3333": {
							"vector": [-1.08019, 28.3621, -16.43962]
						},
						"0.4167": {
							"vector": [4.16177, 21.61162, 1.43551]
						},
						"0.5": {
							"vector": [0, 0, 0]
						},
						"0.625": {
							"vector": [0, 19, -17.5]
						},
						"0.7083": {
							"vector": [1.51647, 10.37589, 3.44178]
						},
						"0.7917": {
							"vector": [0, 0, 0]
						},
						"0.875": {
							"vector": [2.40226, 17.41254, -12.80125]
						},
						"0.9583": {
							"vector": [3.14984, 10.13149, -0.0499]
						},
						"1.0": {
							"vector": [1.81976, 4.07888, -8.59196]
						}
					},
					"position": {
						"0.0": {
							"vector": [0.2, 0, -0.2]
						},
						"0.0417": {
							"vector": [0.1, 0.2, 0]
						},
						"0.2083": {
							"vector": [0.1, 0.1, 0]
						},
						"0.3333": {
							"vector": [0.3, 0.3, 0]
						},
						"0.4583": {
							"vector": [0.1, -0.3, 0]
						},
						"0.625": {
							"vector": [0.3, 0, 0]
						},
						"1.0": {
							"vector": [0.2, 0, -0.2]
						}
					}
				},
				"R11": {
					"rotation": {
						"0.0": {
							"vector": [5.09707, 10.08026, -4.53626]
						},
						"0.125": {
							"vector": [0, 15, 0]
						},
						"0.25": {
							"vector": [-0.62945, 2.03299, 6.03281]
						},
						"0.3333": {
							"vector": [4.98692, -5.85761, -5.93796]
						},
						"0.4167": {
							"vector": [5.09707, 10.08026, -4.53626]
						},
						"0.5": {
							"vector": [0, 12, 0]
						},
						"0.5417": {
							"vector": [3.20506, 5.83049, 12.37284]
						},
						"0.5833": {
							"vector": [0, -1, 0]
						},
						"0.6667": {
							"vector": [4.9111, -2.37063, -5.62727]
						},
						"0.7083": {
							"vector": [5.05674, 4.3524, -5.0409]
						},
						"0.75": {
							"vector": [5.09707, 10.08026, -4.53626]
						},
						"0.7917": {
							"vector": [0, 12, 0]
						},
						"0.875": {
							"vector": [3.16366, 6.82928, 12.43318]
						},
						"0.9167": {
							"vector": [6, -1, 0]
						},
						"1.0": {
							"vector": [5.09707, 10.08026, -4.53626]
						}
					},
					"position": {
						"0.0": {
							"vector": [0, 0, -0.3]
						},
						"0.0833": {
							"vector": [0, 0, -0.3]
						},
						"0.1667": {
							"vector": [0.1, 0, -0.3]
						},
						"0.2083": {
							"vector": [0, 0, -0.3]
						},
						"0.25": {
							"vector": [0.2, -0.05, -0.4]
						},
						"0.2917": {
							"vector": [0, -0.1, -0.5]
						},
						"0.5417": {
							"vector": [0.2, -0.14, -0.57]
						},
						"0.6667": {
							"vector": [0, -0.16, -0.6]
						},
						"0.875": {
							"vector": [0.3, -0.04, -0.46]
						},
						"1.0": {
							"vector": [0, 0, -0.3]
						}
					}
				},
				"R12": {
					"rotation": {
						"0.0": {
							"vector": [5.09707, 10.08026, -4.53626]
						},
						"0.0417": {
							"vector": [5.09707, 10.08026, -4.53626]
						},
						"0.0833": {
							"vector": [0, 15, 0]
						},
						"0.2083": {
							"vector": [-0.62945, 2.03299, 6.03281]
						},
						"0.2917": {
							"vector": [4.99157, -6.35572, -5.9817]
						},
						"0.375": {
							"vector": [5.09707, 10.08026, -4.53626]
						},
						"0.4583": {
							"vector": [0, 12, 0]
						},
						"0.5": {
							"vector": [3.20506, 5.83049, 12.37284]
						},
						"0.5417": {
							"vector": [0, -1, 0]
						},
						"0.625": {
							"vector": [4.9111, -2.37063, -5.62727]
						},
						"0.6667": {
							"vector": [5.05674, 4.3524, -5.0409]
						},
						"0.7083": {
							"vector": [5.09707, 10.08026, -4.53626]
						},
						"0.75": {
							"vector": [0, 12, 0]
						},
						"0.8333": {
							"vector": [3.16366, 6.82928, 12.43318]
						},
						"0.875": {
							"vector": [0, 10, 0]
						},
						"0.9583": {
							"vector": [4.95838, -4.36327, -5.80511]
						},
						"1.0": {
							"vector": [5.09707, 10.08026, -4.53626]
						}
					},
					"position": {
						"0.0": {
							"vector": [0, 0, -0.3]
						},
						"0.0417": {
							"vector": [0, 0, -0.3]
						},
						"0.125": {
							"vector": [0, 0, -0.3]
						},
						"0.1667": {
							"vector": [0.1, 0, -0.3]
						},
						"0.25": {
							"vector": [0, -0.1, -0.5]
						},
						"0.625": {
							"vector": [0, -0.16, -0.6]
						},
						"0.8333": {
							"vector": [0, -0.04, -0.46]
						},
						"0.9583": {
							"vector": [0, -0.12, -0.57]
						},
						"1.0": {
							"vector": [0, 0, -0.3]
						}
					}
				},
				"R13": {
					"rotation": {
						"0.0": {
							"vector": [5.09707, 10.08026, -4.53626]
						},
						"0.0417": {
							"vector": [0, 15, 0]
						},
						"0.1667": {
							"vector": [-0.62945, 2.03299, 6.03281]
						},
						"0.25": {
							"vector": [4.99157, -6.35572, -5.9817]
						},
						"0.3333": {
							"vector": [5.09707, 10.08026, -4.53626]
						},
						"0.4167": {
							"vector": [0, 12, 0]
						},
						"0.4583": {
							"vector": [3.20506, 5.83049, 12.37284]
						},
						"0.5": {
							"vector": [0, -1, 0]
						},
						"0.5833": {
							"vector": [4.9111, -2.37063, -5.62727]
						},
						"0.625": {
							"vector": [5.05674, 4.3524, -5.0409]
						},
						"0.6667": {
							"vector": [5.09707, 10.08026, -4.53626]
						},
						"0.7083": {
							"vector": [0, 12, 0]
						},
						"0.7917": {
							"vector": [3.16366, 6.82928, 12.43318]
						},
						"0.8333": {
							"vector": [0, 10, 0]
						},
						"0.9167": {
							"vector": [4.95838, -4.36327, -5.80511]
						},
						"0.9583": {
							"vector": [5.07456, 4.35227, -5.04247]
						},
						"1.0": {
							"vector": [5.09707, 10.08026, -4.53626]
						}
					},
					"position": {
						"0.0": {
							"vector": [0, 0, -0.3]
						},
						"0.0833": {
							"vector": [0, 0, -0.3]
						},
						"0.125": {
							"vector": [0, 0, -0.3]
						},
						"0.1667": {
							"vector": [0.2, -0.05, -0.4]
						},
						"0.2083": {
							"vector": [0, -0.1, -0.5]
						},
						"0.5833": {
							"vector": [0, -0.16, -0.6]
						},
						"0.7917": {
							"vector": [0, -0.04, -0.46]
						},
						"0.9167": {
							"vector": [0, -0.12, -0.57]
						},
						"1.0": {
							"vector": [0, 0, -0.3]
						}
					}
				},
				"R15": {
					"rotation": {
						"0.0": {
							"vector": [11.40489, -12.53373, -1.06676]
						},
						"0.0833": {
							"vector": [3.87847, -8.80112, -7.88522]
						},
						"0.1667": {
							"vector": [-3.66862, 0.52464, -5.50166]
						},
						"0.25": {
							"vector": [-1.04195, -5.5134, -17.26387]
						},
						"0.3333": {
							"vector": [13.53976, -11.15262, 0.69479]
						},
						"0.4167": {
							"vector": [-3.12208, -15.46034, -5.9129]
						},
						"0.5": {
							"vector": [3.2369, 1.87506, -10.59434]
						},
						"0.5417": {
							"vector": [2.811, 6.26071, -7.89414]
						},
						"0.6667": {
							"vector": [12.0629, -9.73251, -3.08795]
						},
						"0.8333": {
							"vector": [-2.32856, 6.14207, -8.44832]
						},
						"1.0": {
							"vector": [11.40489, -12.53373, -1.06676]
						}
					},
					"position": {
						"0.0": {
							"vector": [0, -0.04, -0.46]
						},
						"0.0417": {
							"vector": [0, 0, -0.3]
						},
						"0.0833": {
							"vector": [0, 0, -0.3]
						},
						"0.1667": {
							"vector": [0, 0, -0.3]
						},
						"0.25": {
							"vector": [0, 0, -0.3]
						},
						"0.3333": {
							"vector": [0, 0, -0.3]
						},
						"0.4167": {
							"vector": [0, 0, -0.3]
						},
						"0.5": {
							"vector": [0, -0.1, -0.5]
						},
						"0.8333": {
							"vector": [0, -0.16, -0.6]
						},
						"1.0": {
							"vector": [0, -0.04, -0.46]
						}
					}
				},
				"mainabdomen2": {
					"rotation": {
						"0.0": {
							"vector": [0, 0, 0]
						},
						"0.5": {
							"vector": [0, 3, 0]
						},
						"1.0": {
							"vector": [0, 0, 0]
						}
					},
					"position": {
						"0.0": {
							"vector": [0, 0, 0]
						},
						"0.5": {
							"vector": [0, 0, 0.1]
						},
						"1.0": {
							"vector": [0, 0, 0]
						}
					},
					"scale": {
						"0.0": {
							"vector": [1, 1, 1]
						},
						"0.5": {
							"vector": [1.06, 1, 1]
						},
						"1.0": {
							"vector": [1, 1, 1]
						}
					}
				},
				"mainabdomen3": {
					"rotation": {
						"0.0": {
							"vector": [0, 0, 0]
						},
						"0.5": {
							"vector": [0, -3, 0]
						},
						"1.0": {
							"vector": [0, 0, 0]
						}
					},
					"scale": {
						"0.0": {
							"vector": [1, 1, 1]
						},
						"0.5": {
							"vector": [1.12, 1, 1]
						},
						"1.0": {
							"vector": [1, 1, 1]
						}
					}
				}
			}
		},
		"animation.centipedeevictor.attacking": {
			"animation_length": 1,
			"bones": {
				"horrorcentipede": {
					"rotation": {
						"0.0": {
							"vector": [-17, 0, 0]
						},
						"0.25": {
							"vector": [2.8631, 2.98922, 0.25421]
						},
						"0.625": {
							"vector": [-17.34468, -2.96296, -0.55558]
						},
						"0.875": {
							"vector": [-11.11489, -0.98765, -0.18519]
						},
						"1.0": {
							"vector": [-17, 0, 0]
						}
					},
					"position": {
						"0.0": {
							"vector": [0, 4, 0]
						},
						"0.25": {
							"vector": [0, 0, 0.4]
						},
						"0.5": {
							"vector": [0, 1.3, -0.6]
						},
						"0.625": {
							"vector": [0, 3.1, -0.47]
						},
						"0.75": {
							"vector": [0, 3.3, 0.2]
						},
						"0.875": {
							"vector": [0, 2.3, -0.6]
						},
						"1.0": {
							"vector": [0, 4, 0]
						}
					}
				},
				"L4": {
					"rotation": {
						"0.0": {
							"vector": [1.30876, -8.77476, 3.26523]
						},
						"0.125": {
							"vector": [-24.35958, 8.38649, -32.88398]
						},
						"0.25": {
							"vector": [-2.37908, 18.11266, -10.28716]
						},
						"0.3333": {
							"vector": [-3.04738, -5.5092, -0.32834]
						},
						"0.4583": {
							"vector": [8.31099, 14.23189, -6.26431]
						},
						"0.5417": {
							"vector": [-8.09219, 13.58977, -4.42078]
						},
						"0.625": {
							"vector": [-4.06484, -2.06906, -0.69834]
						},
						"0.7083": {
							"vector": [5.08677, 9.61772, 2.43034]
						},
						"0.7917": {
							"vector": [9, 14, 0]
						},
						"0.8333": {
							"vector": [13.11699, 16.56051, 0.36966]
						},
						"0.9167": {
							"vector": [18.21948, 0.64159, 20.2971]
						},
						"1.0": {
							"vector": [1.30876, -8.77476, 3.26523]
						}
					}
				},
				"L3": {
					"rotation": {
						"0.0": {
							"vector": [0, 19, -17.5]
						},
						"0.0417": {
							"vector": [2.23496, 12.47111, -1.42244]
						},
						"0.125": {
							"vector": [0, 0, 0]
						},
						"0.2083": {
							"vector": [-1.08019, 28.3621, -16.43962]
						},
						"0.2917": {
							"vector": [3.37377, 26.60633, 0.61461]
						},
						"0.4167": {
							"vector": [0, 0, 0]
						},
						"0.5": {
							"vector": [0, 19, -17.5]
						},
						"0.5833": {
							"vector": [-0.10882, 18.33683, 1.63456]
						},
						"0.6667": {
							"vector": [0, 0, 0]
						},
						"0.75": {
							"vector": [-1.08019, 28.3621, -16.43962]
						},
						"0.8333": {
							"vector": [3.37377, 26.60633, 0.61461]
						},
						"0.9167": {
							"vector": [0, 0, 0]
						},
						"1.0": {
							"vector": [0, 19, -17.5]
						}
					},
					"position": {
						"0.0": {
							"vector": [-0.2, 0, 0]
						},
						"1.0": {
							"vector": [-0.2, 0, 0]
						}
					}
				},
				"R3": {
					"rotation": {
						"0.0": {
							"vector": [0, 15, 0]
						},
						"0.0833": {
							"vector": [5.13703, -12.33234, -6.53067]
						},
						"0.1667": {
							"vector": [5.09707, 10.08026, -4.53626]
						},
						"0.25": {
							"vector": [0, 15, 0]
						},
						"0.2917": {
							"vector": [3.34071, -6.15009, 11.67581]
						},
						"0.3333": {
							"vector": [0, 15, 0]
						},
						"0.4167": {
							"vector": [5.13703, -12.33234, -6.53067]
						},
						"0.5": {
							"vector": [5.09707, 10.08026, -4.53626]
						},
						"0.5417": {
							"vector": [0, 15, 0]
						},
						"0.625": {
							"vector": [3.2056, 0.83853, 12.09739]
						},
						"0.6667": {
							"vector": [0, 15, 0]
						},
						"0.75": {
							"vector": [5.13703, -12.33234, -6.53067]
						},
						"0.8333": {
							"vector": [5.09707, 10.08026, -4.53626]
						},
						"0.875": {
							"vector": [0, 15, 0]
						},
						"0.9583": {
							"vector": [3.34071, -6.15009, 11.67581]
						},
						"1.0": {
							"vector": [0, 15, 0]
						}
					},
					"position": {
						"0.0": {
							"vector": [0, 0, -0.3]
						},
						"0.0833": {
							"vector": [0, -0.1, -0.5]
						},
						"0.4583": {
							"vector": [0, -0.16, -0.6]
						},
						"0.6667": {
							"vector": [0, -0.04, -0.46]
						},
						"0.7917": {
							"vector": [0, -0.12, -0.57]
						},
						"0.9167": {
							"vector": [0.2, -0.02, -0.35]
						},
						"1.0": {
							"vector": [0, 0, -0.3]
						}
					}
				},
				"R2": {
					"rotation": {
						"0.0": {
							"vector": [0, -12, 0]
						},
						"0.0833": {
							"vector": [-5.04212, 8.89429, -1.94621]
						},
						"0.1667": {
							"vector": [-5.49503, -9.08949, 23.11622]
						},
						"0.25": {
							"vector": [0, -12, 0]
						},
						"0.3333": {
							"vector": [-0.12847, 20.47606, -4.91429]
						},
						"0.4167": {
							"vector": [-4.95046, -8.68701, 18.3673]
						},
						"0.5": {
							"vector": [0, -12, 0]
						},
						"0.5833": {
							"vector": [-0.09838, 18.47901, -4.80159]
						},
						"0.6667": {
							"vector": [-6.01434, -11.21401, 21.87355]
						},
						"0.75": {
							"vector": [0, -12, 0]
						},
						"0.8333": {
							"vector": [-0.03314, 12.48758, -4.47429]
						},
						"0.9167": {
							"vector": [-2.03682, -4.7842, 24.11939]
						},
						"1.0": {
							"vector": [0, -12, 0]
						}
					},
					"position": {
						"0.0": {
							"vector": [0.2, 0.5, 0]
						},
						"0.1667": {
							"vector": [0.48, 0.8, 0.05]
						},
						"0.25": {
							"vector": [0.27, 0.9, 0.07]
						},
						"0.3333": {
							"vector": [-0.15, 1.1, 0.09]
						},
						"0.4167": {
							"vector": [0.13, 1, 0.04]
						},
						"0.5": {
							"vector": [-0.1, 0.8, 0]
						},
						"0.625": {
							"vector": [0.47, 0.5, 0.09]
						},
						"0.7083": {
							"vector": [0.31, 0.9, -0.19]
						},
						"0.8333": {
							"vector": [0.35, 0.5, 0.09]
						},
						"0.9167": {
							"vector": [0.38, 0.7, 0.05]
						},
						"1.0": {
							"vector": [0.2, 0.5, 0]
						}
					}
				},
				"L1": {
					"rotation": {
						"0.0": {
							"vector": [1.88089, -3.51878, -2.09394]
						},
						"0.0417": {
							"vector": [0, -20, 0]
						},
						"0.125": {
							"vector": [-0.63987, -10.63411, -15.73116]
						},
						"0.2083": {
							"vector": [2.32571, 3.63308, -0.91672]
						},
						"0.3333": {
							"vector": [0, -4, 0]
						},
						"0.4167": {
							"vector": [0, -7, -17.5]
						},
						"0.5": {
							"vector": [-0.08863, 3.33685, 1.66719]
						},
						"0.5833": {
							"vector": [0, -12, 0]
						},
						"0.6667": {
							"vector": [-0.68522, -0.63477, -15.85517]
						},
						"0.75": {
							"vector": [2.25881, 0.63548, -1.05407]
						},
						"0.8333": {
							"vector": [0, -18, 0]
						},
						"0.9167": {
							"vector": [0, -1.5, -17.5]
						},
						"1.0": {
							"vector": [1.88089, -3.51878, -2.09394]
						}
					},
					"position": {
						"0.0": {
							"vector": [0, 0.8, 0]
						},
						"0.5833": {
							"vector": [0, 1, 0]
						},
						"1.0": {
							"vector": [0, 0.8, 0]
						}
					}
				},
				"R1": {
					"rotation": {
						"0.0": {
							"vector": [0, 5, 0]
						},
						"0.0417": {
							"vector": [-4.88719, 18.85697, -2.8242]
						},
						"0.125": {
							"vector": [-4.76803, 8.8399, 21.35936]
						},
						"0.2083": {
							"vector": [0, 7, 0]
						},
						"0.2917": {
							"vector": [-0.12862, 28.47604, -4.93223]
						},
						"0.375": {
							"vector": [-4.32756, 8.25836, 16.86523]
						},
						"0.4583": {
							"vector": [0, -3, 0]
						},
						"0.5417": {
							"vector": [-0.09823, 28.479, -4.81872]
						},
						"0.625": {
							"vector": [-5.06837, 9.69072, 19.65272]
						},
						"0.7083": {
							"vector": [0, 1, 0]
						},
						"0.7917": {
							"vector": [-0.03253, 27.48758, -4.48288]
						},
						"0.875": {
							"vector": [-1.83052, 11.20684, 23.54378]
						},
						"0.9583": {
							"vector": [0, 18, 0]
						},
						"1.0": {
							"vector": [0, 5, 0]
						}
					},
					"position": {
						"0.0": {
							"vector": [0.2, 0.7, 0]
						},
						"0.1667": {
							"vector": [0.48, 0.6, 0.05]
						},
						"0.25": {
							"vector": [0.27, 1.2, 0.07]
						},
						"0.3333": {
							"vector": [-0.15, 1.3, 0.09]
						},
						"0.4167": {
							"vector": [0.13, 1.3, 0.04]
						},
						"0.5": {
							"vector": [-0.1, 1, 0]
						},
						"0.625": {
							"vector": [0.47, 0.9, 0.09]
						},
						"0.7083": {
							"vector": [0.31, 1.1, -0.19]
						},
						"0.8333": {
							"vector": [0.35, 0.8, 0.09]
						},
						"0.9167": {
							"vector": [0.38, 0.7, 0.05]
						},
						"1.0": {
							"vector": [0.2, 0.7, 0]
						}
					}
				},
				"R4": {
					"rotation": {
						"0.0": {
							"vector": [14.54263, 3.1445, -5.42188]
						},
						"0.0833": {
							"vector": [5.57077, -0.9208, -4.9367]
						},
						"0.2083": {
							"vector": [0, 15, 0]
						},
						"0.3333": {
							"vector": [7.36038, 1.04124, 5.90421]
						},
						"0.4167": {
							"vector": [11.98692, -5.85761, -5.93796]
						},
						"0.5": {
							"vector": [18.09707, 10.08026, -4.53626]
						},
						"0.625": {
							"vector": [28.76244, 2.7516, -12.78963]
						},
						"0.6667": {
							"vector": [-4.51538, -5.72436, 6.19295]
						},
						"0.75": {
							"vector": [4.9111, -2.37063, -5.62727]
						},
						"0.7917": {
							"vector": [7.05674, 4.3524, -5.0409]
						},
						"0.8333": {
							"vector": [10.09707, 10.08026, -4.53626]
						},
						"0.875": {
							"vector": [5, 12, 0]
						},
						"0.9583": {
							"vector": [3.16366, 6.82928, 12.43318]
						},
						"1.0": {
							"vector": [14.54263, 3.1445, -5.42188]
						}
					},
					"position": {
						"0.0": {
							"vector": [0, 0, -0.3]
						},
						"0.0833": {
							"vector": [0, 0, -0.3]
						},
						"0.1667": {
							"vector": [0, 0, -0.3]
						},
						"0.25": {
							"vector": [0, 0, -0.3]
						},
						"0.2917": {
							"vector": [0, 0, -0.3]
						},
						"0.375": {
							"vector": [0, -0.1, -0.5]
						},
						"0.75": {
							"vector": [0, -0.16, -0.6]
						},
						"0.9583": {
							"vector": [0, -0.04, -0.46]
						},
						"1.0": {
							"vector": [0, 0, -0.3]
						}
					}
				},
				"frontbody": {
					"rotation": {
						"0.0": {
							"vector": [0, 0, 0]
						},
						"0.3333": {
							"vector": [1, 0, 0]
						},
						"0.6667": {
							"vector": [-1, 0, 0]
						},
						"1.0": {
							"vector": [0, 0, 0]
						}
					},
					"position": {
						"0.0": {
							"vector": [0, 0, 0]
						},
						"0.2083": {
							"vector": [0, 0.07, 0]
						},
						"0.5": {
							"vector": [0, -0.3, 0]
						},
						"1.0": {
							"vector": [0, 0, 0]
						}
					}
				},
				"mainabdomen": {
					"rotation": {
						"vector": [-17, 0, 0]
					},
					"position": {
						"0.0": {
							"vector": [0, 0.1, 0]
						},
						"0.25": {
							"vector": [0, 0.6, 0]
						},
						"1.0": {
							"vector": [0, 0.1, 0]
						}
					},
					"scale": {
						"0.0": {
							"vector": [1, 1, 1]
						},
						"0.125": {
							"vector": [1.19, 1.0054, 1.0072]
						},
						"0.5417": {
							"vector": [1, 1.06, 1.08]
						},
						"1.0": {
							"vector": [1, 1, 1]
						}
					}
				},
				"sockets": {
					"position": {
						"0.0": {
							"vector": [0, 0.4, 0]
						},
						"0.2083": {
							"vector": [-0.3, -0.1, 0]
						},
						"0.4167": {
							"vector": [-0.19, 0.16, 0]
						},
						"1.0": {
							"vector": [0, 0.4, 0]
						}
					},
					"scale": {
						"0.0": {
							"vector": [1, 0.8, 1]
						},
						"0.2083": {
							"vector": [0.89, 1, 1]
						},
						"0.4167": {
							"vector": [0.9288, 0.88, 1]
						},
						"1.0": {
							"vector": [1, 0.8, 1]
						}
					}
				},
				"torso": {
					"rotation": {
						"0.0": {
							"vector": [0, 0, -6]
						},
						"0.5": {
							"vector": [0, 0, 4]
						},
						"1.0": {
							"vector": [0, 0, -6]
						}
					}
				},
				"L5": {
					"rotation": {
						"0.0": {
							"vector": [-14.52707, 5.26207, -21.24612]
						},
						"0.125": {
							"vector": [0, 19, -17.5]
						},
						"0.25": {
							"vector": [2.59044, 8.48077, -0.97124]
						},
						"0.3333": {
							"vector": [0, -1, 0]
						},
						"0.4167": {
							"vector": [-6.28792, 16.66061, -22.82661]
						},
						"0.5": {
							"vector": [5.08884, 10.61771, 2.4334]
						},
						"0.625": {
							"vector": [0, -7, 0]
						},
						"0.75": {
							"vector": [1.2831, 13.03057, -16.07647]
						},
						"0.8333": {
							"vector": [2.31039, 3.39801, 4.4217]
						},
						"0.9167": {
							"vector": [0, -9, 0]
						},
						"1.0": {
							"vector": [-14.52707, 5.26207, -21.24612]
						}
					},
					"position": {
						"vector": [-0.2, 0, 0]
					}
				},
				"L6": {
					"rotation": {
						"0.0": {
							"vector": [0, -9, 0]
						},
						"0.0833": {
							"vector": [-14.28649, 12.43884, -17.3819]
						},
						"0.2083": {
							"vector": [-3.18941, 16.18069, -12.46073]
						},
						"0.2917": {
							"vector": [2.78252, 10.60887, -1.26608]
						},
						"0.375": {
							"vector": [2.5708, 3.48583, -1.19715]
						},
						"0.4583": {
							"vector": [-6.1822, 12.68426, -22.3796]
						},
						"0.5417": {
							"vector": [5.08884, 10.61771, 2.4334]
						},
						"0.625": {
							"vector": [0, 1, 0]
						},
						"0.7917": {
							"vector": [1.2831, 13.03057, -16.07647]
						},
						"0.9167": {
							"vector": [2.31943, -4.59549, 4.0987]
						},
						"1.0": {
							"vector": [0, -9, 0]
						}
					}
				},
				"R5": {
					"rotation": {
						"0.0": {
							"vector": [5.09707, 10.08026, -4.53626]
						},
						"0.0417": {
							"vector": [5.19372, 14.06416, -4.16482]
						},
						"0.1667": {
							"vector": [0, 15, 0]
						},
						"0.2917": {
							"vector": [7.36038, 1.04124, 5.90421]
						},
						"0.375": {
							"vector": [4.98692, -5.85761, -5.93796]
						},
						"0.4583": {
							"vector": [5.09707, 10.08026, -4.53626]
						},
						"0.5417": {
							"vector": [0, 12, 0]
						},
						"0.5833": {
							"vector": [16.20506, 5.83049, 12.37284]
						},
						"0.625": {
							"vector": [0, -1, 0]
						},
						"0.7083": {
							"vector": [4.9111, -2.37063, -5.62727]
						},
						"0.75": {
							"vector": [5.05674, 4.3524, -5.0409]
						},
						"0.7917": {
							"vector": [5.09707, 10.08026, -4.53626]
						},
						"0.8333": {
							"vector": [0, 12, 0]
						},
						"0.9167": {
							"vector": [3.16366, 6.82928, 12.43318]
						},
						"0.9583": {
							"vector": [6, -1, 0]
						},
						"1.0": {
							"vector": [5.09707, 10.08026, -4.53626]
						}
					},
					"position": {
						"0.0": {
							"vector": [0, 0, -0.3]
						},
						"0.0417": {
							"vector": [0, 0, -0.3]
						},
						"0.125": {
							"vector": [0, 0, -0.3]
						},
						"0.2083": {
							"vector": [0, 0, -0.3]
						},
						"0.25": {
							"vector": [0, 0, -0.3]
						},
						"0.3333": {
							"vector": [0, -0.1, -0.5]
						},
						"0.7083": {
							"vector": [0, -0.16, -0.6]
						},
						"0.9167": {
							"vector": [0, -0.04, -0.46]
						},
						"1.0": {
							"vector": [0, 0, -0.3]
						}
					}
				},
				"L7": {
					"rotation": {
						"0.0": {
							"vector": [2.23496, 12.47111, -1.42244]
						},
						"0.0833": {
							"vector": [0, 0, 0]
						},
						"0.1667": {
							"vector": [-1.08019, 28.3621, -16.43962]
						},
						"0.25": {
							"vector": [3.37377, 26.60633, 0.61461]
						},
						"0.375": {
							"vector": [0, 0, 0]
						},
						"0.4583": {
							"vector": [0, 19, -17.5]
						},
						"0.5417": {
							"vector": [-0.10882, 18.33683, 1.63456]
						},
						"0.625": {
							"vector": [0, 0, 0]
						},
						"0.7083": {
							"vector": [-1.08019, 28.3621, -16.43962]
						},
						"0.7917": {
							"vector": [3.37377, 26.60633, 0.61461]
						},
						"0.875": {
							"vector": [0, 0, 0]
						},
						"0.9583": {
							"vector": [0, 19, -17.5]
						},
						"1.0": {
							"vector": [2.23496, 12.47111, -1.42244]
						}
					},
					"position": {
						"0.0": {
							"vector": [-0.2, 0, 0]
						},
						"1.0": {
							"vector": [-0.2, 0, 0]
						}
					}
				},
				"R6": {
					"rotation": {
						"0.0": {
							"vector": [0, -12, 0]
						},
						"0.0417": {
							"vector": [0, -12, 0]
						},
						"0.125": {
							"vector": [-5.04212, 8.89429, -1.94621]
						},
						"0.2083": {
							"vector": [-5.49503, -9.08949, 23.11622]
						},
						"0.2917": {
							"vector": [0, -12, 0]
						},
						"0.375": {
							"vector": [-0.10325, 7.49585, -4.1953]
						},
						"0.4583": {
							"vector": [-4.95046, -8.68701, 18.3673]
						},
						"0.5417": {
							"vector": [0, -12, 0]
						},
						"0.625": {
							"vector": [-0.07825, 11.48955, -4.41692]
						},
						"0.7083": {
							"vector": [-6.01434, -11.21401, 21.87355]
						},
						"0.7917": {
							"vector": [0, -12, 0]
						},
						"0.875": {
							"vector": [-0.03314, 12.48758, -4.47429]
						},
						"0.9583": {
							"vector": [-2.03682, -4.7842, 24.11939]
						},
						"1.0": {
							"vector": [0, -12, 0]
						}
					},
					"position": {
						"0.0": {
							"vector": [0.2, 0, 0]
						},
						"0.0417": {
							"vector": [0.2, 0, 0]
						},
						"0.2083": {
							"vector": [0.48, 0, 0.05]
						},
						"0.2917": {
							"vector": [0.27, 0, 0.07]
						},
						"0.375": {
							"vector": [-0.15, 0, 0.09]
						},
						"0.4583": {
							"vector": [0.13, 0, 0.04]
						},
						"0.5417": {
							"vector": [-0.1, 0, 0]
						},
						"0.6667": {
							"vector": [0.47, 0, 0.09]
						},
						"0.75": {
							"vector": [0.31, 0, -0.19]
						},
						"0.875": {
							"vector": [0.35, 0, 0.09]
						},
						"0.9583": {
							"vector": [0.38, 0, 0.05]
						},
						"1.0": {
							"vector": [0.2, 0, 0]
						}
					}
				},
				"L8": {
					"rotation": {
						"0.0": {
							"vector": [2.23496, 12.47111, -1.42244]
						},
						"0.0417": {
							"vector": [0, 0, 0]
						},
						"0.125": {
							"vector": [-0.99488, 16.36405, -16.20673]
						},
						"0.2083": {
							"vector": [3.37377, 26.60633, 0.61461]
						},
						"0.3333": {
							"vector": [0, -6, 0]
						},
						"0.4167": {
							"vector": [1.15272, 13.94967, -12.36917]
						},
						"0.5": {
							"vector": [-0.10882, 18.33683, 1.63456]
						},
						"0.5833": {
							"vector": [0, 0, 0]
						},
						"0.6667": {
							"vector": [0.65081, 19.37931, -10.99291]
						},
						"0.75": {
							"vector": [3.37377, 26.60633, 0.61461]
						},
						"0.8333": {
							"vector": [0, 0, 0]
						},
						"0.9167": {
							"vector": [0, 19, -17.5]
						},
						"1.0": {
							"vector": [2.23496, 12.47111, -1.42244]
						}
					},
					"position": {
						"0.0": {
							"vector": [0, 0.7, 0]
						},
						"0.75": {
							"vector": [-0.2, 0.7, 0]
						},
						"1.0": {
							"vector": [0, 0.7, 0]
						}
					}
				},
				"R8": {
					"rotation": {
						"0.0": {
							"vector": [20.20788, -12.47591, -8.96024]
						},
						"0.1667": {
							"vector": [5.57077, -0.9208, -4.9367]
						},
						"0.2917": {
							"vector": [1.39588, 5.02053, -1.14074]
						},
						"0.3333": {
							"vector": [0, 3, 0]
						},
						"0.375": {
							"vector": [7.45356, 1.34712, 1.94185]
						},
						"0.4583": {
							"vector": [10.81822, -17.87906, 4.0988]
						},
						"0.5417": {
							"vector": [24.98692, -5.85761, -5.93796]
						},
						"0.625": {
							"vector": [28.11108, -0.90652, -5.07634]
						},
						"0.7083": {
							"vector": [22.35631, -14.61196, -8.87048]
						},
						"0.7917": {
							"vector": [12.52403, -15.41397, -3.04404]
						},
						"0.9167": {
							"vector": [18.09707, 10.08026, -4.53626]
						},
						"1.0": {
							"vector": [20.20788, -12.47591, -8.96024]
						}
					},
					"position": {
						"0.0": {
							"vector": [0, 0, -0.3]
						},
						"0.0417": {
							"vector": [0, 0, -0.3]
						},
						"0.1667": {
							"vector": [0, 0, -0.3]
						},
						"0.2917": {
							"vector": [0, 0, -0.3]
						},
						"0.375": {
							"vector": [0, 0, -0.3]
						},
						"0.4167": {
							"vector": [0, 0, -0.3]
						},
						"0.5": {
							"vector": [0, -0.1, -0.5]
						},
						"0.875": {
							"vector": [0, -0.16, -0.6]
						},
						"1.0": {
							"vector": [0, 0, -0.3]
						}
					}
				},
				"L11": {
					"rotation": {
						"0.0": {
							"vector": [12.30876, -8.77476, 3.26523]
						},
						"0.0417": {
							"vector": [1.30876, -8.77476, 3.26523]
						},
						"0.1667": {
							"vector": [-26.41032, 14.4632, -36.91996]
						},
						"0.2917": {
							"vector": [-2.37908, 18.11266, -10.28716]
						},
						"0.375": {
							"vector": [3.95262, -5.5092, -0.32834]
						},
						"0.5": {
							"vector": [8.50783, 18.22223, -5.92373]
						},
						"0.5833": {
							"vector": [3.90781, 13.58977, -4.42078]
						},
						"0.6667": {
							"vector": [10.93516, -2.06906, -0.69834]
						},
						"0.75": {
							"vector": [4.08677, 9.61772, 2.43034]
						},
						"0.8333": {
							"vector": [-14.01078, 16.47086, -9.29897]
						},
						"0.875": {
							"vector": [3.11699, 16.56051, 0.36966]
						},
						"0.9583": {
							"vector": [28.21948, 0.64159, 20.2971]
						},
						"1.0": {
							"vector": [12.30876, -8.77476, 3.26523]
						}
					}
				},
				"L2": {
					"rotation": {
						"0.0": {
							"vector": [20.30876, -8.77476, 3.26523]
						},
						"0.1667": {
							"vector": [-26.41032, 14.4632, -36.91996]
						},
						"0.25": {
							"vector": [-10.44759, 19.44232, -12.35129]
						},
						"0.3333": {
							"vector": [-11.13513, 11.15673, -9.4654]
						},
						"0.4167": {
							"vector": [11.95262, -5.5092, -0.32834]
						},
						"0.5417": {
							"vector": [15.50783, 18.22223, -5.92373]
						},
						"0.625": {
							"vector": [23.37776, 14.59087, 0.69369]
						},
						"0.7083": {
							"vector": [18.88785, -3.76051, 1.56835]
						},
						"0.7917": {
							"vector": [16.08677, 9.61772, 2.43034]
						},
						"0.875": {
							"vector": [2.92172, 27.25322, -11.09961]
						},
						"0.9167": {
							"vector": [16.77449, 21.7786, 4.36194]
						},
						"1.0": {
							"vector": [20.30876, -8.77476, 3.26523]
						}
					}
				},
				"L15": {
					"rotation": {
						"0.0": {
							"vector": [22.30876, -8.77476, 3.26523]
						},
						"0.125": {
							"vector": [-10.20683, 21.462, -20.67079]
						},
						"0.2083": {
							"vector": [-10.44759, 19.44232, -12.35129]
						},
						"0.2917": {
							"vector": [-4.13513, 11.15673, -9.4654]
						},
						"0.375": {
							"vector": [13.83155, -7.49204, -0.04022]
						},
						"0.4583": {
							"vector": [26.29683, 13.64052, -3.67534]
						},
						"0.5": {
							"vector": [31.52946, 24.20679, -5.49291]
						},
						"0.5833": {
							"vector": [33.95439, 22.03234, 7.36097]
						},
						"0.6667": {
							"vector": [27.92517, -2.93483, 6.87574]
						},
						"0.75": {
							"vector": [22.03199, 13.59079, 2.89704]
						},
						"0.8333": {
							"vector": [7.92172, 27.25322, -11.09961]
						},
						"0.875": {
							"vector": [22.77449, 21.7786, 4.36194]
						},
						"1.0": {
							"vector": [22.30876, -8.77476, 3.26523]
						}
					}
				},
				"L9": {
					"rotation": {
						"0.0": {
							"vector": [0, 19, -17.5]
						},
						"0.0833": {
							"vector": [2.23496, 12.47111, -1.42244]
						},
						"0.1667": {
							"vector": [0, 0, 0]
						},
						"0.25": {
							"vector": [-1.08019, 28.3621, -16.43962]
						},
						"0.3333": {
							"vector": [3.37377, 26.60633, 0.61461]
						},
						"0.4583": {
							"vector": [0, 0, 0]
						},
						"0.5417": {
							"vector": [0, 19, -17.5]
						},
						"0.625": {
							"vector": [-0.10882, 18.33683, 1.63456]
						},
						"0.7083": {
							"vector": [0, 0, 0]
						},
						"0.7917": {
							"vector": [-1.08019, 28.3621, -16.43962]
						},
						"0.875": {
							"vector": [3.37377, 26.60633, 0.61461]
						},
						"0.9583": {
							"vector": [0, 0, 0]
						},
						"1.0": {
							"vector": [0, 19, -17.5]
						}
					},
					"position": {
						"0.0": {
							"vector": [-0.2, 0, 0]
						},
						"1.0": {
							"vector": [-0.2, 0, 0]
						}
					}
				},
				"L10": {
					"rotation": {
						"0.0": {
							"vector": [0, 19, -17.5]
						},
						"0.0417": {
							"vector": [0, 19, -17.5]
						},
						"0.125": {
							"vector": [2.23496, 12.47111, -1.42244]
						},
						"0.2083": {
							"vector": [0, 0, 0]
						},
						"0.2917": {
							"vector": [-1.08019, 28.3621, -16.43962]
						},
						"0.375": {
							"vector": [3.37377, 26.60633, 0.61461]
						},
						"0.5": {
							"vector": [0, 0, 0]
						},
						"0.5833": {
							"vector": [0, 19, -17.5]
						},
						"0.6667": {
							"vector": [-0.10882, 18.33683, 1.63456]
						},
						"0.75": {
							"vector": [0, 0, 0]
						},
						"0.8333": {
							"vector": [-1.08019, 28.3621, -16.43962]
						},
						"0.9167": {
							"vector": [2.94027, 12.128, -0.2905]
						},
						"0.9583": {
							"vector": [1.39498, 7.56649, -9.10869]
						},
						"1.0": {
							"vector": [0, 19, -17.5]
						}
					},
					"position": {
						"0.0": {
							"vector": [-0.2, 0, 0]
						},
						"0.0417": {
							"vector": [-0.2, 0, 0]
						},
						"1.0": {
							"vector": [-0.2, 0, 0]
						}
					}
				},
				"R7": {
					"rotation": {
						"0.0": {
							"vector": [0, 15, 0]
						},
						"0.0417": {
							"vector": [0, 15, 0]
						},
						"0.125": {
							"vector": [5.13703, -12.33234, -6.53067]
						},
						"0.2083": {
							"vector": [5.09707, 10.08026, -4.53626]
						},
						"0.2917": {
							"vector": [0, 15, 0]
						},
						"0.3333": {
							"vector": [3.20506, 5.83049, 12.37284]
						},
						"0.375": {
							"vector": [0, 15, 0]
						},
						"0.4583": {
							"vector": [5.13703, -12.33234, -6.53067]
						},
						"0.5417": {
							"vector": [5.09707, 10.08026, -4.53626]
						},
						"0.5833": {
							"vector": [0, 15, 0]
						},
						"0.6667": {
							"vector": [3.16366, 6.82928, 12.43318]
						},
						"0.7083": {
							"vector": [0, 15, 0]
						},
						"0.7917": {
							"vector": [5.13703, -12.33234, -6.53067]
						},
						"0.875": {
							"vector": [5.09707, 10.08026, -4.53626]
						},
						"0.9167": {
							"vector": [0, 15, 0]
						},
						"1.0": {
							"vector": [0, 15, 0]
						}
					},
					"position": {
						"0.0": {
							"vector": [0, 0, -0.3]
						},
						"0.0417": {
							"vector": [0, 0, -0.3]
						},
						"0.125": {
							"vector": [0, -0.1, -0.5]
						},
						"0.5": {
							"vector": [0, -0.16, -0.6]
						},
						"0.7083": {
							"vector": [0, -0.04, -0.46]
						},
						"0.8333": {
							"vector": [0, -0.12, -0.57]
						},
						"0.9583": {
							"vector": [0.2, -0.02, -0.35]
						},
						"1.0": {
							"vector": [0, 0, -0.3]
						}
					}
				},
				"R9": {
					"rotation": {
						"0.0": {
							"vector": [0, 15, 0]
						},
						"0.0417": {
							"vector": [0, 15, 0]
						},
						"0.0833": {
							"vector": [0, 2, 0]
						},
						"0.1667": {
							"vector": [5.13703, -12.33234, -6.53067]
						},
						"0.25": {
							"vector": [5.09707, 10.08026, -4.53626]
						},
						"0.3333": {
							"vector": [0, 12, 0]
						},
						"0.375": {
							"vector": [3.20506, 5.83049, 12.37284]
						},
						"0.4167": {
							"vector": [0, 10, 0]
						},
						"0.5": {
							"vector": [5.06137, -9.34421, -6.25354]
						},
						"0.5833": {
							"vector": [5.09707, 10.08026, -4.53626]
						},
						"0.625": {
							"vector": [0, 12, 0]
						},
						"0.7083": {
							"vector": [3.16366, 6.82928, 12.43318]
						},
						"0.75": {
							"vector": [0, 10, 0]
						},
						"0.8333": {
							"vector": [5.11001, -11.33634, -6.43737]
						},
						"0.875": {
							"vector": [5.08915, 1.36406, -5.30858]
						},
						"0.9167": {
							"vector": [5.09707, 10.08026, -4.53626]
						},
						"0.9583": {
							"vector": [0, 8, 0]
						},
						"1.0": {
							"vector": [0, 15, 0]
						}
					},
					"position": {
						"0.0": {
							"vector": [0, 0, -0.3]
						},
						"0.0417": {
							"vector": [0, 0, -0.3]
						},
						"0.0833": {
							"vector": [0, 0, -0.3]
						},
						"0.1667": {
							"vector": [0, -0.1, -0.5]
						},
						"0.5417": {
							"vector": [0, -0.16, -0.6]
						},
						"0.75": {
							"vector": [0, -0.04, -0.46]
						},
						"0.875": {
							"vector": [0, -0.12, -0.57]
						},
						"1.0": {
							"vector": [0, 0, -0.3]
						}
					}
				},
				"R14": {
					"rotation": {
						"0.0": {
							"vector": [0, 15, 0]
						},
						"0.0833": {
							"vector": [0, 15, 0]
						},
						"0.125": {
							"vector": [0, 2, 0]
						},
						"0.2083": {
							"vector": [4.99157, -6.35572, -5.9817]
						},
						"0.2917": {
							"vector": [5.09707, 10.08026, -4.53626]
						},
						"0.375": {
							"vector": [0, 12, 0]
						},
						"0.4167": {
							"vector": [3.20506, 5.83049, 12.37284]
						},
						"0.4583": {
							"vector": [0, -1, 0]
						},
						"0.5417": {
							"vector": [5.06137, -9.34421, -6.25354]
						},
						"0.5833": {
							"vector": [5.05674, 4.3524, -5.0409]
						},
						"0.625": {
							"vector": [5.09707, 10.08026, -4.53626]
						},
						"0.6667": {
							"vector": [0, 12, 0]
						},
						"0.75": {
							"vector": [3.16366, 6.82928, 12.43318]
						},
						"0.7917": {
							"vector": [0, 10, 0]
						},
						"0.875": {
							"vector": [4.95838, -4.36327, -5.80511]
						},
						"0.9167": {
							"vector": [5.07456, 4.35227, -5.04247]
						},
						"0.9583": {
							"vector": [5.09707, 10.08026, -4.53626]
						},
						"1.0": {
							"vector": [0, 15, 0]
						}
					},
					"position": {
						"0.0": {
							"vector": [0, 0, -0.3]
						},
						"0.0833": {
							"vector": [0, 0, -0.3]
						},
						"0.125": {
							"vector": [0, 0, -0.3]
						},
						"0.2083": {
							"vector": [0, -0.1, -0.5]
						},
						"0.5833": {
							"vector": [0, -0.16, -0.6]
						},
						"0.7917": {
							"vector": [0, -0.04, -0.46]
						},
						"0.9167": {
							"vector": [0, -0.12, -0.57]
						},
						"1.0": {
							"vector": [0, 0, -0.3]
						}
					}
				},
				"R10": {
					"rotation": {
						"0.0": {
							"vector": [14.54263, 3.1445, -5.42188]
						},
						"0.125": {
							"vector": [5.57077, -0.9208, -4.9367]
						},
						"0.25": {
							"vector": [0, 15, 0]
						},
						"0.375": {
							"vector": [7.36038, 1.04124, 5.90421]
						},
						"0.4583": {
							"vector": [15.98692, -5.85761, -5.93796]
						},
						"0.5417": {
							"vector": [20.09707, 10.08026, -4.53626]
						},
						"0.625": {
							"vector": [28.76244, 2.7516, -12.78963]
						},
						"0.7083": {
							"vector": [-1.51538, -5.72436, 6.19295]
						},
						"0.7917": {
							"vector": [11.9111, -2.37063, -5.62727]
						},
						"0.8333": {
							"vector": [13.05674, 4.3524, -5.0409]
						},
						"0.875": {
							"vector": [13.09707, 10.08026, -4.53626]
						},
						"0.9167": {
							"vector": [9, 12, 0]
						},
						"1.0": {
							"vector": [14.54263, 3.1445, -5.42188]
						}
					},
					"position": {
						"0.0": {
							"vector": [0, 0, -0.3]
						},
						"0.125": {
							"vector": [0, 0, -0.3]
						},
						"0.2083": {
							"vector": [0, 0, -0.3]
						},
						"0.2917": {
							"vector": [0, 0, -0.3]
						},
						"0.3333": {
							"vector": [0, 0, -0.3]
						},
						"0.4167": {
							"vector": [0, -0.1, -0.5]
						},
						"0.7917": {
							"vector": [0, -0.16, -0.6]
						},
						"1.0": {
							"vector": [0, 0, -0.3]
						}
					}
				},
				"L12": {
					"rotation": {
						"0.0": {
							"vector": [2.94027, 12.128, -0.2905]
						},
						"0.0833": {
							"vector": [0, 19, -17.5]
						},
						"0.2083": {
							"vector": [2.23496, 12.47111, -1.42244]
						},
						"0.2917": {
							"vector": [0, 0, 0]
						},
						"0.375": {
							"vector": [-0.46369, 27.37028, -15.81004]
						},
						"0.4583": {
							"vector": [5.08884, 10.61771, 2.4334]
						},
						"0.5833": {
							"vector": [0, 0, 0]
						},
						"0.6667": {
							"vector": [1.01683, 15.02219, -16.39954]
						},
						"0.75": {
							"vector": [1.90363, 8.38402, 3.86926]
						},
						"0.8333": {
							"vector": [0, 0, 0]
						},
						"0.9167": {
							"vector": [2.63474, 17.4122, -12.57912]
						},
						"1.0": {
							"vector": [2.94027, 12.128, -0.2905]
						}
					},
					"position": {
						"vector": [-0.2, 0, 0]
					}
				},
				"L14": {
					"rotation": {
						"0.0": {
							"vector": [-6.02966, 7.56792, -9.80981]
						},
						"0.0417": {
							"vector": [2.94027, 12.128, -0.2905]
						},
						"0.125": {
							"vector": [0, 19, -17.5]
						},
						"0.25": {
							"vector": [2.23496, 12.47111, -1.42244]
						},
						"0.3333": {
							"vector": [0, 0, 0]
						},
						"0.4167": {
							"vector": [0.79142, 23.39128, -14.48986]
						},
						"0.5": {
							"vector": [5.08884, 10.61771, 2.4334]
						},
						"0.625": {
							"vector": [0, -3, 0]
						},
						"0.7083": {
							"vector": [1.01683, 15.02219, -16.39954]
						},
						"0.7917": {
							"vector": [1.90363, 8.38402, 3.86926]
						},
						"0.875": {
							"vector": [0, -5, 0]
						},
						"0.9167": {
							"vector": [-2.31311, 1.1687, -3.68702]
						},
						"1.0": {
							"vector": [-6.02966, 7.56792, -9.80981]
						}
					},
					"position": {
						"vector": [-0.2, 0, 0]
					}
				},
				"L13": {
					"rotation": {
						"0.0": {
							"vector": [0.68373, 12.04666, -9.93578]
						},
						"0.0417": {
							"vector": [0, 19, -17.5]
						},
						"0.0833": {
							"vector": [1.14478, 14.02587, -16.24751]
						},
						"0.1667": {
							"vector": [2.23496, 12.47111, -1.42244]
						},
						"0.25": {
							"vector": [0, 0, 0]
						},
						"0.3333": {
							"vector": [-1.08019, 28.3621, -16.43962]
						},
						"0.4167": {
							"vector": [4.16177, 21.61162, 1.43551]
						},
						"0.5": {
							"vector": [0, 0, 0]
						},
						"0.625": {
							"vector": [0, 19, -17.5]
						},
						"0.7083": {
							"vector": [1.51647, 10.37589, 3.44178]
						},
						"0.7917": {
							"vector": [0, 0, 0]
						},
						"0.875": {
							"vector": [2.40226, 17.41254, -12.80125]
						},
						"0.9583": {
							"vector": [3.14984, 10.13149, -0.0499]
						},
						"1.0": {
							"vector": [0.68373, 12.04666, -9.93578]
						}
					},
					"position": {
						"0.0": {
							"vector": [-0.2, 0, 0]
						},
						"0.0417": {
							"vector": [-0.2, 0, 0]
						},
						"0.0833": {
							"vector": [-0.2, 0, 0]
						}
					}
				},
				"R11": {
					"rotation": {
						"0.0": {
							"vector": [5.09707, 10.08026, -4.53626]
						},
						"0.125": {
							"vector": [0, 15, 0]
						},
						"0.25": {
							"vector": [-0.62945, 2.03299, 6.03281]
						},
						"0.3333": {
							"vector": [4.98692, -5.85761, -5.93796]
						},
						"0.4167": {
							"vector": [5.09707, 10.08026, -4.53626]
						},
						"0.5": {
							"vector": [0, 12, 0]
						},
						"0.5417": {
							"vector": [3.20506, 5.83049, 12.37284]
						},
						"0.5833": {
							"vector": [0, -1, 0]
						},
						"0.6667": {
							"vector": [4.9111, -2.37063, -5.62727]
						},
						"0.7083": {
							"vector": [5.05674, 4.3524, -5.0409]
						},
						"0.75": {
							"vector": [5.09707, 10.08026, -4.53626]
						},
						"0.7917": {
							"vector": [0, 12, 0]
						},
						"0.875": {
							"vector": [3.16366, 6.82928, 12.43318]
						},
						"0.9167": {
							"vector": [6, -1, 0]
						},
						"1.0": {
							"vector": [5.09707, 10.08026, -4.53626]
						}
					},
					"position": {
						"0.0": {
							"vector": [0, 0, -0.3]
						},
						"0.0833": {
							"vector": [0, 0, -0.3]
						},
						"0.1667": {
							"vector": [0, 0, -0.3]
						},
						"0.2083": {
							"vector": [0, 0, -0.3]
						},
						"0.2917": {
							"vector": [0, -0.1, -0.5]
						},
						"0.6667": {
							"vector": [0, -0.16, -0.6]
						},
						"0.875": {
							"vector": [0, -0.04, -0.46]
						},
						"1.0": {
							"vector": [0, 0, -0.3]
						}
					}
				},
				"R12": {
					"rotation": {
						"0.0": {
							"vector": [5.09707, 10.08026, -4.53626]
						},
						"0.0417": {
							"vector": [5.09707, 10.08026, -4.53626]
						},
						"0.0833": {
							"vector": [0, 15, 0]
						},
						"0.2083": {
							"vector": [-0.62945, 2.03299, 6.03281]
						},
						"0.2917": {
							"vector": [4.99157, -6.35572, -5.9817]
						},
						"0.375": {
							"vector": [5.09707, 10.08026, -4.53626]
						},
						"0.4583": {
							"vector": [0, 12, 0]
						},
						"0.5": {
							"vector": [3.20506, 5.83049, 12.37284]
						},
						"0.5417": {
							"vector": [0, -1, 0]
						},
						"0.625": {
							"vector": [4.9111, -2.37063, -5.62727]
						},
						"0.6667": {
							"vector": [5.05674, 4.3524, -5.0409]
						},
						"0.7083": {
							"vector": [5.09707, 10.08026, -4.53626]
						},
						"0.75": {
							"vector": [0, 12, 0]
						},
						"0.8333": {
							"vector": [3.16366, 6.82928, 12.43318]
						},
						"0.875": {
							"vector": [0, 10, 0]
						},
						"0.9583": {
							"vector": [4.95838, -4.36327, -5.80511]
						},
						"1.0": {
							"vector": [5.09707, 10.08026, -4.53626]
						}
					},
					"position": {
						"0.0": {
							"vector": [0, 0, -0.3]
						},
						"0.0417": {
							"vector": [0, 0, -0.3]
						},
						"0.125": {
							"vector": [0, 0, -0.3]
						},
						"0.1667": {
							"vector": [0, 0, -0.3]
						},
						"0.25": {
							"vector": [0, -0.1, -0.5]
						},
						"0.625": {
							"vector": [0, -0.16, -0.6]
						},
						"0.8333": {
							"vector": [0, -0.04, -0.46]
						},
						"0.9583": {
							"vector": [0, -0.12, -0.57]
						},
						"1.0": {
							"vector": [0, 0, -0.3]
						}
					}
				},
				"R13": {
					"rotation": {
						"0.0": {
							"vector": [5.09707, 10.08026, -4.53626]
						},
						"0.0417": {
							"vector": [0, 15, 0]
						},
						"0.1667": {
							"vector": [-0.62945, 2.03299, 6.03281]
						},
						"0.25": {
							"vector": [4.99157, -6.35572, -5.9817]
						},
						"0.3333": {
							"vector": [5.09707, 10.08026, -4.53626]
						},
						"0.4167": {
							"vector": [0, 12, 0]
						},
						"0.4583": {
							"vector": [3.20506, 5.83049, 12.37284]
						},
						"0.5": {
							"vector": [0, -1, 0]
						},
						"0.5833": {
							"vector": [4.9111, -2.37063, -5.62727]
						},
						"0.625": {
							"vector": [5.05674, 4.3524, -5.0409]
						},
						"0.6667": {
							"vector": [5.09707, 10.08026, -4.53626]
						},
						"0.7083": {
							"vector": [0, 12, 0]
						},
						"0.7917": {
							"vector": [3.16366, 6.82928, 12.43318]
						},
						"0.8333": {
							"vector": [0, 10, 0]
						},
						"0.9167": {
							"vector": [4.95838, -4.36327, -5.80511]
						},
						"0.9583": {
							"vector": [5.07456, 4.35227, -5.04247]
						},
						"1.0": {
							"vector": [5.09707, 10.08026, -4.53626]
						}
					},
					"position": {
						"0.0": {
							"vector": [0, 0, -0.3]
						},
						"0.0833": {
							"vector": [0, 0, -0.3]
						},
						"0.125": {
							"vector": [0, 0, -0.3]
						},
						"0.2083": {
							"vector": [0, -0.1, -0.5]
						},
						"0.5833": {
							"vector": [0, -0.16, -0.6]
						},
						"0.7917": {
							"vector": [0, -0.04, -0.46]
						},
						"0.9167": {
							"vector": [0, -0.12, -0.57]
						},
						"1.0": {
							"vector": [0, 0, -0.3]
						}
					}
				},
				"R15": {
					"rotation": {
						"0.0": {
							"vector": [18.40489, -12.53373, -1.06676]
						},
						"0.0833": {
							"vector": [14.87847, -8.80112, -7.88522]
						},
						"0.1667": {
							"vector": [4.33138, 0.52464, -5.50166]
						},
						"0.25": {
							"vector": [-0.04195, -5.5134, -17.26387]
						},
						"0.3333": {
							"vector": [13.53976, -11.15262, 0.69479]
						},
						"0.4167": {
							"vector": [15.87792, -15.46034, -5.9129]
						},
						"0.5": {
							"vector": [25.7369, 1.87506, -10.59434]
						},
						"0.5417": {
							"vector": [26.811, 6.26071, -7.89414]
						},
						"0.6667": {
							"vector": [26.0629, -9.73251, -3.08795]
						},
						"0.8333": {
							"vector": [19.67144, 6.14207, -8.44832]
						},
						"1.0": {
							"vector": [18.40489, -12.53373, -1.06676]
						}
					},
					"position": {
						"0.0": {
							"vector": [0, -0.04, -0.46]
						},
						"0.0417": {
							"vector": [0, 0, -0.3]
						},
						"0.0833": {
							"vector": [0, 0, -0.3]
						},
						"0.1667": {
							"vector": [0, 0, -0.3]
						},
						"0.25": {
							"vector": [0, 0, -0.3]
						},
						"0.3333": {
							"vector": [0, 0, -0.3]
						},
						"0.4167": {
							"vector": [0, 0, -0.3]
						},
						"0.5": {
							"vector": [0, -0.1, -0.5]
						},
						"0.8333": {
							"vector": [0, -0.16, -0.6]
						},
						"1.0": {
							"vector": [0, -0.04, -0.46]
						}
					}
				},
				"mainabdomen2": {
					"rotation": {
						"0.0": {
							"vector": [0, 0, 0]
						},
						"0.5": {
							"vector": [-13, 3, 0]
						},
						"1.0": {
							"vector": [0, 0, 0]
						}
					},
					"position": {
						"0.0": {
							"vector": [0, 0, 0]
						},
						"0.5": {
							"vector": [0, 0.2, 0]
						},
						"1.0": {
							"vector": [0, 0, 0]
						}
					},
					"scale": {
						"0.0": {
							"vector": [1, 1, 1]
						},
						"0.5": {
							"vector": [1.06, 1, 1]
						},
						"1.0": {
							"vector": [1, 1, 1]
						}
					}
				},
				"mainabdomen3": {
					"rotation": {
						"0.0": {
							"vector": [0, 0, 0]
						},
						"0.5": {
							"vector": [0, -3, 0]
						},
						"1.0": {
							"vector": [0, 0, 0]
						}
					},
					"scale": {
						"0.0": {
							"vector": [1, 1, 1]
						},
						"0.5": {
							"vector": [1.12, 1, 1]
						},
						"1.0": {
							"vector": [1, 1, 1]
						}
					}
				},
				"fronthead": {
					"rotation": {
						"0.0": {
							"vector": [0, 0, 0]
						},
						"0.5833": {
							"vector": [-2, 0, 0]
						},
						"1.0": {
							"vector": [0, 0, 0]
						}
					},
					"position": {
						"0.0": {
							"vector": [0, 0.9, 0]
						},
						"0.25": {
							"vector": [0, 1.6, 0]
						},
						"0.5833": {
							"vector": [0, 1.3, 0]
						},
						"0.7917": {
							"vector": [0, 1.3, 0]
						},
						"1.0": {
							"vector": [0, 0.9, 0]
						}
					}
				}
			}
		}
	},
	"geckolib_format_version": 2
}