{
	"format_version": "1.8.0",
	"animations": {
		"animation.hornet.idle": {
			"animation_length": 0.95833,
			"bones": {
				"frontbody": {
					"rotation": {
						"0.0": {
							"vector": [0, 0, 0]
						},
						"0.4167": {
							"vector": [1, 0, 0]
						},
						"0.9583": {
							"vector": [0, 0, 0]
						}
					},
					"scale": {
						"0.0": {
							"vector": [1, 1, 1]
						},
						"0.9583": {
							"vector": [1, 1, 1]
						}
					}
				},
				"mainabdomen": {
					"scale": {
						"0.0": {
							"vector": [1, 1, 1.09]
						},
						"0.125": {
							"vector": [0.95, 0.95, 1.12]
						},
						"0.7083": {
							"vector": [1, 0.95, 1.12]
						},
						"0.9583": {
							"vector": [1, 1, 1.09]
						}
					}
				},
				"horrorhornet": {
					"position": {
						"vector": [0, 0, 0]
					}
				},
				"L2": {
					"position": {
						"vector": [0, 0, 0.1]
					}
				},
				"head": {
					"rotation": {
						"0.0": {
							"vector": [0, 0, 0]
						},
						"0.9583": {
							"vector": [0, 0, 0]
						}
					},
					"position": {
						"0.0": {
							"vector": [0, 0, 0]
						},
						"0.9583": {
							"vector": [0, 0, 0]
						}
					}
				},
				"wingr": {
					"rotation": {
						"0.0": {
							"vector": [-3.29396, 33.23116, -11.93871]
						},
						"0.5": {
							"vector": [-6.84432, 40.85081, -17.81622]
						},
						"0.9583": {
							"vector": [-3.29396, 33.23116, -11.93871]
						}
					},
					"position": {
						"vector": [-0.3, 0, 0]
					}
				},
				"wingl": {
					"rotation": {
						"0.0": {
							"vector": [-5.13728, -29.64148, 9.19168]
						},
						"0.5": {
							"vector": [-8.1925, -41.77845, 18.25902]
						},
						"0.9583": {
							"vector": [-5.13728, -29.64148, 9.19168]
						}
					},
					"position": {
						"vector": [0.4, 0, 0]
					}
				}
			}
		},
		"animation.hornet.flying": {
			"animation_length": 0.95833,
			"bones": {
				"frontbody": {
					"rotation": {
						"0.0": {
							"vector": [0, 0, 0]
						},
						"0.4167": {
							"vector": [1, 0, 0]
						},
						"0.9583": {
							"vector": [0, 0, 0]
						}
					},
					"scale": {
						"0.0": {
							"vector": [1, 1, 1]
						},
						"0.9583": {
							"vector": [1, 1, 1]
						}
					}
				},
				"mainabdomen": {
					"rotation": {
						"0.0": {
							"vector": [0, 0, 0]
						},
						"0.4583": {
							"vector": [11, 0, 0]
						},
						"0.75": {
							"vector": [0, 0, 0]
						},
						"0.9583": {
							"vector": [0, 0, 0]
						}
					},
					"position": {
						"0.0": {
							"vector": [0, 0, 0]
						},
						"0.4583": {
							"vector": [0, 0.3, 0]
						},
						"0.9583": {
							"vector": [0, 0, 0]
						}
					},
					"scale": {
						"0.0": {
							"vector": [1, 1, 1.33]
						},
						"0.125": {
							"vector": [0.95, 0.95, 1.3]
						},
						"0.7083": {
							"vector": [1, 0.95, 1.24]
						},
						"0.9583": {
							"vector": [1, 1, 1.33]
						}
					}
				},
				"horrorhornet": {
					"rotation": {
						"0.0": {
							"vector": [-20, 0, 0]
						},
						"0.25": {
							"vector": [-14.50524, 0.53881, 1.89968]
						},
						"0.3333": {
							"vector": [-12.61186, 1.71893, 6.40628]
						},
						"0.4583": {
							"vector": [-9.85036, 1.97579, 7.73926]
						},
						"0.75": {
							"vector": [-24.87966, -2.5319, -5.44139]
						},
						"0.9583": {
							"vector": [-20, 0, 0]
						}
					},
					"position": {
						"0.0": {
							"vector": [0, 3, 0]
						},
						"0.4583": {
							"vector": [0, 4.2, 0]
						},
						"0.9583": {
							"vector": [0, 3, 0]
						}
					}
				},
				"L2": {
					"rotation": {
						"0.0": {
							"vector": [-24, 0, 0]
						},
						"0.5": {
							"vector": [2, 0, 0]
						},
						"0.9583": {
							"vector": [-24, 0, 0]
						}
					},
					"position": {
						"vector": [0, 0, 0.1]
					}
				},
				"head": {
					"rotation": {
						"vector": [15, 0, 0]
					},
					"position": {
						"vector": [0, 0, 0]
					}
				},
				"wingr": {
					"rotation": {
						"0.0": {
							"vector": [64.80008, 38.91441, 36.05077]
						},
						"0.0417": {
							"vector": [-23.90975, 24.0178, -8.97545]
						},
						"0.0833": {
							"vector": [64.80008, 38.91441, 36.05077]
						},
						"0.125": {
							"vector": [-23.90975, 24.0178, -8.97545]
						},
						"0.1667": {
							"vector": [64.80008, 38.91441, 36.05077]
						},
						"0.2083": {
							"vector": [-23.90975, 24.0178, -8.97545]
						},
						"0.25": {
							"vector": [64.80008, 38.91441, 36.05077]
						},
						"0.2917": {
							"vector": [-23.90975, 24.0178, -8.97545]
						},
						"0.3333": {
							"vector": [64.80008, 38.91441, 36.05077]
						},
						"0.375": {
							"vector": [-23.90975, 24.0178, -8.97545]
						},
						"0.4167": {
							"vector": [64.80008, 38.91441, 36.05077]
						},
						"0.4583": {
							"vector": [-23.90975, 24.0178, -8.97545]
						},
						"0.5": {
							"vector": [64.80008, 38.91441, 36.05077]
						},
						"0.5417": {
							"vector": [-23.90975, 24.0178, -8.97545]
						},
						"0.5833": {
							"vector": [64.80008, 38.91441, 36.05077]
						},
						"0.625": {
							"vector": [-23.90975, 24.0178, -8.97545]
						},
						"0.6667": {
							"vector": [64.80008, 38.91441, 36.05077]
						},
						"0.7083": {
							"vector": [-23.90975, 24.0178, -8.97545]
						},
						"0.75": {
							"vector": [64.80008, 38.91441, 36.05077]
						},
						"0.7917": {
							"vector": [-23.90975, 24.0178, -8.97545]
						},
						"0.8333": {
							"vector": [64.80008, 38.91441, 36.05077]
						},
						"0.875": {
							"vector": [-23.90975, 24.0178, -8.97545]
						},
						"0.9167": {
							"vector": [64.80008, 38.91441, 36.05077]
						},
						"0.9583": {
							"vector": [-23.90975, 24.0178, -8.97545]
						}
					},
					"position": {
						"0.0": {
							"vector": [-0.3, 0, 0]
						},
						"0.0417": {
							"vector": [0, 0, 0]
						},
						"0.0833": {
							"vector": [-0.3, 0, 0]
						},
						"0.125": {
							"vector": [0, 0, 0]
						},
						"0.1667": {
							"vector": [-0.3, 0, 0]
						},
						"0.2083": {
							"vector": [0, 0, 0]
						},
						"0.25": {
							"vector": [-0.3, 0, 0]
						},
						"0.2917": {
							"vector": [0, 0, 0]
						},
						"0.3333": {
							"vector": [-0.3, 0, 0]
						},
						"0.375": {
							"vector": [0, 0, 0]
						},
						"0.4167": {
							"vector": [-0.3, 0, 0]
						},
						"0.4583": {
							"vector": [0, 0, 0]
						},
						"0.5": {
							"vector": [-0.3, 0, 0]
						},
						"0.5417": {
							"vector": [0, 0, 0]
						},
						"0.5833": {
							"vector": [-0.3, 0, 0]
						},
						"0.625": {
							"vector": [0, 0, 0]
						},
						"0.6667": {
							"vector": [-0.3, 0, 0]
						},
						"0.7083": {
							"vector": [0, 0, 0]
						},
						"0.75": {
							"vector": [-0.3, 0, 0]
						},
						"0.7917": {
							"vector": [0, 0, 0]
						},
						"0.8333": {
							"vector": [-0.3, 0, 0]
						},
						"0.875": {
							"vector": [0, 0, 0]
						},
						"0.9167": {
							"vector": [-0.3, 0, 0]
						},
						"0.9583": {
							"vector": [0, 0, 0]
						}
					}
				},
				"wingl": {
					"rotation": {
						"0.0": {
							"vector": [47.67634, -32.52113, -40.29536]
						},
						"0.0417": {
							"vector": [-23.68237, -25.40583, 16.84891]
						},
						"0.0833": {
							"vector": [47.67634, -32.52113, -40.29536]
						},
						"0.125": {
							"vector": [-23.68237, -25.40583, 16.84891]
						},
						"0.1667": {
							"vector": [47.67634, -32.52113, -40.29536]
						},
						"0.2083": {
							"vector": [-23.68237, -25.40583, 16.84891]
						},
						"0.25": {
							"vector": [47.67634, -32.52113, -40.29536]
						},
						"0.2917": {
							"vector": [-23.68237, -25.40583, 16.84891]
						},
						"0.3333": {
							"vector": [47.67634, -32.52113, -40.29536]
						},
						"0.375": {
							"vector": [-23.68237, -25.40583, 16.84891]
						},
						"0.4167": {
							"vector": [47.67634, -32.52113, -40.29536]
						},
						"0.4583": {
							"vector": [-23.68237, -25.40583, 16.84891]
						},
						"0.5": {
							"vector": [47.67634, -32.52113, -40.29536]
						},
						"0.5417": {
							"vector": [-23.68237, -25.40583, 16.84891]
						},
						"0.5833": {
							"vector": [47.67634, -32.52113, -40.29536]
						},
						"0.625": {
							"vector": [-23.68237, -25.40583, 16.84891]
						},
						"0.6667": {
							"vector": [47.67634, -32.52113, -40.29536]
						},
						"0.7083": {
							"vector": [-23.68237, -25.40583, 16.84891]
						},
						"0.75": {
							"vector": [47.67634, -32.52113, -40.29536]
						},
						"0.7917": {
							"vector": [-23.68237, -25.40583, 16.84891]
						},
						"0.8333": {
							"vector": [47.67634, -32.52113, -40.29536]
						},
						"0.875": {
							"vector": [-23.68237, -25.40583, 16.84891]
						},
						"0.9167": {
							"vector": [47.67634, -32.52113, -40.29536]
						},
						"0.9583": {
							"vector": [-23.68237, -25.40583, 16.84891]
						}
					},
					"position": {
						"0.0": {
							"vector": [0.2, -0.1, 0]
						},
						"0.0417": {
							"vector": [0, 0, 0]
						},
						"0.0833": {
							"vector": [0.2, -0.1, 0]
						},
						"0.125": {
							"vector": [0, 0, 0]
						},
						"0.1667": {
							"vector": [0.2, -0.1, 0]
						},
						"0.2083": {
							"vector": [0, 0, 0]
						},
						"0.25": {
							"vector": [0.2, -0.1, 0]
						},
						"0.2917": {
							"vector": [0, 0, 0]
						},
						"0.3333": {
							"vector": [0.2, -0.1, 0]
						},
						"0.375": {
							"vector": [0, 0, 0]
						},
						"0.4167": {
							"vector": [0.2, -0.1, 0]
						},
						"0.4583": {
							"vector": [0, 0, 0]
						},
						"0.5": {
							"vector": [0.2, -0.1, 0]
						},
						"0.5417": {
							"vector": [0, 0, 0]
						},
						"0.5833": {
							"vector": [0.2, -0.1, 0]
						},
						"0.625": {
							"vector": [0, 0, 0]
						},
						"0.6667": {
							"vector": [0.2, -0.1, 0]
						},
						"0.7083": {
							"vector": [0, 0, 0]
						},
						"0.75": {
							"vector": [0.2, -0.1, 0]
						},
						"0.7917": {
							"vector": [0, 0, 0]
						},
						"0.8333": {
							"vector": [0.2, -0.1, 0]
						},
						"0.875": {
							"vector": [0, 0, 0]
						},
						"0.9167": {
							"vector": [0.2, -0.1, 0]
						},
						"0.9583": {
							"vector": [0, 0, 0]
						}
					}
				},
				"L4": {
					"rotation": {
						"0.0": {
							"vector": [1, 0, 0]
						},
						"0.4583": {
							"vector": [-7.30196, -16.32364, 4.77324]
						},
						"0.9583": {
							"vector": [1, 0, 0]
						}
					},
					"position": {
						"vector": [0, 0.2, -0.2]
					},
					"scale": {
						"vector": [1, 1.27, 1]
					}
				},
				"L3": {
					"rotation": {
						"0.0": {
							"vector": [28, 0, 0]
						},
						"0.5": {
							"vector": [-1, 0, 0]
						},
						"0.9583": {
							"vector": [28, 0, 0]
						}
					}
				},
				"R3": {
					"rotation": {
						"0.0": {
							"vector": [29.51029, 6.86571, 1.04703]
						},
						"0.5": {
							"vector": [3.51029, 6.86571, 1.04703]
						},
						"0.9583": {
							"vector": [29.51029, 6.86571, 1.04703]
						}
					}
				},
				"R2": {
					"rotation": {
						"0.0": {
							"vector": [-20, 0, 0]
						},
						"0.5": {
							"vector": [2, 0, 0]
						},
						"0.9583": {
							"vector": [-20, 0, 0]
						}
					}
				},
				"R4": {
					"rotation": {
						"0.0": {
							"vector": [3, 0, 0]
						},
						"0.4583": {
							"vector": [2.05486, 7.0509, -0.14644]
						},
						"0.9583": {
							"vector": [3, 0, 0]
						}
					},
					"position": {
						"vector": [0, 0, -0.2]
					},
					"scale": {
						"vector": [1, 1.32, 1]
					}
				},
				"innershrink": {
					"scale": {
						"0.0": {
							"vector": [1, 1, 1]
						},
						"0.5": {
							"vector": [1, 0.97, 1]
						},
						"0.9583": {
							"vector": [1, 1, 1]
						}
					}
				},
				"head7": {
					"rotation": {
						"vector": [16.01541, 1.02992, 1.71452]
					}
				},
				"head6": {
					"rotation": {
						"vector": [15, 0, 0]
					}
				},
				"head3": {
					"rotation": {
						"vector": [15, 0, 0]
					}
				}
			}
		},
		"animation.hornet.sting": {
			"animation_length": 1,
			"bones": {
				"horrorhornet": {
					"rotation": {
						"0.0": {
							"vector": [0, 0, 0]
						},
						"0.0833": {
							"vector": [-6, 0, 0]
						},
						"0.2917": {
							"vector": [1.3059, 0.06843, -2.99922]
						},
						"0.625": {
							"vector": [13, 0, 0]
						},
						"0.7917": {
							"vector": [7.21243, -0.37698, 2.97624]
						},
						"1.0": {
							"vector": [0, 0, 0]
						}
					},
					"position": {
						"0.0": {
							"vector": [0, 3.2, 0]
						},
						"0.0833": {
							"vector": [0, 3.2, -0.4]
						},
						"0.625": {
							"vector": [0, 4.87, 1.17]
						},
						"1.0": {
							"vector": [0, 3.2, 0]
						}
					}
				},
				"L4": {
					"rotation": {
						"vector": [-52, 0, 0]
					},
					"position": {
						"vector": [0.3, -0.7, 0.3]
					}
				},
				"R4": {
					"rotation": {
						"vector": [-45, 0, 0]
					},
					"position": {
						"vector": [0, -0.6, -0.5]
					}
				},
				"mainabdomen": {
					"rotation": {
						"0.0": {
							"vector": [-127, 0, 0]
						},
						"0.1667": {
							"vector": [-136, 0, 0]
						},
						"0.5417": {
							"vector": [-123.95, 0, 0]
						},
						"1.0": {
							"vector": [-127, 0, 0]
						}
					},
					"position": {
						"0.0": {
							"vector": [0, -2.8, -0.8]
						},
						"0.1667": {
							"vector": [0, -2.8, -1.3]
						},
						"0.5417": {
							"vector": [0, -2.9, -0.88]
						},
						"1.0": {
							"vector": [0, -2.8, -0.8]
						}
					},
					"scale": {
						"0.0": {
							"vector": [1, 1, 1]
						},
						"0.1667": {
							"vector": [1, 1, 1.29]
						},
						"1.0": {
							"vector": [1, 1, 1]
						}
					}
				},
				"wingr": {
					"rotation": {
						"0.0": {
							"vector": [-55.06965, 9.32391, -13.06057]
						},
						"0.0417": {
							"vector": [23, 0, 0]
						},
						"0.0833": {
							"vector": [-55.06965, 9.32391, -13.06057]
						},
						"0.125": {
							"vector": [23, 0, 0]
						},
						"0.1667": {
							"vector": [-55.06965, 9.32391, -13.06057]
						},
						"0.2083": {
							"vector": [23, 0, 0]
						},
						"0.25": {
							"vector": [-55.06965, 9.32391, -13.06057]
						},
						"0.2917": {
							"vector": [23, 0, 0]
						},
						"0.3333": {
							"vector": [-55.06965, 9.32391, -13.06057]
						},
						"0.375": {
							"vector": [23, 0, 0]
						},
						"0.4167": {
							"vector": [-55.06965, 9.32391, -13.06057]
						},
						"0.4583": {
							"vector": [23, 0, 0]
						},
						"0.5": {
							"vector": [-55.06965, 9.32391, -13.06057]
						},
						"0.5417": {
							"vector": [23, 0, 0]
						},
						"0.5833": {
							"vector": [-55.06965, 9.32391, -13.06057]
						},
						"0.625": {
							"vector": [23, 0, 0]
						},
						"0.6667": {
							"vector": [-55.06965, 9.32391, -13.06057]
						},
						"0.7083": {
							"vector": [23, 0, 0]
						},
						"0.75": {
							"vector": [-55.06965, 9.32391, -13.06057]
						},
						"0.7917": {
							"vector": [23, 0, 0]
						},
						"0.8333": {
							"vector": [-55.06965, 9.32391, -13.06057]
						},
						"0.875": {
							"vector": [23, 0, 0]
						},
						"0.9167": {
							"vector": [-55.06965, 9.32391, -13.06057]
						},
						"0.9583": {
							"vector": [23, 0, 0]
						},
						"1.0": {
							"vector": [-55.06965, 9.32391, -13.06057]
						}
					}
				},
				"wingl": {
					"rotation": {
						"0.0": {
							"vector": [-46.54433, -1.65903, 16.78892]
						},
						"0.0417": {
							"vector": [20, 0, 0]
						},
						"0.0833": {
							"vector": [-46.54433, -1.65903, 16.78892]
						},
						"0.125": {
							"vector": [20, 0, 0]
						},
						"0.1667": {
							"vector": [-46.54433, -1.65903, 16.78892]
						},
						"0.2083": {
							"vector": [20, 0, 0]
						},
						"0.25": {
							"vector": [-46.54433, -1.65903, 16.78892]
						},
						"0.2917": {
							"vector": [20, 0, 0]
						},
						"0.3333": {
							"vector": [-46.54433, -1.65903, 16.78892]
						},
						"0.375": {
							"vector": [20, 0, 0]
						},
						"0.4167": {
							"vector": [-46.54433, -1.65903, 16.78892]
						},
						"0.4583": {
							"vector": [20, 0, 0]
						},
						"0.5": {
							"vector": [-46.54433, -1.65903, 16.78892]
						},
						"0.5417": {
							"vector": [20, 0, 0]
						},
						"0.5833": {
							"vector": [-46.54433, -1.65903, 16.78892]
						},
						"0.625": {
							"vector": [20, 0, 0]
						},
						"0.6667": {
							"vector": [-46.54433, -1.65903, 16.78892]
						},
						"0.7083": {
							"vector": [20, 0, 0]
						},
						"0.75": {
							"vector": [-46.54433, -1.65903, 16.78892]
						},
						"0.7917": {
							"vector": [20, 0, 0]
						},
						"0.8333": {
							"vector": [-46.54433, -1.65903, 16.78892]
						},
						"0.875": {
							"vector": [20, 0, 0]
						},
						"0.9167": {
							"vector": [-46.54433, -1.65903, 16.78892]
						},
						"0.9583": {
							"vector": [20, 0, 0]
						},
						"1.0": {
							"vector": [-46.54433, -1.65903, 16.78892]
						}
					}
				}
			}
		},
		"animation.hornet.death": {
			"animation_length": 0.95833,
			"bones": {
				"L4": {
					"rotation": {
						"0.0": {
							"vector": [-7.71924, -14.40437, 0.6492]
						},
						"0.375": {
							"vector": [-9.71924, -14.40437, 0.6492]
						},
						"0.4583": {
							"vector": [-9.83686, 13.13277, -8.5431]
						},
						"0.9583": {
							"vector": [-7.71924, -14.40437, 0.6492]
						}
					}
				},
				"R4": {
					"rotation": {
						"0.0": {
							"vector": [-6.49757, 14.7775, -2.90864]
						},
						"0.375": {
							"vector": [-9.49757, 14.7775, -2.90864]
						},
						"0.5833": {
							"vector": [-10.05133, -26.72576, 3.87686]
						},
						"0.9583": {
							"vector": [-6.49757, 14.7775, -2.90864]
						}
					}
				},
				"frontbody": {
					"rotation": {
						"0.0": {
							"vector": [0, 0, 0]
						},
						"0.4167": {
							"vector": [1, 0, 0]
						},
						"0.9583": {
							"vector": [0, 0, 0]
						}
					}
				},
				"mainabdomen": {
					"scale": {
						"0.0": {
							"vector": [1, 1, 1]
						},
						"0.4167": {
							"vector": [1, 0.95, 1.12]
						},
						"0.9583": {
							"vector": [1, 1, 1]
						}
					}
				},
				"horrorhornet": {
					"rotation": {
						"vector": [-178.46421, 0.50593, 0.15424]
					},
					"position": {
						"vector": [0, 1, 0]
					}
				},
				"L3": {
					"rotation": {
						"0.0": {
							"vector": [0, 0, 0]
						},
						"0.375": {
							"vector": [0, 0, 7]
						},
						"0.5833": {
							"vector": [0, -6, 6]
						},
						"0.9583": {
							"vector": [0, 0, 0]
						}
					}
				},
				"R3": {
					"rotation": {
						"0.0": {
							"vector": [0, 0, 0]
						},
						"0.375": {
							"vector": [0, 0, -4]
						},
						"0.9583": {
							"vector": [0, 0, 0]
						}
					},
					"position": {
						"0.0": {
							"vector": [-0.2, 0, 0]
						},
						"0.375": {
							"vector": [-0.3, 0, 0]
						},
						"0.9583": {
							"vector": [-0.2, 0, 0]
						}
					}
				},
				"L2": {
					"rotation": {
						"0.0": {
							"vector": [0, 0, 0]
						},
						"0.375": {
							"vector": [0, 0, 12]
						},
						"0.6667": {
							"vector": [0, -15, 10.28571]
						},
						"0.9583": {
							"vector": [0, 0, 0]
						}
					},
					"position": {
						"0.0": {
							"vector": [0.1, 0, 0.1]
						},
						"0.375": {
							"vector": [0.4, 0, 0.1]
						},
						"0.6667": {
							"vector": [0.35, 0, 0.3]
						},
						"0.9583": {
							"vector": [0.1, 0, 0.1]
						}
					}
				},
				"R2": {
					"rotation": {
						"0.0": {
							"vector": [0, 0, 0]
						},
						"0.375": {
							"vector": [0, 0, -4]
						},
						"0.5833": {
							"vector": [0.0055, 5.99181, -2.88049]
						},
						"0.9583": {
							"vector": [0, 0, 0]
						}
					},
					"position": {
						"0.0": {
							"vector": [0, 0, 0]
						},
						"0.375": {
							"vector": [-0.1, 0, 0]
						},
						"0.9583": {
							"vector": [0, 0, 0]
						}
					}
				},
				"wingl": {
					"rotation": {
						"vector": [8, 0, 0]
					}
				},
				"wings": {
					"rotation": {
						"vector": [-31, 0, 0]
					}
				}
			}
		},
		"animation.hornet.scurrying": {
			"animation_length": 1,
			"bones": {
				"horrorhornet": {
					"rotation": {
						"0.0": {
							"vector": [3, 0, 0]
						},
						"0.25": {
							"vector": [4.8631, 2.98922, 0.25421]
						},
						"0.75": {
							"vector": [6.66619, -5.95973, -0.69525]
						},
						"1.0": {
							"vector": [3, 0, 0]
						}
					},
					"position": {
						"0.0": {
							"vector": [0, 0, 0]
						},
						"0.25": {
							"vector": [0, 0, 0.4]
						},
						"0.5": {
							"vector": [0, 0, -0.6]
						},
						"0.625": {
							"vector": [0, 0, -0.47]
						},
						"0.75": {
							"vector": [0, 0, 0.2]
						},
						"0.875": {
							"vector": [0, 0.1, -0.6]
						},
						"1.0": {
							"vector": [0, 0, 0]
						}
					}
				},
				"L4": {
					"rotation": {
						"0.0": {
							"vector": [-0.99637, -5.95312, 6.24843]
						},
						"0.0833": {
							"vector": [4.62297, 25.87822, -5.87769]
						},
						"0.1667": {
							"vector": [-10.21647, 33.56162, -4.35051]
						},
						"0.25": {
							"vector": [-4.58032, -31.22047, 14.28058]
						},
						"0.4167": {
							"vector": [6.47304, 16.87962, -12.16965]
						},
						"0.5": {
							"vector": [-0.7715, 38.04484, 2.30985]
						},
						"0.5833": {
							"vector": [0.0324, 17.80217, 10.49411]
						},
						"0.7083": {
							"vector": [-3.68812, -21.56824, 8.24564]
						},
						"0.9167": {
							"vector": [-4.05524, -10.64866, 9.20401]
						},
						"1.0": {
							"vector": [-0.99637, -5.95312, 6.24843]
						}
					},
					"position": {
						"0.0": {
							"vector": [-0.1, 0, -0.1]
						},
						"0.0833": {
							"vector": [-0.13, 0.4, -0.13]
						},
						"0.25": {
							"vector": [0.11, 0.08, 0.71]
						},
						"0.4167": {
							"vector": [-0.15, 0, -0.12]
						},
						"0.5417": {
							"vector": [0.09, 0, -0.23]
						},
						"0.7917": {
							"vector": [0.1, 0, 0.4]
						},
						"1.0": {
							"vector": [-0.1, 0, -0.1]
						}
					}
				},
				"L3": {
					"rotation": {
						"0.0": {
							"vector": [0, 19, -17.5]
						},
						"0.125": {
							"vector": [0, 0, 0]
						},
						"0.2083": {
							"vector": [-1.08019, 28.3621, -16.43962]
						},
						"0.2917": {
							"vector": [3.37377, 26.60633, 0.61461]
						},
						"0.4167": {
							"vector": [0, 0, 0]
						},
						"0.5": {
							"vector": [0, 19, -17.5]
						},
						"0.5833": {
							"vector": [-0.10882, 18.33683, 1.63456]
						},
						"0.6667": {
							"vector": [0, 0, 0]
						},
						"0.75": {
							"vector": [-1.08019, 28.3621, -16.43962]
						},
						"0.8333": {
							"vector": [3.37377, 26.60633, 0.61461]
						},
						"0.9167": {
							"vector": [0, 0, 0]
						},
						"1.0": {
							"vector": [0, 19, -17.5]
						}
					},
					"position": {
						"0.0": {
							"vector": [-0.4, 0, 0]
						},
						"0.1667": {
							"vector": [-0.2, 0, 0]
						},
						"0.4167": {
							"vector": [-0.1, 0, 0]
						},
						"0.5": {
							"vector": [-0.3, 0, 0]
						},
						"0.6667": {
							"vector": [0, 0, 0]
						},
						"0.75": {
							"vector": [-0.4, 0, -0.1]
						},
						"0.9167": {
							"vector": [-0.1, 0, -0.1]
						},
						"1.0": {
							"vector": [-0.4, 0, 0]
						}
					},
					"scale": {
						"0.0": {
							"vector": [1, 1.04, 1]
						},
						"0.5833": {
							"vector": [1, 1.09, 1]
						}
					}
				},
				"R3": {
					"rotation": {
						"0.0": {
							"vector": [0, 15, 0]
						},
						"0.0833": {
							"vector": [5.13703, -12.33234, -6.53067]
						},
						"0.1667": {
							"vector": [5.09707, 10.08026, -4.53626]
						},
						"0.25": {
							"vector": [0, 15, 0]
						},
						"0.3333": {
							"vector": [0, 15, 0]
						},
						"0.4167": {
							"vector": [5.13703, -12.33234, -6.53067]
						},
						"0.5": {
							"vector": [5.09707, 10.08026, -4.53626]
						},
						"0.5417": {
							"vector": [0, 15, 0]
						},
						"0.6667": {
							"vector": [0, 15, 0]
						},
						"0.75": {
							"vector": [5.13703, -12.33234, -6.53067]
						},
						"0.8333": {
							"vector": [5.09707, 10.08026, -4.53626]
						},
						"0.875": {
							"vector": [0, 15, 0]
						},
						"0.9583": {
							"vector": [3.34071, -6.15009, 11.67581]
						},
						"1.0": {
							"vector": [0, 15, 0]
						}
					},
					"position": {
						"0.0": {
							"vector": [0, 0, 0.2]
						},
						"0.0833": {
							"vector": [-0.2, -0.1, 0]
						},
						"0.25": {
							"vector": [-0.07, -0.03, 0.15]
						},
						"0.3333": {
							"vector": [0, -0.14, 0.23]
						},
						"0.4583": {
							"vector": [-0.3, -0.16, -0.1]
						},
						"0.6667": {
							"vector": [-0.1, -0.04, 0.04]
						},
						"0.7917": {
							"vector": [-0.3, -0.12, -0.07]
						},
						"0.875": {
							"vector": [-0.1, -0.07, 0.14]
						},
						"1.0": {
							"vector": [-0.1, 0, 0.2]
						}
					},
					"scale": {
						"vector": [1, 0.95, 1]
					}
				},
				"L2": {
					"rotation": {
						"0.0": {
							"vector": [0, 16, -11]
						},
						"0.0833": {
							"vector": [4.94972, 21.41145, 3.45296]
						},
						"0.2083": {
							"vector": [4.07736, 8.60629, 0.25817]
						},
						"0.25": {
							"vector": [0, 0, 0]
						},
						"0.3333": {
							"vector": [0, 16, -11]
						},
						"0.4167": {
							"vector": [4.94972, 21.41145, 3.45296]
						},
						"0.4583": {
							"vector": [4.07736, 8.60629, 0.25817]
						},
						"0.5": {
							"vector": [0, 16, -11]
						},
						"0.5833": {
							"vector": [4.94972, 21.41145, 3.45296]
						},
						"0.7083": {
							"vector": [4.07736, 8.60629, 0.25817]
						},
						"0.75": {
							"vector": [0, 0, 0]
						},
						"0.8333": {
							"vector": [0, 16, -11]
						},
						"0.9167": {
							"vector": [4.94972, 21.41145, 3.45296]
						},
						"0.9583": {
							"vector": [4.07736, 8.60629, 0.25817]
						},
						"1.0": {
							"vector": [0, 16, -11]
						}
					},
					"position": {
						"0.0": {
							"vector": [-0.1, 0.1, 0.1]
						},
						"0.125": {
							"vector": [0.12, -0.02, -0.12]
						},
						"0.25": {
							"vector": [0.08, -0.01, 0.12]
						},
						"0.3333": {
							"vector": [-0.05, -0.01, 0.08]
						},
						"0.4167": {
							"vector": [0.18, 0, -0.06]
						},
						"0.4583": {
							"vector": [0.19, 0, -0.03]
						},
						"0.5": {
							"vector": [0, 0, 0]
						},
						"0.5417": {
							"vector": [-0.2, 0, 0]
						},
						"0.5833": {
							"vector": [0.22, 0, -0.1]
						},
						"0.75": {
							"vector": [0.13, 0, 0.04]
						},
						"0.8333": {
							"vector": [-0.11, 0, 0.03]
						},
						"0.9167": {
							"vector": [0.17, 0, 0.01]
						},
						"1.0": {
							"vector": [0, 0, 0]
						}
					},
					"scale": {
						"vector": [1, 0.93, 1]
					}
				},
				"R2": {
					"rotation": {
						"0.0": {
							"vector": [0, -12, 0]
						},
						"0.0833": {
							"vector": [-5.04212, 8.89429, -1.94621]
						},
						"0.1667": {
							"vector": [-5.49503, -9.08949, 23.11622]
						},
						"0.25": {
							"vector": [0, -12, 0]
						},
						"0.3333": {
							"vector": [-0.12847, 20.47606, -4.91429]
						},
						"0.4167": {
							"vector": [-4.95046, -8.68701, 18.3673]
						},
						"0.5": {
							"vector": [0, -12, 0]
						},
						"0.5833": {
							"vector": [-0.09838, 18.47901, -4.80159]
						},
						"0.6667": {
							"vector": [-6.01434, -11.21401, 21.87355]
						},
						"0.75": {
							"vector": [0, -12, 0]
						},
						"0.8333": {
							"vector": [-0.03314, 12.48758, -4.47429]
						},
						"0.9167": {
							"vector": [-2.03682, -4.7842, 24.11939]
						},
						"1.0": {
							"vector": [0, -12, 0]
						}
					},
					"position": {
						"0.0": {
							"vector": [-0.1, 0.1, 0]
						},
						"0.0833": {
							"vector": [-0.01, 0.1, 0.33]
						},
						"0.1667": {
							"vector": [0.48, 0.1, 0.25]
						},
						"0.25": {
							"vector": [-0.13, 0.1, 0.07]
						},
						"0.3333": {
							"vector": [-0.15, 0, 0.19]
						},
						"0.4167": {
							"vector": [0.33, 0, 0.19]
						},
						"0.5": {
							"vector": [-0.2, 0, 0]
						},
						"0.5833": {
							"vector": [-0.05, 0, 0.26]
						},
						"0.6667": {
							"vector": [0.39, 0, 0.06]
						},
						"0.8333": {
							"vector": [-0.15, 0, 0.19]
						},
						"0.9167": {
							"vector": [0.48, 0, 0.05]
						},
						"1.0": {
							"vector": [-0.1, 0.1, 0]
						}
					},
					"scale": {
						"vector": [1, 0.95, 1]
					}
				},
				"R4": {
					"rotation": {
						"0.0": {
							"vector": [-3.82833, 9.02858, 0.97434]
						},
						"0.1667": {
							"vector": [0, 14, 0]
						},
						"0.3333": {
							"vector": [12.02297, -14.86806, 6.49415]
						},
						"0.4167": {
							"vector": [-9.26023, -19.00033, 0.11466]
						},
						"0.5": {
							"vector": [-7.16291, 20.9469, -0.93522]
						},
						"0.6667": {
							"vector": [15.22672, -18.9877, 13.93535]
						},
						"0.8333": {
							"vector": [-11, -18, 0]
						},
						"0.9167": {
							"vector": [-4.74309, 23.87987, -9.77292]
						},
						"1.0": {
							"vector": [-3.82833, 9.02858, 0.97434]
						}
					},
					"position": {
						"0.0": {
							"vector": [-0.2, 0, 0.4]
						},
						"0.1667": {
							"vector": [0, 0, 0.3]
						},
						"0.25": {
							"vector": [0, 0.1, 0]
						},
						"0.3333": {
							"vector": [0, 0.4, -0.15]
						},
						"0.4167": {
							"vector": [0, 0, 0]
						},
						"0.5": {
							"vector": [-0.03, 0, 0.57]
						},
						"0.6667": {
							"vector": [0, 0.2, -0.3]
						},
						"0.8333": {
							"vector": [0, 0.1, -0.1]
						},
						"1.0": {
							"vector": [-0.2, 0, 0.4]
						}
					}
				},
				"frontbody": {
					"rotation": {
						"0.0": {
							"vector": [0, 0, 0]
						},
						"0.3333": {
							"vector": [1, 0, 0]
						},
						"0.6667": {
							"vector": [-1, 0, 0]
						},
						"1.0": {
							"vector": [0, 0, 0]
						}
					},
					"position": {
						"0.0": {
							"vector": [0, 0, 0]
						},
						"0.2083": {
							"vector": [0, 0.07, 0]
						},
						"0.5": {
							"vector": [0, -0.3, 0]
						},
						"1.0": {
							"vector": [0, 0, 0]
						}
					}
				},
				"mainabdomen": {
					"rotation": {
						"vector": [-6, 0, 0]
					},
					"position": {
						"vector": [0, -0.4, 0.3]
					},
					"scale": {
						"0.0": {
							"vector": [1, 0.95, 1.1]
						},
						"0.125": {
							"vector": [1.19, 1.0054, 1.0572]
						},
						"0.5417": {
							"vector": [1, 1.06, 1.16]
						},
						"1.0": {
							"vector": [1, 0.95, 1.1]
						}
					}
				},
				"wingr": {
					"rotation": {
						"vector": [-3.07415, 45.65948, -4.29439]
					},
					"position": {
						"vector": [0, 0.2, 0]
					}
				},
				"wingl": {
					"rotation": {
						"vector": [0, -42, 0]
					},
					"position": {
						"vector": [0, 0.1, 0]
					}
				}
			}
		},
		"animation.hornet.grab": {
			"animation_length": 1,
			"bones": {
				"L4": {
					"rotation": {
						"0.0": {
							"vector": [-7.71924, -14.40437, 0.6492]
						},
						"0.375": {
							"vector": [-9.71924, -14.40437, 0.6492]
						},
						"1.0": {
							"vector": [-7.71924, -14.40437, 0.6492]
						}
					},
					"position": {
						"0.0": {
							"vector": [0, 0, 0.3]
						},
						"1.0": {
							"vector": [0, 0, 0.3]
						}
					}
				},
				"R4": {
					"rotation": {
						"0.0": {
							"vector": [-6.49757, 14.7775, -2.90864]
						},
						"0.375": {
							"vector": [-9.49757, 14.7775, -2.90864]
						},
						"1.0": {
							"vector": [-6.49757, 14.7775, -2.90864]
						}
					},
					"position": {
						"vector": [-0.2, 0, 0.4]
					}
				},
				"frontbody": {
					"rotation": {
						"vector": [4.28, 0, 0]
					}
				},
				"mainabdomen": {
					"scale": {
						"0.0": {
							"vector": [1, 1, 1]
						},
						"0.4167": {
							"vector": [1, 0.95, 1.02]
						},
						"1.0": {
							"vector": [1, 1, 1]
						}
					}
				},
				"horrorhornet": {
					"rotation": {
						"vector": [-83, 0, 0]
					},
					"position": {
						"vector": [0, -0.7, -1.8]
					}
				},
				"L3": {
					"rotation": {
						"0.0": {
							"vector": [0, 0, 0]
						},
						"0.375": {
							"vector": [0, 0, 7]
						},
						"1.0": {
							"vector": [0, 0, 0]
						}
					}
				},
				"R3": {
					"rotation": {
						"0.0": {
							"vector": [0, 0, 0]
						},
						"0.375": {
							"vector": [0, 0, -4]
						},
						"1.0": {
							"vector": [0, 0, 0]
						}
					},
					"position": {
						"0.0": {
							"vector": [-0.1, 0, 0]
						},
						"0.375": {
							"vector": [-0.2, 0, 0]
						},
						"1.0": {
							"vector": [-0.1, 0, 0]
						}
					}
				},
				"L2": {
					"rotation": {
						"0.0": {
							"vector": [0, 0, 0]
						},
						"0.375": {
							"vector": [0, 0, 12]
						},
						"1.0": {
							"vector": [0, 0, 0]
						}
					},
					"position": {
						"0.0": {
							"vector": [0.1, 0, 0]
						},
						"0.375": {
							"vector": [0.4, 0, 0]
						},
						"1.0": {
							"vector": [0.1, 0, 0]
						}
					}
				},
				"R2": {
					"rotation": {
						"0.0": {
							"vector": [0, 0, 0]
						},
						"0.375": {
							"vector": [0, 0, -4]
						},
						"1.0": {
							"vector": [0, 0, 0]
						}
					}
				},
				"wingr": {
					"rotation": {
						"vector": [-5.59399, 27.95826, -3.39683]
					}
				},
				"wingl": {
					"rotation": {
						"vector": [-2.59375, -32.90941, 4.76619]
					}
				}
			}
		}
	},
	"geckolib_format_version": 2
}