{
	"format_version": "1.8.0",
	"animations": {
		"animation.silverspectre.idle": {
			"animation_length": 0.95833,
			"bones": {
				"head": {
					"rotation": {
						"0.0": {
							"vector": [-4, 0, 0]
						},
						"0.125": {
							"vector": [-7.5, 0, 0]
						},
						"0.2083": {
							"vector": [-8.25707, -1.03945, 0.4309]
						},
						"0.625": {
							"vector": [-6.98171, 1.01515, 0.3484]
						},
						"0.8333": {
							"vector": [-8, -1, 0]
						},
						"0.9583": {
							"vector": [-4, 0, 0]
						}
					},
					"position": {
						"vector": [0, -0.1, 0]
					}
				},
				"frontbody": {
					"rotation": {
						"0.0": {
							"vector": [0, 0, 0]
						},
						"0.4167": {
							"vector": [1, 0, 0]
						},
						"0.9583": {
							"vector": [0, 0, 0]
						}
					},
					"scale": {
						"0.0": {
							"vector": [1, 1, 1]
						},
						"0.9583": {
							"vector": [1, 1, 1]
						}
					}
				},
				"mainabdomen": {
					"scale": {
						"0.0": {
							"vector": [1, 1, 1]
						},
						"0.4167": {
							"vector": [1, 0.95, 1.01]
						},
						"0.9583": {
							"vector": [1, 1, 1]
						}
					}
				},
				"horrorfish": {
					"position": {
						"vector": [0, 0, 0]
					}
				}
			}
		},
		"animation.silverspectre.grab": {
			"animation_length": 1,
			"bones": {
				"head": {
					"rotation": {
						"0.0": {
							"vector": [-4, 0, 0]
						},
						"0.125": {
							"vector": [-7.5, 0, 0]
						},
						"0.2083": {
							"vector": [-8.25707, -1.03945, 0.4309]
						},
						"0.625": {
							"vector": [-6.98171, 1.01515, 0.3484]
						},
						"0.875": {
							"vector": [-8, -1, 0]
						},
						"1.0": {
							"vector": [-4, 0, 0]
						}
					},
					"position": {
						"0.0": {
							"vector": [0, 0, 0]
						},
						"1.0": {
							"vector": [0, 0, 0]
						}
					}
				},
				"frontbody": {
					"rotation": {
						"vector": [4.28, 0, 0]
					}
				},
				"mainabdomen": {
					"scale": {
						"0.0": {
							"vector": [1, 1, 1]
						},
						"0.4167": {
							"vector": [1, 0.95, 1.02]
						},
						"1.0": {
							"vector": [1, 1, 1]
						}
					}
				},
				"horrorfish": {
					"rotation": {
						"vector": [-93, 0, 0]
					},
					"position": {
						"vector": [0, -0.7, -1.8]
					}
				}
			}
		},
		"animation.silverspectre.death": {
			"animation_length": 0.95833,
			"bones": {
				"head": {
					"rotation": {
						"0.0": {
							"vector": [-4, 0, 0]
						},
						"0.125": {
							"vector": [-7.5, 0, 0]
						},
						"0.2083": {
							"vector": [-8.25707, -1.03945, 0.4309]
						},
						"0.625": {
							"vector": [-6.98171, 1.01515, 0.3484]
						},
						"0.8333": {
							"vector": [-8, -1, 0]
						},
						"0.9583": {
							"vector": [-4, 0, 0]
						}
					},
					"position": {
						"0.0": {
							"vector": [0, 0, 0]
						},
						"0.9583": {
							"vector": [0, 0, 0]
						}
					}
				},
				"frontbody": {
					"rotation": {
						"0.0": {
							"vector": [0, 0, 0]
						},
						"0.4167": {
							"vector": [1, 0, 0]
						},
						"0.9583": {
							"vector": [0, 0, 0]
						}
					}
				},
				"mainabdomen": {
					"scale": {
						"0.0": {
							"vector": [1, 1, 1]
						},
						"0.4167": {
							"vector": [1, 0.95, 0.99]
						},
						"0.9583": {
							"vector": [1, 1, 1]
						}
					}
				},
				"horrorfish": {
					"rotation": {
						"vector": [-178.46421, 0.50593, 0.15424]
					},
					"position": {
						"vector": [0, -0.2, 0]
					}
				}
			}
		},
		"animation.silverspectre.scurrying": {
			"animation_length": 1,
			"bones": {
				"horrorfish": {
					"rotation": {
						"0.0": {
							"vector": [0, -2, 0]
						},
						"1.0": {
							"vector": [0, -2, 0]
						}
					},
					"position": {
						"0.0": {
							"vector": [0.4, 0.1, 0]
						},
						"0.25": {
							"vector": [0, 0.1, 0]
						},
						"0.5": {
							"vector": [-0.4, 0.1, 0]
						},
						"0.6667": {
							"vector": [-0.2, 0.1, -0.4]
						},
						"0.7917": {
							"vector": [0, 0.1, -0.5]
						},
						"1.0": {
							"vector": [0.4, 0.1, 0]
						}
					}
				},
				"head": {
					"rotation": {
						"0.0": {
							"vector": [0.00555, 9.00092, -0.10366]
						},
						"0.25": {
							"vector": [-10.63524, -14.955, 0.25135]
						},
						"0.5417": {
							"vector": [-10.21831, 8.99862, 0.15838]
						},
						"0.6667": {
							"vector": [-10.3852, 7.42423, 0.43334]
						},
						"0.75": {
							"vector": [-10.55304, -1.95724, 0.46697]
						},
						"1.0": {
							"vector": [0.00555, 9.00092, -0.10366]
						}
					},
					"position": {
						"0.0": {
							"vector": [0.2, 0, 0.2]
						},
						"0.25": {
							"vector": [-0.24, -0.24, -0.38]
						},
						"0.5417": {
							"vector": [0.1, -0.26, 0.09]
						},
						"0.6667": {
							"vector": [0.12, -0.25, 0.03]
						},
						"0.75": {
							"vector": [-0.04, -0.24, -0.18]
						},
						"1.0": {
							"vector": [0.2, 0, 0.2]
						}
					}
				},
				"frontbody": {
					"rotation": {
						"0.0": {
							"vector": [0.0263, 12.99799, 0.23086]
						},
						"0.25": {
							"vector": [0, 0, 0]
						},
						"0.5833": {
							"vector": [0.01871, -10.9983, -0.19437]
						},
						"0.75": {
							"vector": [0, 0, 0]
						},
						"1.0": {
							"vector": [0.0263, 12.99799, 0.23086]
						}
					}
				},
				"mainabdomen": {
					"rotation": {
						"0.25": {
							"vector": [0, 0, 0]
						},
						"0.75": {
							"vector": [0, 0, 0]
						}
					},
					"position": {
						"0.0": {
							"vector": [0, 0, -0.8]
						},
						"0.25": {
							"vector": [0, 0, -0.7]
						},
						"0.5": {
							"vector": [0, 0, -0.8]
						},
						"0.75": {
							"vector": [0, 0, -0.7]
						},
						"1.0": {
							"vector": [0, 0, -0.8]
						}
					},
					"scale": {
						"0.0": {
							"vector": [1, 1, 0.82]
						},
						"0.5": {
							"vector": [1, 1, 0.82]
						},
						"1.0": {
							"vector": [1, 1, 0.82]
						}
					}
				},
				"frontportion": {
					"rotation": {
						"0.0": {
							"vector": [0, 0, 0]
						},
						"0.5833": {
							"vector": [0.00137, 2.99954, 0.05241]
						},
						"1.0": {
							"vector": [0, 0, 0]
						}
					},
					"position": {
						"0.0": {
							"vector": [0, 0, 0]
						},
						"0.5417": {
							"vector": [-0.1, 0, 0]
						},
						"0.5833": {
							"vector": [-0.2, 0, 0]
						},
						"1.0": {
							"vector": [0, 0, 0]
						}
					}
				},
				"backportion": {
					"rotation": {
						"0.0": {
							"vector": [0.03061, -13.99782, -0.24931]
						},
						"0.25": {
							"vector": [0, 0, 0]
						},
						"0.5": {
							"vector": [0.04019, 15.9975, 0.28634]
						},
						"0.75": {
							"vector": [0, 0, 0]
						},
						"1.0": {
							"vector": [0.02234, -11.99815, -0.21254]
						}
					},
					"position": {
						"0.0": {
							"vector": [0.6, 0, 0]
						},
						"0.25": {
							"vector": [0, 0, 0]
						},
						"0.5": {
							"vector": [-0.6, 0, 0]
						},
						"0.75": {
							"vector": [0, 0, 0]
						},
						"1.0": {
							"vector": [0.5, 0, 0]
						}
					}
				},
				"tail": {
					"rotation": {
						"0.0": {
							"vector": [0, 15, 0]
						},
						"0.25": {
							"vector": [0.74293, -14.7219, -2.67152]
						},
						"0.5417": {
							"vector": [0, 15, 0]
						},
						"0.75": {
							"vector": [0.74293, -14.7219, -2.67152]
						},
						"1.0": {
							"vector": [0, 15, 0]
						}
					},
					"position": {
						"0.0": {
							"vector": [0.3, 0, 0.2]
						},
						"0.25": {
							"vector": [-0.24, -0.04, 0.22]
						},
						"0.5417": {
							"vector": [0.3, 0, 0.2]
						},
						"0.75": {
							"vector": [-0.24, -0.04, 0.22]
						},
						"1.0": {
							"vector": [0.3, 0, 0.2]
						}
					}
				},
				"lleg1": {
					"rotation": {
						"0.0": {
							"vector": [0, 0, 0]
						},
						"0.1667": {
							"vector": [-2.38902, 17.85389, -14.35495]
						},
						"0.2917": {
							"vector": [2.97304, 27.7393, 3.02597]
						},
						"0.4167": {
							"vector": [2.65844, -8.22016, 1.26084]
						},
						"0.5": {
							"vector": [0, 0, 0]
						},
						"0.6667": {
							"vector": [-2.38902, 17.85389, -14.35495]
						},
						"0.7917": {
							"vector": [2.97304, 27.7393, 3.02597]
						},
						"0.9167": {
							"vector": [2.65844, -8.22016, 1.26084]
						},
						"1.0": {
							"vector": [0, 0, 0]
						}
					},
					"position": {
						"0.0": {
							"vector": [0, 0, 0]
						},
						"0.1667": {
							"vector": [0.4, 0, 0.1]
						},
						"0.4167": {
							"vector": [-0.1, 0, -0.3]
						},
						"0.5": {
							"vector": [0, 0, 0]
						},
						"0.6667": {
							"vector": [0.4, 0, 0.1]
						},
						"0.9167": {
							"vector": [-0.1, 0, -0.3]
						},
						"1.0": {
							"vector": [0, 0, 0]
						}
					}
				},
				"rleg2": {
					"rotation": {
						"0.0": {
							"vector": [-21.18815, -7.46551, 2.88328]
						},
						"0.125": {
							"vector": [0, 3, -8]
						},
						"0.2083": {
							"vector": [0.9964, 13.9652, -3.87796]
						},
						"0.2917": {
							"vector": [3.43625, 29.69486, 1.91119]
						},
						"0.4167": {
							"vector": [-9.57003, 9.58403, 14.42579]
						},
						"0.5": {
							"vector": [-21.18815, -7.46551, 2.88328]
						},
						"0.625": {
							"vector": [-16.53934, -15.33473, -20.27304]
						},
						"0.7083": {
							"vector": [0, 3, -8]
						},
						"0.7917": {
							"vector": [3.43625, 29.69486, 1.91119]
						},
						"0.9167": {
							"vector": [-9.57003, 9.58403, 14.42579]
						},
						"1.0": {
							"vector": [-21.18815, -7.46551, 2.88328]
						}
					},
					"position": {
						"0.0": {
							"vector": [-0.3, -0.1, -0.4]
						},
						"0.125": {
							"vector": [-0.2, 0, 0]
						},
						"0.2083": {
							"vector": [-0.1, 0, 0]
						},
						"0.2917": {
							"vector": [-0.4, -0.1, -0.5]
						},
						"0.4167": {
							"vector": [-0.88, -0.06, -0.44]
						},
						"0.5": {
							"vector": [-0.1, 0.2, -0.4]
						},
						"0.625": {
							"vector": [0.1, 0.5, -0.1]
						},
						"0.7083": {
							"vector": [-0.1, 0.2, 0.1]
						},
						"0.7917": {
							"vector": [-0.4, -0.1, -0.5]
						},
						"0.9167": {
							"vector": [-0.68, 0.04, -0.44]
						},
						"1.0": {
							"vector": [-0.3, -0.1, -0.4]
						}
					}
				},
				"lleg2": {
					"rotation": {
						"0.0": {
							"vector": [7.39271, 22.1249, 3.86371]
						},
						"0.125": {
							"vector": [0.58989, 3.0407, 2.99454]
						},
						"0.2083": {
							"vector": [0.66689, -27.95753, 2.65059]
						},
						"0.3333": {
							"vector": [-1.23233, 27.35875, -22.17772]
						},
						"0.4583": {
							"vector": [7.39271, 22.1249, 3.86371]
						},
						"0.625": {
							"vector": [0.58989, 3.0407, 2.99454]
						},
						"0.7083": {
							"vector": [0.60972, -14.95833, 2.80587]
						},
						"0.8333": {
							"vector": [0.66689, -27.95753, 2.65059]
						},
						"1.0": {
							"vector": [7.39271, 22.1249, 3.86371]
						}
					},
					"position": {
						"0.0": {
							"vector": [0, 0, 0]
						},
						"0.2083": {
							"vector": [0.43, 0, -0.37]
						},
						"0.3333": {
							"vector": [0.2, 0, 0.2]
						},
						"0.625": {
							"vector": [0, 0, 0]
						},
						"0.7083": {
							"vector": [0.08, 0, -0.22]
						},
						"0.8333": {
							"vector": [0.43, 0, -0.37]
						},
						"1.0": {
							"vector": [0, 0, 0]
						}
					}
				},
				"rleg1": {
					"rotation": {
						"0.0": {
							"vector": [0, 3, -8]
						},
						"0.0833": {
							"vector": [3.43625, 29.69486, 1.91119]
						},
						"0.2083": {
							"vector": [-9.57003, 9.58403, 14.42579]
						},
						"0.2917": {
							"vector": [-21.18815, -7.46551, 2.88328]
						},
						"0.4167": {
							"vector": [-16.53934, -15.33473, -20.27304]
						},
						"0.5": {
							"vector": [0, 3, -8]
						},
						"0.5833": {
							"vector": [3.43625, 29.69486, 1.91119]
						},
						"0.7083": {
							"vector": [-9.57003, 9.58403, 14.42579]
						},
						"0.7917": {
							"vector": [-21.18815, -7.46551, 2.88328]
						},
						"0.9167": {
							"vector": [-16.53934, -15.33473, -20.27304]
						},
						"1.0": {
							"vector": [0, 3, -8]
						}
					},
					"position": {
						"0.0": {
							"vector": [0.2, 0, 0]
						},
						"0.0833": {
							"vector": [0.2, -0.1, -0.5]
						},
						"0.2083": {
							"vector": [-0.18, -0.26, -0.44]
						},
						"0.2917": {
							"vector": [-0.1, -0.2, -0.4]
						},
						"0.4167": {
							"vector": [0.3, 0, -0.4]
						},
						"0.5": {
							"vector": [0.2, 0, 0]
						},
						"0.5833": {
							"vector": [0.2, -0.1, -0.5]
						},
						"0.7083": {
							"vector": [-0.18, -0.26, -0.44]
						},
						"0.7917": {
							"vector": [-0.1, -0.2, -0.4]
						},
						"0.9167": {
							"vector": [0.3, 0, -0.4]
						},
						"1.0": {
							"vector": [0.2, 0, 0]
						}
					}
				},
				"rleg3": {
					"rotation": {
						"0.0": {
							"vector": [0, 13, 0]
						},
						"0.0833": {
							"vector": [-0.17558, 6.99236, -5.01834]
						},
						"0.1667": {
							"vector": [-5.22592, -22.31291, 16.20562]
						},
						"0.25": {
							"vector": [-3.97829, -28.5742, 12.88024]
						},
						"0.3333": {
							"vector": [2.60418, -28.71886, -0.80002]
						},
						"0.4167": {
							"vector": [2.28853, -3.74083, 0.30259]
						},
						"0.5": {
							"vector": [0, 13, 0]
						},
						"0.625": {
							"vector": [-5.22592, -22.31291, 16.20562]
						},
						"0.75": {
							"vector": [-3.97829, -28.5742, 12.88024]
						},
						"0.8333": {
							"vector": [2.60418, -28.71886, -0.80002]
						},
						"0.9167": {
							"vector": [2.28853, -3.74083, 0.30259]
						},
						"1.0": {
							"vector": [0, 13, 0]
						}
					},
					"position": {
						"0.0": {
							"vector": [-0.4, -0.1, -0.6]
						},
						"0.0833": {
							"vector": [0, 0, -0.3]
						},
						"0.1667": {
							"vector": [0.6, -0.1, 0]
						},
						"0.25": {
							"vector": [0.8, -0.2, 0.1]
						},
						"0.3333": {
							"vector": [1.1, -0.2, 0.3]
						},
						"0.4167": {
							"vector": [0.2, -0.2, -0.4]
						},
						"0.5": {
							"vector": [-0.4, -0.1, -0.6]
						},
						"0.625": {
							"vector": [0.6, -0.1, 0]
						},
						"0.75": {
							"vector": [0.8, -0.2, 0.1]
						},
						"0.8333": {
							"vector": [1.1, -0.2, 0.3]
						},
						"0.9167": {
							"vector": [0.2, -0.2, -0.4]
						},
						"1.0": {
							"vector": [-0.4, -0.1, -0.6]
						}
					}
				},
				"lleg3": {
					"rotation": {
						"0.0": {
							"vector": [-1.78111, 29.34053, -13.25703]
						},
						"0.1667": {
							"vector": [1.54504, 23.40926, -1.43325]
						},
						"0.25": {
							"vector": [2.15839, 10.56095, 1.55129]
						},
						"0.375": {
							"vector": [0, -23, 0]
						},
						"0.5": {
							"vector": [-2.66274, 8.04505, -19.06298]
						},
						"0.5833": {
							"vector": [-1.78111, 29.34053, -13.25703]
						},
						"0.75": {
							"vector": [1.54504, 23.40926, -1.43325]
						},
						"0.8333": {
							"vector": [2.15839, 10.56095, 1.55129]
						},
						"0.9167": {
							"vector": [0, -23, 0]
						},
						"1.0": {
							"vector": [-1.78111, 29.34053, -13.25703]
						}
					},
					"position": {
						"0.0": {
							"vector": [-0.6, -0.2, 0.3]
						},
						"0.1667": {
							"vector": [-0.8, -0.1, 0]
						},
						"0.25": {
							"vector": [-0.52, -0.06, -0.32]
						},
						"0.375": {
							"vector": [0.8, 0, -0.5]
						},
						"0.5": {
							"vector": [-0.32, -0.16, -0.16]
						},
						"0.5833": {
							"vector": [-0.6, -0.2, 0.3]
						},
						"0.75": {
							"vector": [-0.8, -0.1, 0]
						},
						"0.8333": {
							"vector": [-0.52, -0.06, -0.32]
						},
						"0.9167": {
							"vector": [0.8, 0, -0.5]
						},
						"1.0": {
							"vector": [-0.6, -0.2, 0.3]
						}
					}
				}
			}
		}
	},
	"geckolib_format_version": 2
}