{
	"format_version": "1.8.0",
	"animations": {
		"animation.spidersea.idle": {
			"animation_length": 0.95833,
			"bones": {
				"L4": {
					"rotation": {
						"0.0": {
							"vector": [-7.71924, -14.40437, 0.6492]
						},
						"0.4583": {
							"vector": [-10.07041, -12.11142, 7.66941]
						},
						"0.9583": {
							"vector": [-7.71924, -14.40437, 0.6492]
						}
					},
					"position": {
						"0.0": {
							"vector": [-1.2, -0.2, 1]
						},
						"0.4583": {
							"vector": [-1.2, -0.4, 0.8]
						},
						"0.9583": {
							"vector": [-1.2, -0.2, 1]
						}
					}
				},
				"R4": {
					"rotation": {
						"0.0": {
							"vector": [-4.31421, 15.3662, 3.44875]
						},
						"0.4583": {
							"vector": [-7.68272, 15.54376, 2.3549]
						},
						"0.9583": {
							"vector": [-4.31421, 15.3662, 3.44875]
						}
					},
					"position": {
						"0.0": {
							"vector": [-0.7, 0.2, 0]
						},
						"0.4583": {
							"vector": [-0.8, 0.5, -0.3]
						},
						"0.9583": {
							"vector": [-0.7, 0.2, 0]
						}
					}
				},
				"longlegs": {
					"position": {
						"0.0": {
							"vector": [0, 0, 0]
						},
						"0.5": {
							"vector": [0, 0.6, 0]
						},
						"0.9583": {
							"vector": [0, 0, 0]
						}
					}
				},
				"face": {
					"position": {
						"0.0": {
							"vector": [0, 0, 0]
						},
						"0.5": {
							"vector": [0, 0.3, 0]
						},
						"0.9583": {
							"vector": [0, 0, 0]
						}
					}
				},
				"L3": {
					"rotation": {
						"0.0": {
							"vector": [0, 0, 0]
						},
						"0.4583": {
							"vector": [0, 0, 8]
						},
						"0.9583": {
							"vector": [0, 0, 0]
						}
					},
					"position": {
						"0.0": {
							"vector": [0, 0, 0]
						},
						"0.4583": {
							"vector": [-0.7, 0.3, 0]
						},
						"0.9583": {
							"vector": [0, 0, 0]
						}
					}
				},
				"R3": {
					"rotation": {
						"0.0": {
							"vector": [0, 0, 0]
						},
						"0.4583": {
							"vector": [0, 0, -6]
						},
						"0.9583": {
							"vector": [0, 0, 0]
						}
					},
					"position": {
						"0.0": {
							"vector": [0, 0, 0]
						},
						"0.4583": {
							"vector": [0.6, 0.2, 0]
						},
						"0.9583": {
							"vector": [0, 0, 0]
						}
					}
				},
				"L2": {
					"rotation": {
						"0.0": {
							"vector": [0, 0, 0]
						},
						"0.4583": {
							"vector": [0, 0, 7]
						},
						"0.9583": {
							"vector": [0, 0, 0]
						}
					},
					"position": {
						"0.0": {
							"vector": [0, 0, 0]
						},
						"0.4583": {
							"vector": [-0.6, 0.3, 0]
						},
						"0.9583": {
							"vector": [0, 0, 0]
						}
					}
				},
				"R2": {
					"rotation": {
						"0.0": {
							"vector": [0, 0, 0]
						},
						"0.4583": {
							"vector": [0, 0, -7]
						},
						"0.9583": {
							"vector": [0, 0, 0]
						}
					},
					"position": {
						"0.0": {
							"vector": [0, 0, 0]
						},
						"0.4583": {
							"vector": [0.5, 0.3, -0.1]
						},
						"0.9583": {
							"vector": [0, 0, 0]
						}
					}
				},
				"L1": {
					"rotation": {
						"0.0": {
							"vector": [0, 0, 0]
						},
						"0.4583": {
							"vector": [9, 0, 0]
						},
						"0.9583": {
							"vector": [0, 0, 0]
						}
					},
					"position": {
						"0.0": {
							"vector": [0, 0, 0]
						},
						"0.4583": {
							"vector": [0.1, 0, 0.8]
						},
						"0.9583": {
							"vector": [0, 0, 0]
						}
					}
				},
				"R1": {
					"rotation": {
						"0.0": {
							"vector": [0, 0, 0]
						},
						"0.4583": {
							"vector": [4, 0, -7]
						},
						"0.9583": {
							"vector": [0, 0, 0]
						}
					},
					"position": {
						"0.0": {
							"vector": [0, 0, 0]
						},
						"0.4583": {
							"vector": [0.6, 0.2, 0.4]
						},
						"0.9583": {
							"vector": [0, 0, 0]
						}
					}
				},
				"proboscischelicera": {
					"rotation": {
						"0.0": {
							"vector": [0, 0, 0]
						},
						"0.25": {
							"vector": [-3.47398, 0.42628, 6.98707]
						},
						"0.5": {
							"vector": [-6.99578, 0.24369, 1.9851]
						},
						"0.75": {
							"vector": [-3.16442, -0.33242, -5.99082]
						},
						"0.9583": {
							"vector": [0, 0, 0]
						}
					}
				}
			}
		},
		"animation.spidersea.scurrying": {
			"animation_length": 1,
			"bones": {
				"longlegs": {
					"rotation": {
						"0.0": {
							"vector": [3, 0, 0]
						},
						"0.6667": {
							"vector": [4.68, 0, 0]
						},
						"0.7917": {
							"vector": [5, 0, 0]
						},
						"1.0": {
							"vector": [3, 0, 0]
						}
					},
					"position": {
						"0.0": {
							"vector": [0, -1.1, 0]
						},
						"0.6667": {
							"vector": [0, 1.5, 0]
						},
						"1.0": {
							"vector": [0, -1.1, 0]
						}
					}
				},
				"face": {
					"rotation": {
						"0.0": {
							"vector": [-2, 0, 0]
						},
						"0.2917": {
							"vector": [-2.00069, 1.49909, -0.05236]
						},
						"0.5": {
							"vector": [-5, 0, 0]
						},
						"0.7917": {
							"vector": [-6.00363, -1.98904, 0.20914]
						},
						"1.0": {
							"vector": [-2, 0, 0]
						}
					},
					"position": {
						"0.0": {
							"vector": [0, 0, 0]
						},
						"0.4583": {
							"vector": [0, 0.3, 0]
						},
						"1.0": {
							"vector": [0, 0, 0]
						}
					},
					"scale": {
						"0.0": {
							"vector": [1, 1, 1]
						},
						"0.5": {
							"vector": [1.22, 1, 0.96]
						},
						"1.0": {
							"vector": [1, 1, 1]
						}
					}
				},
				"L4": {
					"rotation": {
						"0.0": {
							"vector": [0, 0, 0]
						},
						"0.3333": {
							"vector": [0.68534, 23.09929, -16.08204]
						},
						"0.5833": {
							"vector": [-15.97181, 13.98162, -3.9023]
						},
						"0.7917": {
							"vector": [-17.70093, 2.83496, -8.17405]
						},
						"1.0": {
							"vector": [0, 0, 0]
						}
					},
					"position": {
						"0.0": {
							"vector": [0, -0.2, 0.2]
						},
						"0.2917": {
							"vector": [1.23, 1.1, -1.65]
						},
						"0.3333": {
							"vector": [1.4, 1.4, -1.8]
						},
						"0.5833": {
							"vector": [0.78, -0.8, -0.65]
						},
						"0.7917": {
							"vector": [0.09, -0.6, 0.47]
						},
						"1.0": {
							"vector": [0, -0.2, 0.2]
						}
					}
				},
				"L3": {
					"rotation": {
						"0.0": {
							"vector": [0, 19, -17.5]
						},
						"0.1667": {
							"vector": [5.88572, 27.81373, -1.70815]
						},
						"0.5833": {
							"vector": [2.39552, 7.45624, -0.8738]
						},
						"0.875": {
							"vector": [0, 0, 0]
						},
						"1.0": {
							"vector": [0, 19, -17.5]
						}
					},
					"position": {
						"0.0": {
							"vector": [1.3, 0.3, 0.1]
						},
						"0.1667": {
							"vector": [0.2, 0, 0.4]
						},
						"0.375": {
							"vector": [0.22, 0.02, 0.47]
						},
						"0.5833": {
							"vector": [0.25, 0.05, 0.75]
						},
						"0.7917": {
							"vector": [0.21, -0.04, 0.84]
						},
						"0.875": {
							"vector": [0.19, -0.07, 0.6]
						},
						"1.0": {
							"vector": [1.3, 0.3, 0.1]
						}
					}
				},
				"R3": {
					"rotation": {
						"0.0": {
							"vector": [0, 15, 0]
						},
						"0.3333": {
							"vector": [3.34071, -6.15009, 11.67581]
						},
						"0.5417": {
							"vector": [3.57506, -12.86473, 0.62151]
						},
						"0.7917": {
							"vector": [5.02451, -2.86949, -5.68285]
						},
						"1.0": {
							"vector": [0, 15, 0]
						}
					},
					"position": {
						"0.0": {
							"vector": [-0.2, -0.1, 0.5]
						},
						"0.125": {
							"vector": [-0.45, 0, 0.37]
						},
						"0.3333": {
							"vector": [-0.87, 0.17, 0.43]
						},
						"0.5417": {
							"vector": [0.1, -0.1, 0.7]
						},
						"0.7917": {
							"vector": [0.43, -0.3, 1.1]
						},
						"1.0": {
							"vector": [-0.2, -0.1, 0.5]
						}
					}
				},
				"L2": {
					"rotation": {
						"0.0": {
							"vector": [0, 0, 0]
						},
						"0.3333": {
							"vector": [0, 16, -11]
						},
						"0.5": {
							"vector": [2.95493, 21.68731, -1.00815]
						},
						"0.5417": {
							"vector": [2.04617, 20.17162, -3.55488]
						},
						"0.8333": {
							"vector": [4.07736, 8.60629, 0.25817]
						},
						"1.0": {
							"vector": [0, 0, 0]
						}
					},
					"position": {
						"0.0": {
							"vector": [0.1, -0.1, 0.3]
						},
						"0.3333": {
							"vector": [0.8, 0.1, 0.2]
						},
						"0.5": {
							"vector": [-0.2, -0.05, 0.73]
						},
						"0.5417": {
							"vector": [0.02, -0.05, 0.69]
						},
						"0.75": {
							"vector": [-0.06, -0.21, 1.04]
						},
						"0.8333": {
							"vector": [-0.09, -0.28, 1.04]
						},
						"1.0": {
							"vector": [0.1, -0.1, 0.3]
						}
					}
				},
				"R2": {
					"rotation": {
						"0.0": {
							"vector": [0, -12, 0]
						},
						"0.3333": {
							"vector": [0, 3.5, -4]
						},
						"0.6667": {
							"vector": [-2.53726, -14.59224, 10.73416]
						},
						"0.8333": {
							"vector": [-8.28808, -23.79791, 13.3549]
						},
						"1.0": {
							"vector": [0, -12, 0]
						}
					},
					"position": {
						"0.0": {
							"vector": [0.2, -0.1, 0.1]
						},
						"0.3333": {
							"vector": [0.1, 0.1, 0.3]
						},
						"0.6667": {
							"vector": [-0.75, 0.1, 0.3]
						},
						"0.8333": {
							"vector": [-0.37, 0.1, -0.1]
						},
						"1.0": {
							"vector": [0.2, -0.1, 0.1]
						}
					}
				},
				"L1": {
					"rotation": {
						"0.0": {
							"vector": [-13.51785, 2.91704, -0.70094]
						},
						"0.2083": {
							"vector": [3.98215, 2.91704, -0.70094]
						},
						"0.5833": {
							"vector": [4.13828, -16.03616, -2.04893]
						},
						"0.8333": {
							"vector": [-5.73986, -11.06173, -2.56859]
						},
						"1.0": {
							"vector": [-13.51785, 2.91704, -0.70094]
						}
					},
					"position": {
						"0.0": {
							"vector": [0, 0.5, -1]
						},
						"0.2083": {
							"vector": [0.17, 0, 0.41]
						},
						"0.5833": {
							"vector": [0.75, -0.07, 1.26]
						},
						"0.625": {
							"vector": [0.8, 0, 1.1]
						},
						"0.7917": {
							"vector": [0.67, 0.04, 0.58]
						},
						"0.8333": {
							"vector": [0.76, 0.18, 0.33]
						},
						"1.0": {
							"vector": [0, 0.5, -1]
						}
					}
				},
				"R1": {
					"rotation": {
						"0.0": {
							"vector": [-9.82279, 14.03768, -0.65463]
						},
						"0.375": {
							"vector": [-7.5, -2.5, 0]
						},
						"0.5833": {
							"vector": [2.49999, 2.49525, 0.21803]
						},
						"0.9167": {
							"vector": [-4.82279, 14.03768, -0.65463]
						},
						"1.0": {
							"vector": [-9.82279, 14.03768, -0.65463]
						}
					},
					"position": {
						"0.0": {
							"vector": [-0.7, 0.3, -0.3]
						},
						"0.2917": {
							"vector": [-0.16, 0.37, -0.48]
						},
						"0.375": {
							"vector": [-0.01, 0.39, -0.28]
						},
						"0.4167": {
							"vector": [-0.15, 0.4, -0.05]
						},
						"0.5833": {
							"vector": [-0.32, -0.08, 0.86]
						},
						"0.7917": {
							"vector": [-0.5, 0, 0.6]
						},
						"0.9167": {
							"vector": [-0.62, 0.18, 0.26]
						},
						"1.0": {
							"vector": [-0.7, 0.3, -0.3]
						}
					}
				},
				"R4": {
					"rotation": {
						"0.0": {
							"vector": [3, -18, 0]
						},
						"0.25": {
							"vector": [-0.55289, -7.83498, -0.0184]
						},
						"0.5": {
							"vector": [13.27442, -22.73804, 5.19886]
						},
						"0.6667": {
							"vector": [6.34406, -24.86948, -2.59452]
						},
						"1.0": {
							"vector": [3, -18, 0]
						}
					},
					"position": {
						"0.0": {
							"vector": [0.3, -0.2, 0.2]
						},
						"0.25": {
							"vector": [0.3, 0.1, -0.2]
						},
						"0.2917": {
							"vector": [0.05, 0.07, 0.15]
						},
						"0.5": {
							"vector": [-0.6, -0.1, 1.3]
						},
						"0.6667": {
							"vector": [0.2, -0.2, 0.8]
						},
						"0.7917": {
							"vector": [0.19, -0.24, 0.7]
						},
						"1.0": {
							"vector": [0.3, -0.2, 0.2]
						}
					}
				},
				"proboscischelicera": {
					"rotation": {
						"0.0": {
							"vector": [0, 0, -6]
						},
						"0.4583": {
							"vector": [-15, 0, 13]
						},
						"0.75": {
							"vector": [0, 0, -0.12]
						},
						"1.0": {
							"vector": [0, 0, -6]
						}
					}
				}
			}
		}
	},
	"geckolib_format_version": 2
}