{
	"format_version": "1.8.0",
	"animations": {
		"animation.spiderwidow.idle": {
			"animation_length": 0.95833,
			"bones": {
				"petapalps": {
					"rotation": {
						"0.0": {
							"vector": [-4, 0, 0]
						},
						"0.125": {
							"vector": [-7.5, 0, 0]
						},
						"0.2083": {
							"vector": [-8.25707, -1.03945, 0.4309]
						},
						"0.625": {
							"vector": [-6.98171, 1.01515, 0.3484]
						},
						"0.8333": {
							"vector": [-8, -1, 0]
						},
						"0.9583": {
							"vector": [-4, 0, 0]
						}
					},
					"position": {
						"vector": [0, -0.1, 0]
					}
				},
				"L4": {
					"rotation": {
						"vector": [-2.60935, -3.87864, 2.91152]
					},
					"position": {
						"vector": [-0.2, 0.2, 0]
					}
				},
				"R4": {
					"rotation": {
						"vector": [1.48558, 4.78332, -3.25053]
					}
				},
				"frontbody": {
					"rotation": {
						"0.0": {
							"vector": [0, 0, 0]
						},
						"0.4167": {
							"vector": [1, 0, 0]
						},
						"0.9583": {
							"vector": [0, 0, 0]
						}
					},
					"scale": {
						"0.0": {
							"vector": [1, 1, 1]
						},
						"0.9583": {
							"vector": [1, 1, 1]
						}
					}
				},
				"sockets": {
					"rotation": {
						"0.0": {
							"vector": [0, 0, 0]
						},
						"0.4167": {
							"vector": [0, 0, 0]
						},
						"0.9583": {
							"vector": [0, 0, 0]
						}
					}
				},
				"mainabdomen": {
					"scale": {
						"0.0": {
							"vector": [1, 1, 1]
						},
						"0.4167": {
							"vector": [1, 0.95, 1.12]
						},
						"0.9583": {
							"vector": [1, 1, 1]
						}
					}
				},
				"horrorspider": {
					"position": {
						"vector": [0, 0, 0]
					}
				},
				"face": {
					"rotation": {
						"0.0": {
							"vector": [9, 0, 0]
						},
						"0.3333": {
							"vector": [7.57, 0, 0]
						},
						"0.5417": {
							"vector": [6.66, 0, 0]
						},
						"0.75": {
							"vector": [1.19, 0, 0]
						},
						"0.9583": {
							"vector": [9, 0, 0]
						}
					},
					"position": {
						"0.0": {
							"vector": [0, 0.2, 0.1]
						},
						"0.75": {
							"vector": [0, 0.04, 0.02]
						},
						"0.9583": {
							"vector": [0, 0.2, 0.1]
						}
					}
				},
				"L1": {
					"rotation": {
						"vector": [2.96176, 16, 0]
					},
					"position": {
						"vector": [-0.2, 0.2, 0]
					}
				},
				"R1": {
					"rotation": {
						"vector": [3.51506, -15, 0]
					},
					"position": {
						"vector": [0.1, 0.1, -0.1]
					}
				}
			}
		},
		"animation.spiderwidow.aggressive": {
			"animation_length": 0.95833,
			"bones": {
				"petapalps": {
					"rotation": {
						"0.0": {
							"vector": [-4, 0, 0]
						},
						"0.125": {
							"vector": [-7.5, 0, 0]
						},
						"0.2083": {
							"vector": [-8.25707, -1.03945, 0.4309]
						},
						"0.625": {
							"vector": [-6.98171, 1.01515, 0.3484]
						},
						"0.8333": {
							"vector": [-8, -1, 0]
						},
						"0.9583": {
							"vector": [-4, 0, 0]
						}
					},
					"position": {
						"vector": [0, -0.1, 0]
					}
				},
				"L4": {
					"rotation": {
						"0.0": {
							"vector": [-0.71924, -14.40437, 0.6492]
						},
						"0.4583": {
							"vector": [-0.88048, -18.34591, 1.34956]
						},
						"0.9583": {
							"vector": [-0.71924, -14.40437, 0.6492]
						}
					},
					"position": {
						"vector": [-0.2, 0.3, 0]
					}
				},
				"R4": {
					"rotation": {
						"0.0": {
							"vector": [1.50243, 14.7775, -2.90864]
						},
						"0.4583": {
							"vector": [1.53393, 19.77451, -2.73279]
						},
						"0.9583": {
							"vector": [1.50243, 14.7775, -2.90864]
						}
					},
					"position": {
						"vector": [0, 0.3, 0]
					}
				},
				"frontbody": {
					"rotation": {
						"vector": [-17, 0, 0]
					},
					"position": {
						"vector": [0, 0.5, 0]
					},
					"scale": {
						"vector": [1, 0.9, 1.06]
					}
				},
				"sockets": {
					"rotation": {
						"vector": [0, 0, 0]
					},
					"position": {
						"vector": [0, -2.1, 0]
					},
					"scale": {
						"vector": [1, 1.69, 1]
					}
				},
				"mainabdomen": {
					"rotation": {
						"vector": [7, 0, 0]
					},
					"position": {
						"vector": [0, -0.9, 0.5]
					},
					"scale": {
						"vector": [1, 1, 1.33]
					}
				},
				"horrorspider": {
					"rotation": {
						"vector": [-5, 0, 0]
					},
					"position": {
						"0.0": {
							"vector": [0, 0.6, 0]
						},
						"0.5": {
							"vector": [0, 0.6, 0.3]
						},
						"0.9583": {
							"vector": [0, 0.6, 0]
						}
					}
				},
				"face": {
					"rotation": {
						"vector": [-7, 0, 0]
					},
					"position": {
						"vector": [0, 0.7, 0.4]
					}
				},
				"L1": {
					"rotation": {
						"0.0": {
							"vector": [-45.59762, 24.68074, -9.03862]
						},
						"0.5": {
							"vector": [-49.38676, 24.68074, -9.03862]
						},
						"0.9583": {
							"vector": [-45.59762, 24.68074, -9.03862]
						}
					},
					"position": {
						"vector": [-0.2, 1.4, 0.3]
					}
				},
				"R1": {
					"rotation": {
						"0.0": {
							"vector": [-34.30034, -29.92983, 21.41047]
						},
						"0.5": {
							"vector": [-39.30034, -29.92983, 21.41047]
						},
						"0.75": {
							"vector": [-39.53673, -31.8891, 23.30713]
						},
						"0.9583": {
							"vector": [-34.30034, -29.92983, 21.41047]
						}
					},
					"position": {
						"vector": [0.3, 1.7, 0.3]
					}
				},
				"L3": {
					"rotation": {
						"0.0": {
							"vector": [0, 0, 0]
						},
						"0.4583": {
							"vector": [0, 8, 0]
						},
						"0.9583": {
							"vector": [0, 0, 0]
						}
					}
				},
				"R3": {
					"rotation": {
						"0.0": {
							"vector": [0, 0, 0]
						},
						"0.4583": {
							"vector": [0, -5, 0]
						},
						"0.9583": {
							"vector": [0, 0, 0]
						}
					}
				},
				"L2": {
					"rotation": {
						"vector": [-88.70785, 38.4287, -58.14425]
					},
					"position": {
						"vector": [-0.1, 1.1, 0.2]
					}
				},
				"R2": {
					"rotation": {
						"vector": [-72.26596, -45.35364, 57.66324]
					},
					"position": {
						"vector": [0.3, 1.3, 0.2]
					}
				}
			}
		},
		"animation.spiderwidow.grab": {
			"animation_length": 1,
			"bones": {
				"petapalps": {
					"rotation": {
						"0.0": {
							"vector": [-4, 0, 0]
						},
						"0.125": {
							"vector": [-7.5, 0, 0]
						},
						"0.2083": {
							"vector": [-8.25707, -1.03945, 0.4309]
						},
						"0.625": {
							"vector": [-6.98171, 1.01515, 0.3484]
						},
						"0.875": {
							"vector": [-8, -1, 0]
						},
						"1.0": {
							"vector": [-4, 0, 0]
						}
					},
					"position": {
						"0.0": {
							"vector": [0, 0, 0]
						},
						"1.0": {
							"vector": [0, 0, 0]
						}
					}
				},
				"L4": {
					"rotation": {
						"0.0": {
							"vector": [-7.54319, 4.7736, -5.05522]
						},
						"0.375": {
							"vector": [-9.66395, 7.41083, -6.68232]
						},
						"1.0": {
							"vector": [-7.54319, 4.7736, -5.05522]
						}
					},
					"position": {
						"0.0": {
							"vector": [-0.2, 0.2, 0]
						},
						"0.375": {
							"vector": [-0.3, 0.2, 0]
						},
						"1.0": {
							"vector": [-0.2, 0.2, 0]
						}
					}
				},
				"R4": {
					"rotation": {
						"0.0": {
							"vector": [-6.50185, -1.13498, -1.23205]
						},
						"0.375": {
							"vector": [-9.48091, -0.03892, -0.56244]
						},
						"1.0": {
							"vector": [-6.50185, -1.13498, -1.23205]
						}
					}
				},
				"frontbody": {
					"rotation": {
						"vector": [4.28, 0, 0]
					}
				},
				"sockets": {
					"rotation": {
						"0.0": {
							"vector": [0, 0, 0]
						},
						"0.4167": {
							"vector": [0, 0, 0]
						},
						"1.0": {
							"vector": [0, 0, 0]
						}
					}
				},
				"mainabdomen": {
					"scale": {
						"0.0": {
							"vector": [1, 1, 1]
						},
						"0.4167": {
							"vector": [1, 0.95, 1.12]
						},
						"1.0": {
							"vector": [1, 1, 1]
						}
					}
				},
				"horrorspider": {
					"rotation": {
						"vector": [-90, 0, 0]
					},
					"position": {
						"vector": [0, 2.5, -1.8]
					}
				},
				"L3": {
					"rotation": {
						"0.0": {
							"vector": [0, 0, 0]
						},
						"0.375": {
							"vector": [0, 0, 7]
						},
						"1.0": {
							"vector": [0, 0, 0]
						}
					}
				},
				"R3": {
					"rotation": {
						"0.0": {
							"vector": [0, 0, 0]
						},
						"0.375": {
							"vector": [0, 0, -4]
						},
						"1.0": {
							"vector": [0, 0, 0]
						}
					}
				},
				"L2": {
					"rotation": {
						"0.0": {
							"vector": [0, 0, 0]
						},
						"0.375": {
							"vector": [0, 0, 12]
						},
						"1.0": {
							"vector": [0, 0, 0]
						}
					}
				},
				"R2": {
					"rotation": {
						"0.0": {
							"vector": [0, 0, 0]
						},
						"0.375": {
							"vector": [0, 0, -4]
						},
						"1.0": {
							"vector": [0, 0, 0]
						}
					}
				},
				"L1": {
					"rotation": {
						"0.0": {
							"vector": [0, 0, 0]
						},
						"0.375": {
							"vector": [5.00683, -2.98857, -0.2617]
						},
						"1.0": {
							"vector": [0, 0, 0]
						}
					},
					"position": {
						"0.0": {
							"vector": [0, 0.4, 0]
						},
						"1.0": {
							"vector": [0, 0.4, 0]
						}
					}
				},
				"R1": {
					"rotation": {
						"0.0": {
							"vector": [0, 0, 0]
						},
						"0.375": {
							"vector": [-2.02198, 2.8688, -0.87785]
						},
						"1.0": {
							"vector": [0, 0, 0]
						}
					}
				},
				"face": {
					"rotation": {
						"vector": [32, 0, 0]
					},
					"position": {
						"vector": [0, 0.6, 0]
					}
				}
			}
		},
		"animation.spiderwidow.death": {
			"animation_length": 0.95833,
			"bones": {
				"petapalps": {
					"rotation": {
						"0.0": {
							"vector": [-4, 0, 0]
						},
						"0.125": {
							"vector": [-7.5, 0, 0]
						},
						"0.2083": {
							"vector": [-8.25707, -1.03945, 0.4309]
						},
						"0.625": {
							"vector": [-6.98171, 1.01515, 0.3484]
						},
						"0.8333": {
							"vector": [-8, -1, 0]
						},
						"0.9583": {
							"vector": [-4, 0, 0]
						}
					},
					"position": {
						"0.0": {
							"vector": [0, 0, 0]
						},
						"0.9583": {
							"vector": [0, 0, 0]
						}
					}
				},
				"L4": {
					"rotation": {
						"0.0": {
							"vector": [-7.71924, -14.40437, 0.6492]
						},
						"0.375": {
							"vector": [-9.71924, -14.40437, 0.6492]
						},
						"0.4583": {
							"vector": [-9.83686, 13.13277, -8.5431]
						},
						"0.9583": {
							"vector": [-7.71924, -14.40437, 0.6492]
						}
					}
				},
				"R4": {
					"rotation": {
						"0.0": {
							"vector": [-6.49757, 14.7775, -2.90864]
						},
						"0.375": {
							"vector": [-9.49757, 14.7775, -2.90864]
						},
						"0.5833": {
							"vector": [-10.05133, -26.72576, 3.87686]
						},
						"0.9583": {
							"vector": [-6.49757, 14.7775, -2.90864]
						}
					}
				},
				"frontbody": {
					"rotation": {
						"0.0": {
							"vector": [0, 0, 0]
						},
						"0.4167": {
							"vector": [1, 0, 0]
						},
						"0.9583": {
							"vector": [0, 0, 0]
						}
					}
				},
				"sockets": {
					"rotation": {
						"0.0": {
							"vector": [0, 0, 0]
						},
						"0.4167": {
							"vector": [0, 0, 0]
						},
						"0.9583": {
							"vector": [0, 0, 0]
						}
					}
				},
				"mainabdomen": {
					"scale": {
						"0.0": {
							"vector": [1, 1, 1]
						},
						"0.4167": {
							"vector": [1, 0.95, 1.12]
						},
						"0.9583": {
							"vector": [1, 1, 1]
						}
					}
				},
				"horrorspider": {
					"rotation": {
						"0.0": {
							"vector": [-182.5, 0, 0]
						},
						"0.9583": {
							"vector": [-182.5, 0, 0]
						}
					},
					"position": {
						"0.0": {
							"vector": [0, 2.6, 0]
						},
						"0.9583": {
							"vector": [0, 2.6, 0]
						}
					}
				},
				"L3": {
					"rotation": {
						"0.0": {
							"vector": [0, 0, 0]
						},
						"0.375": {
							"vector": [0, 0, 7]
						},
						"0.5833": {
							"vector": [0, -6, 6]
						},
						"0.9583": {
							"vector": [0, 0, 0]
						}
					}
				},
				"R3": {
					"rotation": {
						"0.0": {
							"vector": [0, 0, 0]
						},
						"0.375": {
							"vector": [0, 0, -4]
						},
						"0.9583": {
							"vector": [0, 0, 0]
						}
					}
				},
				"L2": {
					"rotation": {
						"0.0": {
							"vector": [0, 0, 0]
						},
						"0.375": {
							"vector": [0, 0, 12]
						},
						"0.6667": {
							"vector": [0, -15, 10.28571]
						},
						"0.9583": {
							"vector": [0, 0, 0]
						}
					}
				},
				"R2": {
					"rotation": {
						"0.0": {
							"vector": [0, 0, 0]
						},
						"0.375": {
							"vector": [0, 0, -4]
						},
						"0.5833": {
							"vector": [0.0055, 5.99181, -2.88049]
						},
						"0.9583": {
							"vector": [0, 0, 0]
						}
					}
				},
				"L1": {
					"rotation": {
						"0.0": {
							"vector": [0, 0, 0]
						},
						"0.375": {
							"vector": [5.00683, -2.98857, -0.2617]
						},
						"0.5833": {
							"vector": [3.35613, -16.89346, -1.03659]
						},
						"0.9583": {
							"vector": [0, 0, 0]
						}
					}
				},
				"R1": {
					"rotation": {
						"0.0": {
							"vector": [0, 0, 0]
						},
						"0.375": {
							"vector": [-2.02198, 2.8688, -0.87785]
						},
						"0.5833": {
							"vector": [-1.39712, 21.83554, -1.04138]
						},
						"0.9583": {
							"vector": [0, 0, 0]
						}
					}
				}
			}
		},
		"animation.spiderwidow.scurrying": {
			"animation_length": 1,
			"bones": {
				"horrorspider": {
					"rotation": {
						"0.0": {
							"vector": [3, 0, 0]
						},
						"0.25": {
							"vector": [4.8631, 2.98922, 0.25421]
						},
						"0.375": {
							"vector": [9.31388, 0.75198, 0.01684]
						},
						"0.75": {
							"vector": [6.66619, -5.95973, -0.69525]
						},
						"1.0": {
							"vector": [3, 0, 0]
						}
					},
					"position": {
						"0.0": {
							"vector": [0, 0, 0]
						},
						"0.25": {
							"vector": [0, 0, 0.4]
						},
						"0.375": {
							"vector": [0, -0.5, -0.1]
						},
						"0.5": {
							"vector": [0, 0, -0.6]
						},
						"0.625": {
							"vector": [0, 0, -0.47]
						},
						"0.75": {
							"vector": [0, 0, 0.2]
						},
						"0.875": {
							"vector": [0, 0.1, -0.6]
						},
						"1.0": {
							"vector": [0, 0, 0]
						}
					}
				},
				"face": {
					"rotation": {
						"0.0": {
							"vector": [17, 0, 0]
						},
						"0.0833": {
							"vector": [16.09028, 0.42831, -0.01496]
						},
						"0.1667": {
							"vector": [10.18056, 0.85662, -0.02992]
						},
						"0.2083": {
							"vector": [7.4757, 1.07078, -0.0374]
						},
						"0.25": {
							"vector": [10.50667, 1.02794, -0.0359]
						},
						"0.3333": {
							"vector": [7.56862, 0.94228, -0.03291]
						},
						"0.375": {
							"vector": [7.59959, 0.89945, -0.03142]
						},
						"0.4167": {
							"vector": [6.59959, 0.89945, -0.03142]
						},
						"0.4583": {
							"vector": [8.86653, 0.29982, -0.01047]
						},
						"0.5": {
							"vector": [8, 0, 0]
						},
						"0.5417": {
							"vector": [6.99948, -0.28415, 0.02988]
						},
						"0.5833": {
							"vector": [1.99896, -0.5683, 0.05975]
						},
						"0.625": {
							"vector": [3.59844, -0.85245, 0.08963]
						},
						"0.6667": {
							"vector": [2.59844, -0.85245, 0.08963]
						},
						"0.7083": {
							"vector": [5.59844, -0.85245, 0.08963]
						},
						"0.75": {
							"vector": [9.59844, -0.85245, 0.08963]
						},
						"0.7917": {
							"vector": [11.59844, -0.85245, 0.08963]
						},
						"0.8333": {
							"vector": [11.59844, -0.85245, 0.08963]
						},
						"0.875": {
							"vector": [15.69883, -0.63933, 0.06722]
						},
						"1.0": {
							"vector": [17, 0, 0]
						}
					},
					"position": {
						"0.0": {
							"vector": [0, 0.4, 0.1]
						},
						"0.0833": {
							"vector": [0, 0.42, 0.11]
						},
						"0.125": {
							"vector": [0, 0.33, 0.07]
						},
						"0.1667": {
							"vector": [0, 0.32, 0.06]
						},
						"0.2083": {
							"vector": [0, 0.31, 0.01]
						},
						"0.25": {
							"vector": [0, 0.35, -0.02]
						},
						"0.3333": {
							"vector": [0, 0.13, -0.07]
						},
						"0.375": {
							"vector": [0, 0.1, 0]
						},
						"0.4167": {
							"vector": [0, 0.1, 0]
						},
						"0.4583": {
							"vector": [0, 0.15, -0.03]
						},
						"0.5": {
							"vector": [0, 0.08, -0.05]
						},
						"0.5417": {
							"vector": [0, 0.11, -0.06]
						},
						"0.5833": {
							"vector": [0, 0.03, -0.08]
						},
						"0.625": {
							"vector": [0, 0.09, -0.07]
						},
						"0.6667": {
							"vector": [0, 0.09, -0.07]
						},
						"0.7083": {
							"vector": [0, 0.19, -0.07]
						},
						"0.75": {
							"vector": [0, 0.29, -0.07]
						},
						"0.7917": {
							"vector": [0, 0.39, -0.07]
						},
						"0.8333": {
							"vector": [0, 0.39, -0.07]
						},
						"0.875": {
							"vector": [0, 0.49, -0.15]
						},
						"0.9583": {
							"vector": [0, 0.43, 0.22]
						},
						"1.0": {
							"vector": [0, 0.4, 0.1]
						}
					},
					"scale": {
						"0.0": {
							"vector": [1, 1, 0.98]
						},
						"0.1667": {
							"vector": [1, 1, 0.98]
						},
						"0.2083": {
							"vector": [1, 0.89, 0.96]
						},
						"0.25": {
							"vector": [1, 0.87, 0.93]
						},
						"0.3333": {
							"vector": [1, 0.87, 0.92]
						},
						"0.375": {
							"vector": [1, 0.87, 0.96]
						},
						"0.4167": {
							"vector": [1, 0.75, 0.96]
						},
						"0.4583": {
							"vector": [1, 0.69, 0.92]
						},
						"0.5": {
							"vector": [1, 0.69, 0.91]
						},
						"0.5417": {
							"vector": [1, 0.69, 0.89]
						},
						"0.5833": {
							"vector": [1, 0.69, 0.9]
						},
						"0.625": {
							"vector": [1, 0.69, 0.89]
						},
						"0.6667": {
							"vector": [1, 0.69, 0.89]
						},
						"0.7083": {
							"vector": [1, 0.69, 0.88]
						},
						"0.75": {
							"vector": [1, 0.69, 0.87]
						},
						"0.7917": {
							"vector": [1, 0.64, 0.87]
						},
						"0.8333": {
							"vector": [1, 0.65, 0.88]
						},
						"0.875": {
							"vector": [1, 0.65, 0.81]
						},
						"0.9583": {
							"vector": [1, 0.8833, 1.0533]
						},
						"1.0": {
							"vector": [1, 1, 0.98]
						}
					}
				},
				"petapalps": {
					"rotation": {
						"0.0": {
							"vector": [0, 0, 0]
						},
						"0.25": {
							"vector": [-12.5, 0, 0]
						},
						"0.625": {
							"vector": [-10.01153, -2.4407, 0.54143]
						},
						"1.0": {
							"vector": [0, 0, 0]
						}
					}
				},
				"L4": {
					"rotation": {
						"0.0": {
							"vector": [-0.99637, -5.95312, 6.24843]
						},
						"0.0833": {
							"vector": [4.62297, 25.87822, -5.87769]
						},
						"0.1667": {
							"vector": [-10.21647, 33.56162, -4.35051]
						},
						"0.25": {
							"vector": [-2.95324, -4.86312, 8.15253]
						},
						"0.4167": {
							"vector": [6.47304, 16.87962, -12.16965]
						},
						"0.5": {
							"vector": [-0.7715, 38.04484, 2.30985]
						},
						"0.5833": {
							"vector": [0.0324, 17.80217, 10.49411]
						},
						"0.7083": {
							"vector": [-3.68812, -21.56824, 8.24564]
						},
						"0.9167": {
							"vector": [-4.05524, -10.64866, 9.20401]
						},
						"1.0": {
							"vector": [-0.99637, -5.95312, 6.24843]
						}
					},
					"position": {
						"0.0": {
							"vector": [-0.1, 0, -0.1]
						},
						"0.0833": {
							"vector": [-0.13, 0.4, -0.13]
						},
						"0.2917": {
							"vector": [-0.2, 0, -0.2]
						},
						"0.4167": {
							"vector": [-0.15, 0, -0.52]
						},
						"0.5417": {
							"vector": [-0.11, 0, -0.43]
						},
						"0.7917": {
							"vector": [-0.2, 0, -0.7]
						},
						"1.0": {
							"vector": [-0.1, 0, -0.1]
						}
					}
				},
				"L3": {
					"rotation": {
						"0.0": {
							"vector": [0, 19, -17.5]
						},
						"0.0417": {
							"vector": [2.23496, 12.47111, -1.42244]
						},
						"0.125": {
							"vector": [0, 0, 0]
						},
						"0.2083": {
							"vector": [-1.08019, 28.3621, -16.43962]
						},
						"0.2917": {
							"vector": [3.37377, 26.60633, 0.61461]
						},
						"0.4167": {
							"vector": [0, 0, 0]
						},
						"0.5": {
							"vector": [0, 19, -17.5]
						},
						"0.5833": {
							"vector": [-0.10882, 18.33683, 1.63456]
						},
						"0.6667": {
							"vector": [0, 0, 0]
						},
						"0.75": {
							"vector": [-2.91045, 21.37163, -16.03672]
						},
						"0.8333": {
							"vector": [3.37377, 26.60633, 0.61461]
						},
						"0.9167": {
							"vector": [0, 0, 0]
						},
						"1.0": {
							"vector": [0, 19, -17.5]
						}
					},
					"position": {
						"0.0": {
							"vector": [0, 0, 0]
						},
						"0.75": {
							"vector": [-0.1, 0, -0.1]
						},
						"1.0": {
							"vector": [0, 0, 0]
						}
					}
				},
				"R3": {
					"rotation": {
						"0.0": {
							"vector": [0, 15, 0]
						},
						"0.0833": {
							"vector": [5.13703, -12.33234, -6.53067]
						},
						"0.1667": {
							"vector": [5.09707, 10.08026, -4.53626]
						},
						"0.25": {
							"vector": [0, 15, 0]
						},
						"0.2917": {
							"vector": [3.34071, -6.15009, 11.67581]
						},
						"0.3333": {
							"vector": [0, 15, 0]
						},
						"0.4167": {
							"vector": [5.13703, -12.33234, -6.53067]
						},
						"0.5": {
							"vector": [5.09707, 10.08026, -4.53626]
						},
						"0.5417": {
							"vector": [0, 15, 0]
						},
						"0.625": {
							"vector": [3.34071, -6.15009, 11.67581]
						},
						"0.6667": {
							"vector": [0, 15, 0]
						},
						"0.75": {
							"vector": [5.13703, -12.33234, -6.53067]
						},
						"0.8333": {
							"vector": [5.09707, 10.08026, -4.53626]
						},
						"0.875": {
							"vector": [0, 15, 0]
						},
						"0.9583": {
							"vector": [3.34071, -6.15009, 11.67581]
						},
						"1.0": {
							"vector": [0, 15, 0]
						}
					},
					"position": {
						"0.0": {
							"vector": [0, 0, 0.2]
						},
						"0.0833": {
							"vector": [0, -0.1, 0]
						},
						"0.4583": {
							"vector": [0, -0.16, -0.1]
						},
						"0.6667": {
							"vector": [0, -0.04, 0.04]
						},
						"0.7917": {
							"vector": [0, -0.12, -0.07]
						},
						"1.0": {
							"vector": [0, 0, 0.2]
						}
					}
				},
				"L2": {
					"rotation": {
						"0.0": {
							"vector": [-1.03685, -1.13651, -26.03497]
						},
						"0.0833": {
							"vector": [4.94972, 21.41145, 3.45296]
						},
						"0.125": {
							"vector": [1.78298, 17.53698, -5.16882]
						},
						"0.2083": {
							"vector": [4.07736, 8.60629, 0.25817]
						},
						"0.25": {
							"vector": [0, 0, 0]
						},
						"0.3333": {
							"vector": [-16.11982, 10.83997, -31.12046]
						},
						"0.4167": {
							"vector": [-22.00642, 3.13168, -25.23001]
						},
						"0.5": {
							"vector": [-0.8147, 11.851, -8.59301]
						},
						"0.5833": {
							"vector": [-0.52043, 1.83358, -8.64785]
						},
						"0.7083": {
							"vector": [1.85839, 9.07332, -8.99905]
						},
						"0.75": {
							"vector": [0, 0, -5]
						},
						"0.8333": {
							"vector": [-22.15385, 12.42283, -38.04888]
						},
						"0.9167": {
							"vector": [1.44387, 21.80248, -4.36517]
						},
						"0.9583": {
							"vector": [4.07736, 8.60629, 0.25817]
						},
						"1.0": {
							"vector": [-1.03685, -1.13651, -26.03497]
						}
					},
					"position": {
						"0.0": {
							"vector": [-0.3, 0, 0.1]
						},
						"0.0417": {
							"vector": [-0.2, 0, 0]
						},
						"0.3333": {
							"vector": [-0.38, 0.39, 0]
						},
						"0.4167": {
							"vector": [-0.24, 0.5, 0.2]
						},
						"0.5": {
							"vector": [0, 0, 0]
						},
						"0.5417": {
							"vector": [-0.2, 0, 0]
						},
						"0.8333": {
							"vector": [-0.37, 0, 0.2]
						},
						"1.0": {
							"vector": [-0.3, 0, 0.1]
						}
					}
				},
				"R2": {
					"rotation": {
						"0.0": {
							"vector": [0, -12, 0]
						},
						"0.0833": {
							"vector": [-5.04212, 8.89429, -1.94621]
						},
						"0.1667": {
							"vector": [-5.49503, -9.08949, 23.11622]
						},
						"0.25": {
							"vector": [0, -12, 0]
						},
						"0.3333": {
							"vector": [-0.12847, 20.47606, -4.91429]
						},
						"0.4167": {
							"vector": [-4.95046, -8.68701, 18.3673]
						},
						"0.5": {
							"vector": [0, -12, 0]
						},
						"0.5833": {
							"vector": [-0.09838, 18.47901, -4.80159]
						},
						"0.6667": {
							"vector": [-6.01434, -11.21401, 21.87355]
						},
						"0.75": {
							"vector": [0, -12, 0]
						},
						"0.8333": {
							"vector": [-0.03314, 12.48758, -4.47429]
						},
						"0.9167": {
							"vector": [-2.03682, -4.7842, 24.11939]
						},
						"1.0": {
							"vector": [0, -12, 0]
						}
					},
					"position": {
						"0.0": {
							"vector": [0.2, 0, 0]
						},
						"0.1667": {
							"vector": [0.48, 0, 0.05]
						},
						"0.25": {
							"vector": [0.27, 0, 0.07]
						},
						"0.3333": {
							"vector": [-0.15, 0, 0.09]
						},
						"0.4167": {
							"vector": [0.13, 0, 0.04]
						},
						"0.5": {
							"vector": [-0.2, 0, 0]
						},
						"0.625": {
							"vector": [0.47, 0, 0.09]
						},
						"0.7083": {
							"vector": [0.31, 0, -0.19]
						},
						"0.8333": {
							"vector": [0.35, 0, 0.09]
						},
						"0.9167": {
							"vector": [0.38, 0, 0.05]
						},
						"1.0": {
							"vector": [0.2, 0, 0]
						}
					}
				},
				"L1": {
					"rotation": {
						"0.0": {
							"vector": [-3.73986, -11.06173, -2.56859]
						},
						"0.0833": {
							"vector": [-5.73986, -11.06173, -2.56859]
						},
						"0.1667": {
							"vector": [-27.28041, 16.51131, -4.14041]
						},
						"0.25": {
							"vector": [-4.10808, 16.87956, 6.19718]
						},
						"0.375": {
							"vector": [-10.41866, -2.72044, -5.32182]
						},
						"0.5": {
							"vector": [11.05599, -20.01519, -1.6311]
						},
						"0.5833": {
							"vector": [-25.51785, 2.91704, -0.70094]
						},
						"0.7083": {
							"vector": [2.61812, 18.22124, -3.38312]
						},
						"0.7917": {
							"vector": [12.16898, -0.27694, -1.28619]
						},
						"0.875": {
							"vector": [10.67319, -0.42344, 2.93741]
						},
						"1.0": {
							"vector": [-3.73986, -11.06173, -2.56859]
						}
					},
					"position": {
						"0.0": {
							"vector": [0, 0.6, 0.1]
						},
						"0.1667": {
							"vector": [-0.32, 0.48, 0.38]
						},
						"0.25": {
							"vector": [-0.2, 0.47, -0.1]
						},
						"0.375": {
							"vector": [-0.3, 0.6, 0]
						},
						"0.4583": {
							"vector": [-0.06, 0.43, -0.1]
						},
						"0.5833": {
							"vector": [-0.15, 0.47, -0.25]
						},
						"0.7083": {
							"vector": [-0.38, 0.51, -0.14]
						},
						"0.7917": {
							"vector": [-0.2, 0.53, 0]
						},
						"0.875": {
							"vector": [-0.12, 0.56, -0.12]
						},
						"1.0": {
							"vector": [0, 0.6, 0.1]
						}
					}
				},
				"R1": {
					"rotation": {
						"0.0": {
							"vector": [3.68865, 6.63082, 2.5471]
						},
						"0.0833": {
							"vector": [-27.69786, -6.69694, 19.88392]
						},
						"0.1667": {
							"vector": [-3.13821, -28.80621, -5.83289]
						},
						"0.25": {
							"vector": [-0.93498, 15.772, 11.0707]
						},
						"0.3333": {
							"vector": [-2.33701, 19.6098, 9.43229]
						},
						"0.4167": {
							"vector": [-4.47988, 23.29328, 7.57701]
						},
						"0.5": {
							"vector": [0, 15, 0]
						},
						"0.5833": {
							"vector": [-28.18909, -3.8833, 25.20654]
						},
						"0.6667": {
							"vector": [-10.39986, -18.77464, 9.76232]
						},
						"0.8333": {
							"vector": [13.48341, -6.7178, 2.20376]
						},
						"0.9167": {
							"vector": [-3.46097, 16.44783, 10.20966]
						},
						"1.0": {
							"vector": [3.68865, 6.63082, 2.5471]
						}
					},
					"position": {
						"0.0": {
							"vector": [0, 0, 0]
						},
						"0.0833": {
							"vector": [0.2, 1.08, 0.42]
						},
						"0.2083": {
							"vector": [0.1, 0.2, 0]
						},
						"0.3333": {
							"vector": [0, 0.58, 0.02]
						},
						"0.4167": {
							"vector": [-0.2, 0.3, 0]
						},
						"0.5": {
							"vector": [0, 0, 0]
						},
						"0.5833": {
							"vector": [0.5, 0.48, 0.52]
						},
						"0.7083": {
							"vector": [0, 0.6, -0.3]
						},
						"0.8333": {
							"vector": [0.1, 0.48, -0.48]
						},
						"0.9167": {
							"vector": [0, 0, 0]
						},
						"1.0": {
							"vector": [0, 0, 0]
						}
					}
				},
				"R4": {
					"rotation": {
						"0.0": {
							"vector": [-11.3393, 12.0234, 0.79775]
						},
						"0.1667": {
							"vector": [0, -4, 0]
						},
						"0.3333": {
							"vector": [12.02297, -14.86806, 6.49415]
						},
						"0.4167": {
							"vector": [-9.26023, -19.00033, 0.11466]
						},
						"0.5": {
							"vector": [-7.47089, 11.77378, -1.85465]
						},
						"0.6667": {
							"vector": [15.22672, -18.9877, 13.93535]
						},
						"0.8333": {
							"vector": [-11, -18, 0]
						},
						"0.9167": {
							"vector": [-4.5805, 0.93987, -8.09352]
						},
						"1.0": {
							"vector": [-3.8393, 12.0234, 0.79775]
						}
					},
					"position": {
						"0.0": {
							"vector": [-0.3, 0.4, 0.5]
						},
						"0.1667": {
							"vector": [-0.2, 0, 0.3]
						},
						"0.25": {
							"vector": [0, 0.1, 0]
						},
						"0.3333": {
							"vector": [0, 0.4, -0.15]
						},
						"0.4167": {
							"vector": [0, 0, 0.2]
						},
						"0.5": {
							"vector": [-0.63, 0, 0.57]
						},
						"0.6667": {
							"vector": [0.2, 0.2, -0.1]
						},
						"0.9167": {
							"vector": [-0.16, 0.02, 0.43]
						},
						"1.0": {
							"vector": [-0.4, 0, 0.5]
						}
					}
				},
				"frontbody": {
					"rotation": {
						"0.0": {
							"vector": [0, 0, 0]
						},
						"0.3333": {
							"vector": [1, 0, 0]
						},
						"0.6667": {
							"vector": [-1, 0, 0]
						},
						"1.0": {
							"vector": [0, 0, 0]
						}
					},
					"position": {
						"0.0": {
							"vector": [0, 0, 0]
						},
						"0.2083": {
							"vector": [0, 0.07, 0]
						},
						"0.5": {
							"vector": [0, -0.3, 0]
						},
						"1.0": {
							"vector": [0, 0, 0]
						}
					}
				},
				"mainabdomen": {
					"position": {
						"vector": [0, 0, 0]
					},
					"scale": {
						"0.0": {
							"vector": [1, 1, 1]
						},
						"0.125": {
							"vector": [1.19, 1.0054, 1.0072]
						},
						"0.5417": {
							"vector": [1, 1.06, 1.08]
						},
						"1.0": {
							"vector": [1, 1, 1]
						}
					}
				},
				"sockets": {
					"position": {
						"0.0": {
							"vector": [0, 0.4, 0]
						},
						"0.2083": {
							"vector": [-0.3, -0.1, 0]
						},
						"0.4167": {
							"vector": [-0.19, 0.16, 0]
						},
						"1.0": {
							"vector": [0, 0.4, 0]
						}
					},
					"scale": {
						"0.0": {
							"vector": [1, 0.8, 1]
						},
						"0.2083": {
							"vector": [0.89, 1, 1]
						},
						"0.4167": {
							"vector": [0.9288, 0.88, 1]
						},
						"1.0": {
							"vector": [1, 0.8, 1]
						}
					}
				}
			}
		}
	},
	"geckolib_format_version": 2
}