{
	"format_version": "1.8.0",
	"animations": {
		"animation.spider_moth_dweller.staring": {
			"animation_length": 1.41667,
			"bones": {
				"torso": {
					"position": {
						"vector": [0, 4, 0]
					}
				},
				"rwing": {
					"rotation": {
						"0.0": {
							"vector": [0, 0, 0]
						},
						"0.7083": {
							"vector": [7.76796, -3.1956, 2.0402]
						},
						"1.4167": {
							"vector": [0, 0, 0]
						}
					},
					"position": {
						"0.0": {
							"vector": [0, 0, 0]
						},
						"0.7083": {
							"vector": [0, 0, 0]
						},
						"1.4167": {
							"vector": [0, 0, 0]
						}
					}
				},
				"lwing": {
					"rotation": {
						"0.0": {
							"vector": [0, 0, 0]
						},
						"0.7083": {
							"vector": [7.89397, -1.7717, -3.83889]
						},
						"1.4167": {
							"vector": [0, 0, 0]
						}
					},
					"position": {
						"0.0": {
							"vector": [0, 0, 0]
						},
						"1.4167": {
							"vector": [0, 0, 0]
						}
					}
				}
			}
		},
		"animation.spider_moth_dweller.flying": {
			"loop": true,
			"animation_length": 1,
			"bones": {
				"torso": {
					"rotation": {
						"0.0": {
							"vector": [30, 0, 0]
						},
						"0.2083": {
							"vector": [32.5, 0, 0]
						},
						"0.4167": {
							"vector": [31.39, 0, 0]
						},
						"1.0": {
							"vector": [30, 0, 0]
						}
					},
					"position": {
						"0.0": {
							"vector": [0, -16, -1]
						},
						"0.2083": {
							"vector": [0, -19, -1]
						},
						"0.4167": {
							"vector": [0, -19, -1.8]
						},
						"0.5833": {
							"vector": [0, -17, -1]
						},
						"1.0": {
							"vector": [0, -16, -1]
						}
					},
					"scale": {
						"0.0": {
							"vector": [0.8, 1.1, 1]
						},
						"0.4167": {
							"vector": [0.8, 1.1, 1.2]
						},
						"0.5833": {
							"vector": [0.8, 1.1, 1.1]
						},
						"1.0": {
							"vector": [0.8, 1.1, 1]
						}
					}
				},
				"rwing": {
					"rotation": {
						"0.0": {
							"vector": [53.99234, 35.10256, 70.42061]
						},
						"0.0833": {
							"vector": [64.99577, -11.87687, -65.7916]
						},
						"0.1667": {
							"vector": [53.99234, 35.10256, 70.42061]
						},
						"0.25": {
							"vector": [64.99577, -11.87687, -65.7916]
						},
						"0.3333": {
							"vector": [53.47812, -12.3081, 67.37707]
						},
						"0.4167": {
							"vector": [64.99577, -11.87687, -65.7916]
						},
						"0.5": {
							"vector": [53.99234, 35.10256, 70.42061]
						},
						"0.5833": {
							"vector": [64.99577, -11.87687, -65.7916]
						},
						"0.6667": {
							"vector": [53.47812, -12.3081, 67.37707]
						},
						"0.75": {
							"vector": [64.99577, -11.87687, -65.7916]
						},
						"0.8333": {
							"vector": [53.99234, 35.10256, 70.42061]
						},
						"0.9167": {
							"vector": [64.99577, -11.87687, -65.7916]
						},
						"1.0": {
							"vector": [53.47812, -12.3081, 67.37707]
						}
					},
					"position": {
						"0.0": {
							"vector": [0, -11, -5]
						},
						"0.4583": {
							"vector": [0, -11.93, -4.93]
						},
						"1.0": {
							"vector": [0, -11, -5]
						}
					}
				},
				"lwing": {
					"rotation": {
						"0.0": {
							"vector": [55.92224, -35.94218, -76.28581]
						},
						"0.0833": {
							"vector": [59.2534, 10.10209, 57.92434]
						},
						"0.1667": {
							"vector": [55.92224, -35.94218, -76.28581]
						},
						"0.25": {
							"vector": [59.2534, 10.10209, 57.92434]
						},
						"0.3333": {
							"vector": [54.66433, 8.88738, -72.07571]
						},
						"0.4167": {
							"vector": [59.2534, 10.10209, 57.92434]
						},
						"0.5": {
							"vector": [55.92224, -35.94218, -76.28581]
						},
						"0.5833": {
							"vector": [59.2534, 10.10209, 57.92434]
						},
						"0.6667": {
							"vector": [54.66433, 8.88738, -72.07571]
						},
						"0.75": {
							"vector": [59.2534, 10.10209, 57.92434]
						},
						"0.8333": {
							"vector": [55.92224, -35.94218, -76.28581]
						},
						"0.9167": {
							"vector": [59.2534, 10.10209, 57.92434]
						},
						"1.0": {
							"vector": [54.66433, 8.88738, -72.07571]
						}
					},
					"position": {
						"0.0": {
							"vector": [0, -11, -7]
						},
						"0.4583": {
							"vector": [0, -12, -7]
						},
						"1.0": {
							"vector": [0, -11, -7]
						}
					}
				},
				"rleg": {
					"rotation": {
						"0.0": {
							"vector": [19.56283, 7.35559, -6.79333]
						},
						"0.5": {
							"vector": [22.06283, 7.35559, -6.79333]
						},
						"1.0": {
							"vector": [19.56283, 7.35559, -6.79333]
						}
					},
					"position": {
						"0.0": {
							"vector": [1, -3, -2]
						},
						"0.5": {
							"vector": [2, -2, -2]
						},
						"1.0": {
							"vector": [1, -3, -2]
						}
					},
					"scale": {
						"vector": [1, 0.8, 1]
					}
				},
				"lleg": {
					"rotation": {
						"0.0": {
							"vector": [14.12186, -0.32556, -0.77687]
						},
						"0.5417": {
							"vector": [41.68033, 7.87422, 21.56698]
						},
						"1.0": {
							"vector": [14.12186, -0.32556, -0.77687]
						}
					},
					"position": {
						"0.0": {
							"vector": [0, -6, 0]
						},
						"0.5417": {
							"vector": [0, -4, -1]
						},
						"1.0": {
							"vector": [0, -6, 0]
						}
					},
					"scale": {
						"vector": [1, 0.7, 0.9]
					}
				},
				"head": {
					"rotation": {
						"0.0": {
							"vector": [12.5, 0, 0]
						},
						"0.2917": {
							"vector": [0, 0, 0]
						},
						"0.7083": {
							"vector": [-0.15, 0, 0]
						},
						"1.0": {
							"vector": [12.5, 0, 0]
						}
					},
					"position": {
						"0.0": {
							"vector": [0, -13, -8]
						},
						"0.2917": {
							"vector": [0, -14, -8]
						},
						"1.0": {
							"vector": [0, -13, -8]
						}
					}
				},
				"larm": {
					"rotation": {
						"0.0": {
							"vector": [-22.5, 0, 0]
						},
						"0.2083": {
							"vector": [-26.47871, -0.11299, 1.11015]
						},
						"0.5417": {
							"vector": [-32.08897, -5.71617, -8.21888]
						},
						"0.7917": {
							"vector": [-29.58499, -9.83594, 2.69941]
						},
						"1.0": {
							"vector": [-22.5, 0, 0]
						}
					},
					"position": {
						"0.0": {
							"vector": [0, -12, 0]
						},
						"0.5417": {
							"vector": [0, -13, 0]
						},
						"1.0": {
							"vector": [0, -12, 0]
						}
					}
				},
				"larmstwo": {
					"rotation": {
						"0.0": {
							"vector": [0, 0, 2.5]
						},
						"0.375": {
							"vector": [5, 0, -5]
						},
						"0.6667": {
							"vector": [4.93851, 17.98209, 4.15579]
						},
						"1.0": {
							"vector": [0, 0, 2.5]
						}
					},
					"position": {
						"0.0": {
							"vector": [-2, -11, 0]
						},
						"0.6667": {
							"vector": [-2, -11, -1]
						},
						"1.0": {
							"vector": [-2, -11, 0]
						}
					},
					"scale": {
						"0.0": {
							"vector": [1, 0.9, 1]
						},
						"0.5833": {
							"vector": [1, 0.8, 1]
						},
						"1.0": {
							"vector": [1, 0.9, 1]
						}
					}
				},
				"larmsthree": {
					"rotation": {
						"0.0": {
							"vector": [-15.78879, -9.27217, 26.76507]
						},
						"0.4167": {
							"vector": [-22.11931, 8.01435, 33.20244]
						},
						"1.0": {
							"vector": [-15.78879, -9.27217, 26.76507]
						}
					},
					"position": {
						"0.0": {
							"vector": [-1, -14, -3]
						},
						"0.4167": {
							"vector": [-1, -13, -2]
						},
						"1.0": {
							"vector": [-1, -14, -3]
						}
					},
					"scale": {
						"0.0": {
							"vector": [1, 0.7, 1]
						},
						"0.4167": {
							"vector": [1, 0.7, 1]
						},
						"1.0": {
							"vector": [1, 0.7, 1]
						}
					}
				},
				"rarm": {
					"rotation": {
						"0.0": {
							"vector": [0, 0, 0]
						},
						"0.2083": {
							"vector": [-15.36925, -1.52344, 1.34637]
						},
						"0.4167": {
							"vector": [-13.99184, -14.19156, 12.54815]
						},
						"1.0": {
							"vector": [0, 0, 0]
						}
					},
					"position": {
						"0.0": {
							"vector": [0, -11, -3]
						},
						"0.4167": {
							"vector": [0, -11, -2]
						},
						"1.0": {
							"vector": [0, -11, -3]
						}
					}
				},
				"rarmstwo": {
					"rotation": {
						"0.0": {
							"vector": [0, 0, -12.5]
						},
						"0.4583": {
							"vector": [-1.02901, 6.61217, -1.2137]
						},
						"1.0": {
							"vector": [0, 0, -12.5]
						}
					},
					"position": {
						"0.0": {
							"vector": [1, -10, 0]
						},
						"0.4583": {
							"vector": [1, -11, 0]
						},
						"1.0": {
							"vector": [1, -10, 0]
						}
					},
					"scale": {
						"0.0": {
							"vector": [1, 0.8, 1]
						},
						"0.3333": {
							"vector": [1, 0.7, 1]
						},
						"1.0": {
							"vector": [1, 0.8, 1]
						}
					}
				},
				"rarmsthree": {
					"rotation": {
						"0.0": {
							"vector": [-31.339, -0.40924, -2.72585]
						},
						"0.2083": {
							"vector": [-38.84435, 7.08296, -7.54493]
						},
						"0.625": {
							"vector": [-40.08555, 2.19878, 3.836]
						},
						"1.0": {
							"vector": [-31.339, -0.40924, -2.72585]
						}
					},
					"position": {
						"0.0": {
							"vector": [1, -12, -1]
						},
						"1.0": {
							"vector": [1, -12, -1]
						}
					},
					"scale": {
						"0.0": {
							"vector": [1, 0.7, 1]
						},
						"1.0": {
							"vector": [1, 0.7, 1]
						}
					}
				}
			}
		},
		"animation.spider_moth_dweller.walking": {
			"animation_length": 1.41667,
			"bones": {
				"larm": {
					"rotation": {
						"0.0": {
							"vector": [0, 0, 0]
						},
						"0.4583": {
							"vector": [-39.89247, -3.21154, -3.83424]
						},
						"1.0417": {
							"vector": [-30.24525, -6.2987, 8.29827]
						},
						"1.375": {
							"vector": [0, 0, 0]
						}
					}
				},
				"rwing": {
					"rotation": {
						"0.0": {
							"vector": [0, 0, 0]
						},
						"0.0417": {
							"vector": [2.00118, -43.35943, -2.75012]
						},
						"0.0833": {
							"vector": [0, 0, 0]
						},
						"0.125": {
							"vector": [2.00118, -43.35943, -2.75012]
						},
						"0.1667": {
							"vector": [1.40418, 18.78025, -3.5168]
						},
						"0.2083": {
							"vector": [2.00118, -43.35943, -2.75012]
						},
						"0.25": {
							"vector": [1.40418, 18.78025, -3.5168]
						},
						"0.2917": {
							"vector": [2.00118, -43.35943, -2.75012]
						},
						"0.3333": {
							"vector": [1.40418, 18.78025, -3.5168]
						},
						"0.375": {
							"vector": [2.00118, -43.35943, -2.75012]
						},
						"0.4167": {
							"vector": [1.40418, 18.78025, -3.5168]
						},
						"0.4583": {
							"vector": [2.00118, -43.35943, -2.75012]
						},
						"0.5": {
							"vector": [1.40418, 18.78025, -3.5168]
						},
						"0.5417": {
							"vector": [2.00118, -43.35943, -2.75012]
						},
						"0.5833": {
							"vector": [1.40418, 18.78025, -3.5168]
						},
						"0.625": {
							"vector": [2.00118, -43.35943, -2.75012]
						},
						"0.6667": {
							"vector": [1.40418, 18.78025, -3.5168]
						},
						"0.7083": {
							"vector": [2.00118, -43.35943, -2.75012]
						},
						"0.75": {
							"vector": [0, 0, 0]
						},
						"0.7917": {
							"vector": [2.00118, -43.35943, -2.75012]
						},
						"0.8333": {
							"vector": [1.40418, 18.78025, -3.5168]
						},
						"0.875": {
							"vector": [2.00118, -43.35943, -2.75012]
						},
						"0.9167": {
							"vector": [1.40418, 18.78025, -3.5168]
						},
						"0.9583": {
							"vector": [2.00118, -43.35943, -2.75012]
						},
						"1.0": {
							"vector": [1.40418, 18.78025, -3.5168]
						},
						"1.0417": {
							"vector": [2.00118, -43.35943, -2.75012]
						},
						"1.0833": {
							"vector": [1.40418, 18.78025, -3.5168]
						},
						"1.125": {
							"vector": [2.00118, -43.35943, -2.75012]
						},
						"1.1667": {
							"vector": [1.40418, 18.78025, -3.5168]
						},
						"1.2083": {
							"vector": [2.00118, -43.35943, -2.75012]
						},
						"1.25": {
							"vector": [1.40418, 18.78025, -3.5168]
						},
						"1.2917": {
							"vector": [2.00118, -43.35943, -2.75012]
						},
						"1.3333": {
							"vector": [1.40418, 18.78025, -3.5168]
						},
						"1.375": {
							"vector": [2.00118, -43.35943, -2.75012]
						}
					}
				},
				"lwing": {
					"rotation": {
						"0.0": {
							"vector": [0, 0, 0]
						},
						"0.0417": {
							"vector": [0, 55, 0]
						},
						"0.0833": {
							"vector": [11.62312, -17.00735, -3.52564]
						},
						"0.125": {
							"vector": [0, 55, 0]
						},
						"0.1667": {
							"vector": [11.62312, -17.00735, -3.52564]
						},
						"0.2083": {
							"vector": [0, 55, 0]
						},
						"0.25": {
							"vector": [11.62312, -17.00735, -3.52564]
						},
						"0.2917": {
							"vector": [0, 55, 0]
						},
						"0.3333": {
							"vector": [11.62312, -17.00735, -3.52564]
						},
						"0.375": {
							"vector": [0, 55, 0]
						},
						"0.4167": {
							"vector": [11.62312, -17.00735, -3.52564]
						},
						"0.4583": {
							"vector": [0, 55, 0]
						},
						"0.5": {
							"vector": [11.62312, -17.00735, -3.52564]
						},
						"0.5417": {
							"vector": [0, 55, 0]
						},
						"0.5833": {
							"vector": [11.62312, -17.00735, -3.52564]
						},
						"0.625": {
							"vector": [0, 55, 0]
						},
						"0.6667": {
							"vector": [11.62312, -17.00735, -3.52564]
						},
						"0.7083": {
							"vector": [0, 55, 0]
						},
						"0.75": {
							"vector": [11.62312, -17.00735, -3.52564]
						},
						"0.7917": {
							"vector": [0, 55, 0]
						},
						"0.8333": {
							"vector": [11.62312, -17.00735, -3.52564]
						},
						"0.875": {
							"vector": [0, 55, 0]
						},
						"0.9167": {
							"vector": [11.62312, -17.00735, -3.52564]
						},
						"0.9583": {
							"vector": [0, 55, 0]
						},
						"1.0": {
							"vector": [11.62312, -17.00735, -3.52564]
						},
						"1.0417": {
							"vector": [0, 55, 0]
						},
						"1.0833": {
							"vector": [11.62312, -17.00735, -3.52564]
						},
						"1.125": {
							"vector": [0, 55, 0]
						},
						"1.1667": {
							"vector": [11.62312, -17.00735, -3.52564]
						},
						"1.2083": {
							"vector": [0, 55, 0]
						},
						"1.25": {
							"vector": [11.62312, -17.00735, -3.52564]
						},
						"1.2917": {
							"vector": [0, 55, 0]
						},
						"1.3333": {
							"vector": [11.62312, -17.00735, -3.52564]
						},
						"1.375": {
							"vector": [0, 55, 0]
						}
					}
				},
				"torso": {
					"rotation": {
						"0.0": {
							"vector": [12.5, 0, 0]
						},
						"0.125": {
							"vector": [32.5, 0, 0]
						},
						"0.2917": {
							"vector": [17.5, 0, 0]
						},
						"0.5": {
							"vector": [22.5, 0, 0]
						},
						"0.6667": {
							"vector": [27.5, 0, 0]
						},
						"0.8333": {
							"vector": [22.5, 0, 0]
						},
						"1.0": {
							"vector": [17.5, 0, 0]
						},
						"1.1667": {
							"vector": [32.5, 0, 0]
						},
						"1.375": {
							"vector": [12.5, 0, 0]
						}
					},
					"position": {
						"0.0": {
							"vector": [0, 0, 0]
						},
						"0.125": {
							"vector": [0, -4, 4]
						},
						"0.2917": {
							"vector": [0, -2, -1]
						},
						"0.5": {
							"vector": [0, -1, 3]
						},
						"0.6667": {
							"vector": [0, -1, 4]
						},
						"0.8333": {
							"vector": [0, -1, 5]
						},
						"1.0": {
							"vector": [0, -3, 1]
						},
						"1.1667": {
							"vector": [0, -4, 4]
						},
						"1.375": {
							"vector": [0, 0, 0]
						},
						"1.4167": {
							"vector": [0, 0, 0]
						}
					},
					"scale": {
						"0.0": {
							"vector": [1, 1, 1.1]
						},
						"0.125": {
							"vector": [1, 1, 1]
						},
						"0.2917": {
							"vector": [1, 1, 1.2]
						},
						"0.5": {
							"vector": [1, 1, 0.9]
						},
						"0.6667": {
							"vector": [1, 1, 0.7]
						},
						"0.8333": {
							"vector": [1, 1, 0.9]
						},
						"1.0": {
							"vector": [1, 1, 1.2]
						},
						"1.1667": {
							"vector": [1, 1, 1]
						},
						"1.375": {
							"vector": [1, 1, 1.1]
						}
					}
				},
				"rleg": {
					"rotation": {
						"0.0": {
							"vector": [0, 0, 0]
						},
						"0.2917": {
							"vector": [17.73, 0, 0]
						},
						"0.375": {
							"vector": [21.37, 0, 0]
						},
						"0.4583": {
							"vector": [22.5, 0, 0]
						},
						"0.6667": {
							"vector": [22.5, 0, 0]
						},
						"0.875": {
							"vector": [15, 0, 0]
						},
						"1.0833": {
							"vector": [26.25, 0, 0]
						},
						"1.2083": {
							"vector": [7.5, 0, 0]
						},
						"1.25": {
							"vector": [10.62, 0, 0]
						},
						"1.375": {
							"vector": [0, 0, 0]
						}
					},
					"position": {
						"0.0": {
							"vector": [0, 0, 0]
						},
						"0.0833": {
							"vector": [0, 2.88, 1.09]
						},
						"0.125": {
							"vector": [0, 2.82, 1.64]
						},
						"0.2083": {
							"vector": [0, 3.87, 2.73]
						},
						"0.4583": {
							"vector": [0, 3, 6]
						},
						"0.875": {
							"vector": [0, 3, 4]
						},
						"1.0833": {
							"vector": [0, 5, 3.33]
						},
						"1.1667": {
							"vector": [0, 4.67, 2]
						},
						"1.2083": {
							"vector": [0, 2.99, 1.71]
						},
						"1.25": {
							"vector": [0, 3.24, 2.28]
						},
						"1.375": {
							"vector": [0, 0, 0]
						}
					},
					"scale": {
						"0.0": {
							"vector": [1, 1, 1]
						},
						"0.0833": {
							"vector": [1, 1.1, 1]
						}
					}
				},
				"lleg": {
					"rotation": {
						"0.0": {
							"vector": [0, 0, 0]
						},
						"0.375": {
							"vector": [9.91615, -1.29876, 7.38733]
						},
						"0.875": {
							"vector": [14.91615, -1.29876, 7.38733]
						},
						"1.2083": {
							"vector": [15.08353, -8.54391, 5.44032]
						},
						"1.375": {
							"vector": [0, 0, 0]
						}
					},
					"position": {
						"0.0": {
							"vector": [0, 1, 0]
						},
						"0.0833": {
							"vector": [0, 3.33, 0.45]
						},
						"0.125": {
							"vector": [0, 4.33, 1.67]
						},
						"0.2083": {
							"vector": [0, 3.33, 1.11]
						},
						"0.375": {
							"vector": [0, 2, 2]
						},
						"0.5417": {
							"vector": [0, 3.4, 2]
						},
						"1.1667": {
							"vector": [0, 5.96, 2]
						},
						"1.2083": {
							"vector": [0, 4, 2]
						},
						"1.25": {
							"vector": [0, 4.25, 1.5]
						},
						"1.375": {
							"vector": [0, 1, 0]
						}
					},
					"scale": {
						"0.0": {
							"vector": [1, 1, 1]
						},
						"0.0833": {
							"vector": [1, 1.1, 1]
						}
					}
				},
				"head": {
					"rotation": {
						"0.0": {
							"vector": [17.5, 0, 0]
						},
						"0.125": {
							"vector": [7.5, 0, 0]
						},
						"0.375": {
							"vector": [25, 0, 0]
						},
						"0.75": {
							"vector": [12.5, 0, 0]
						},
						"1.125": {
							"vector": [10, 0, 0]
						}
					}
				},
				"larmstwo": {
					"rotation": {
						"0.0": {
							"vector": [0, 0, 0]
						},
						"0.375": {
							"vector": [-66.39729, 47.29211, -13.94137]
						},
						"0.875": {
							"vector": [-51.30217, 88.7683, -1.19337]
						},
						"1.125": {
							"vector": [37.97755, 85.5695, 72.1825]
						},
						"1.375": {
							"vector": [0, 0, 0],
							"easing": "easeInQuad"
						}
					},
					"position": {
						"vector": [0, 0, 0]
					}
				},
				"larmsthree": {
					"rotation": {
						"0.0": {
							"vector": [0, 0, 0]
						},
						"0.4583": {
							"vector": [-40.44134, 69.63187, -16.40556]
						},
						"1.125": {
							"vector": [44.36202, 78.26069, 70.62122]
						},
						"1.375": {
							"vector": [0, 0, 0]
						}
					},
					"position": {
						"vector": [0, 0, 0]
					}
				},
				"rarm": {
					"rotation": {
						"0.0": {
							"vector": [0, 0, 0]
						},
						"0.4583": {
							"vector": [-46.85932, 9.34335, 2.26935]
						},
						"0.6667": {
							"vector": [-31.00891, 23.82912, -7.42215]
						},
						"1.0": {
							"vector": [-37.52104, -0.28153, 6.3498]
						},
						"1.375": {
							"vector": [0, 0, 0]
						}
					}
				},
				"rarmstwo": {
					"rotation": {
						"0.0": {
							"vector": [0, 0, 0]
						},
						"0.4583": {
							"vector": [-89.85287, -38.19404, 69.57519]
						},
						"1.0": {
							"vector": [52.26911, -34.70644, -64.35196]
						},
						"1.25": {
							"vector": [47.86723, -16.46037, -39.18541]
						},
						"1.375": {
							"vector": [0, 0, 0]
						}
					},
					"position": {
						"vector": [0, 0, 0]
					}
				},
				"rarmsthree": {
					"rotation": {
						"0.0": {
							"vector": [0, 0, 0]
						},
						"0.375": {
							"vector": [-4.58193, 65.32025, 40.77763]
						},
						"0.75": {
							"vector": [11.82834, -13.41453, -6.92354]
						},
						"1.0417": {
							"vector": [-20.77505, 17.46877, 14.62868]
						},
						"1.375": {
							"vector": [0, 0, 0]
						}
					},
					"position": {
						"vector": [0, 0, 0]
					}
				}
			}
		},
		"animation.spider_moth_dweller.crouching": {
			"animation_length": 1.16667,
			"bones": {
				"torso": {
					"rotation": {
						"vector": [30, 0, 0]
					},
					"position": {
						"vector": [0, -13, 2]
					},
					"scale": {
						"vector": [0.6, 0.8, 1]
					}
				},
				"rwing": {
					"rotation": {
						"vector": [-46.52652, 78.79419, -125.97968]
					},
					"position": {
						"vector": [0, -9, -4]
					},
					"scale": {
						"vector": [0.7, 1, 1]
					}
				},
				"lwing": {
					"rotation": {
						"vector": [-29.04303, -75.72941, 129.69863]
					},
					"position": {
						"vector": [0, -10, -3]
					},
					"scale": {
						"vector": [0.6, 1, 1]
					}
				},
				"rleg": {
					"rotation": {
						"vector": [17.5, 0, 0]
					},
					"position": {
						"vector": [0, -1, -1]
					}
				},
				"lleg": {
					"rotation": {
						"vector": [5, 0, 0]
					},
					"position": {
						"vector": [0, -2, -1]
					}
				},
				"head": {
					"rotation": {
						"0.0": {
							"vector": [-2.5, 0, 0]
						},
						"0.625": {
							"vector": [2.5, 0, 0]
						},
						"1.1667": {
							"vector": [-2.5, 0, 0]
						}
					},
					"position": {
						"vector": [0, -14, -4]
					},
					"scale": {
						"vector": [1, 1, 2]
					}
				},
				"larm": {
					"rotation": {
						"vector": [-50, 0, 0]
					},
					"position": {
						"vector": [0, -16, 0]
					}
				},
				"larmstwo": {
					"rotation": {
						"vector": [-19.23388, -13.95718, 19.16114]
					},
					"position": {
						"vector": [0, -5, 0]
					},
					"scale": {
						"vector": [1, 0.8, 1]
					}
				},
				"larmsthree": {
					"position": {
						"vector": [-2, -7, 0]
					},
					"scale": {
						"vector": [1, 0.7, 1]
					}
				},
				"rarm": {
					"rotation": {
						"vector": [-35, 7.5, 0]
					},
					"position": {
						"vector": [0, -14, 0]
					}
				},
				"rarmstwo": {
					"rotation": {
						"vector": [-0.75764, -49.12384, -17.0156]
					},
					"position": {
						"vector": [0, -5, 0]
					},
					"scale": {
						"vector": [1, 0.7, 1]
					}
				},
				"rarmsthree": {
					"rotation": {
						"vector": [10, 0, 0]
					},
					"position": {
						"vector": [3, -7, 0]
					},
					"scale": {
						"vector": [0.8, 0.6, 1]
					}
				}
			}
		},
		"animation.spider_moth_dweller.crawling": {
			"loop": true,
			"animation_length": 1,
			"bones": {
				"torso": {
					"rotation": {
						"0.0": {
							"vector": [20, 0, 0]
						},
						"0.2917": {
							"vector": [18.7576, 14.6914, -9.61518]
						},
						"0.3333": {
							"vector": [26.29118, 11.96142, -7.83441]
						},
						"0.625": {
							"vector": [34.09341, -12.60837, 8.19252]
						},
						"0.7083": {
							"vector": [28.04136, -9.68586, 6.65595]
						},
						"0.9167": {
							"vector": [26.49748, -1.95451, 1.42165]
						},
						"1.0": {
							"vector": [20, 0, 0]
						}
					},
					"position": {
						"0.0": {
							"vector": [0, -11, -1]
						},
						"0.2917": {
							"vector": [-3, -12, -2.15]
						},
						"0.3333": {
							"vector": [-2.51, -12.94, -1.27]
						},
						"0.625": {
							"vector": [1.88, -15.37, 4.69]
						},
						"0.7083": {
							"vector": [1.25, -12.58, 1.46]
						},
						"0.8333": {
							"vector": [0.47, -13.09, -0.32]
						},
						"0.9167": {
							"vector": [0, -13, 1.05]
						},
						"1.0": {
							"vector": [0, -11, -1]
						}
					},
					"scale": {
						"0.0": {
							"vector": [0.6, 0.8, 1]
						},
						"1.0": {
							"vector": [0.6, 0.8, 1]
						}
					}
				},
				"rwing": {
					"rotation": {
						"0.0": {
							"vector": [-46.52652, 78.79419, -125.97968]
						},
						"0.7083": {
							"vector": [-47.95182, 81.27446, -127.43905]
						},
						"1.0": {
							"vector": [-46.52652, 78.79419, -125.97968]
						}
					},
					"position": {
						"0.0": {
							"vector": [0, -10, -4]
						},
						"0.7083": {
							"vector": [0, -9, -5]
						},
						"1.0": {
							"vector": [0, -10, -4]
						}
					},
					"scale": {
						"0.0": {
							"vector": [0.7, 1, 1]
						},
						"1.0": {
							"vector": [0.7, 1, 1]
						}
					}
				},
				"lwing": {
					"rotation": {
						"0.0": {
							"vector": [-58.42639, -73.26716, 131.63108]
						},
						"0.7083": {
							"vector": [-29.04303, -75.72941, 129.69863]
						},
						"1.0": {
							"vector": [-58.42639, -73.26716, 131.63108]
						}
					},
					"position": {
						"0.0": {
							"vector": [0, -11, -3]
						},
						"0.7083": {
							"vector": [0, -10, -4]
						},
						"1.0": {
							"vector": [0, -11, -3]
						}
					},
					"scale": {
						"0.0": {
							"vector": [0.6, 1, 1]
						},
						"1.0": {
							"vector": [0.6, 1, 1]
						}
					}
				},
				"rleg": {
					"rotation": {
						"0.0": {
							"vector": [17.5, 0, 0]
						},
						"0.4583": {
							"vector": [32.5, 0, 0]
						},
						"1.0": {
							"vector": [17.5, 0, 0]
						}
					},
					"position": {
						"0.0": {
							"vector": [0, -1, -1]
						},
						"0.4583": {
							"vector": [0, 1, 3]
						},
						"1.0": {
							"vector": [0, -1, -1]
						}
					}
				},
				"lleg": {
					"rotation": {
						"0.0": {
							"vector": [5, 0, 0]
						},
						"0.4583": {
							"vector": [27.86082, 8.86042, 4.65468]
						},
						"1.0": {
							"vector": [5, 0, 0]
						}
					},
					"position": {
						"0.0": {
							"vector": [0, -2, -1]
						},
						"0.4583": {
							"vector": [0, -2, 0]
						},
						"1.0": {
							"vector": [0, -2, -1]
						}
					}
				},
				"head": {
					"rotation": {
						"0.0": {
							"vector": [-2.5, 0, 0]
						},
						"0.2917": {
							"vector": [-5.5, 0, 0]
						},
						"0.375": {
							"vector": [12.5, 0, 0]
						},
						"0.4583": {
							"vector": [0, 0, 0]
						},
						"0.7917": {
							"vector": [12.5, 0, 0]
						},
						"1.0": {
							"vector": [-2.5, 0, 0]
						}
					},
					"position": {
						"0.0": {
							"vector": [0, -14, -4]
						},
						"0.2917": {
							"vector": [0, -15, -3.2]
						},
						"0.375": {
							"vector": [0, -14, -3]
						},
						"0.625": {
							"vector": [0, -13, -4]
						},
						"0.9583": {
							"vector": [0, -14, -4]
						},
						"1.0": {
							"vector": [0, -14, -4]
						}
					},
					"scale": {
						"0.0": {
							"vector": [1, 1, 2]
						},
						"1.0": {
							"vector": [1, 1, 2]
						}
					}
				},
				"larm": {
					"rotation": {
						"0.0": {
							"vector": [-45, 0, 0]
						},
						"0.75": {
							"vector": [-55, 0, 0]
						},
						"1.0": {
							"vector": [-45, 0, 0]
						}
					},
					"position": {
						"0.0": {
							"vector": [0, -16, 0]
						},
						"0.75": {
							"vector": [-1, -16, -2]
						},
						"1.0": {
							"vector": [0, -16, 0]
						}
					}
				},
				"larmstwo": {
					"rotation": {
						"0.0": {
							"vector": [-19.23388, -13.95718, 19.16114]
						},
						"0.1667": {
							"vector": [-51.04527, 56.96481, 2.22966]
						},
						"0.25": {
							"vector": [-78.46241, 78.25717, -31.16003]
						},
						"0.375": {
							"vector": [-49.79932, 92.30215, -1.41593]
						},
						"0.6667": {
							"vector": [-38.1246, 94.14212, 11.14753]
						},
						"1.0": {
							"vector": [-19.23388, -13.95718, 19.16114]
						}
					},
					"position": {
						"0.0": {
							"vector": [0, -5, 0]
						},
						"0.6667": {
							"vector": [0, -9, 0]
						},
						"1.0": {
							"vector": [0, -5, 0]
						}
					},
					"scale": {
						"0.0": {
							"vector": [1, 0.8, 1]
						},
						"0.6667": {
							"vector": [1, 0.5, 1]
						},
						"1.0": {
							"vector": [1, 0.8, 1]
						}
					}
				},
				"larmsthree": {
					"rotation": {
						"0.0": {
							"vector": [0, 0, 0]
						},
						"0.25": {
							"vector": [-24.78977, -1.76041, 10.94504]
						},
						"0.625": {
							"vector": [2.92608, 89.25744, 62.36762]
						},
						"1.0": {
							"vector": [0, 0, 0]
						}
					},
					"position": {
						"0.0": {
							"vector": [-2, -7, 0]
						},
						"1.0": {
							"vector": [-2, -7, 0]
						}
					},
					"scale": {
						"0.0": {
							"vector": [1, 0.7, 1]
						},
						"0.25": {
							"vector": [1, 0.6, 1]
						},
						"1.0": {
							"vector": [1, 0.7, 1]
						}
					}
				},
				"rarm": {
					"rotation": {
						"0.0": {
							"vector": [-35, 7.5, 0]
						},
						"0.0833": {
							"vector": [-45, 7.5, 0]
						},
						"1.0": {
							"vector": [-35, 7.5, 0]
						}
					},
					"position": {
						"0.0": {
							"vector": [0, -14, 0]
						},
						"0.0833": {
							"vector": [0, -14, -3]
						},
						"1.0": {
							"vector": [0, -14, 0]
						}
					}
				},
				"rarmstwo": {
					"rotation": {
						"0.0": {
							"vector": [-16.179, 4.6637, -6.6611]
						},
						"0.1667": {
							"vector": [3.49695, -12.25784, -3.90551]
						},
						"0.75": {
							"vector": [-35.35902, -24.14238, 19.37106]
						},
						"1.0": {
							"vector": [-16.179, 4.6637, -6.6611]
						}
					},
					"position": {
						"0.0": {
							"vector": [0, -4, 0]
						},
						"0.1667": {
							"vector": [0, -7, 0]
						},
						"0.75": {
							"vector": [0, -6, 0]
						},
						"1.0": {
							"vector": [0, -4, 0]
						}
					},
					"scale": {
						"0.0": {
							"vector": [1, 0.7, 1]
						},
						"0.1667": {
							"vector": [1, 0.6, 1]
						},
						"1.0": {
							"vector": [1, 0.7, 1]
						}
					}
				},
				"rarmsthree": {
					"rotation": {
						"0.0": {
							"vector": [10, 0, 0]
						},
						"0.125": {
							"vector": [2.726, 17.37076, -28.484]
						},
						"0.5417": {
							"vector": [-49.47285, 34.17268, -6.63293]
						},
						"0.8333": {
							"vector": [-24.80945, 33.03208, -8.88292]
						},
						"1.0": {
							"vector": [10, 0, 0]
						}
					},
					"position": {
						"0.0": {
							"vector": [3, -7, 0]
						},
						"1.0": {
							"vector": [3, -7, 0]
						}
					},
					"scale": {
						"0.0": {
							"vector": [0.8, 0.6, 1]
						},
						"0.125": {
							"vector": [0.8, 0.5, 1]
						},
						"1.0": {
							"vector": [0.8, 0.6, 1]
						}
					}
				}
			}
		}
	},
	"geckolib_format_version": 2
}