{
	"format_version": "1.8.0",
	"animations": {
		"animation.spiderfunnel.idle": {
			"animation_length": 0.95833,
			"bones": {
				"petapalps": {
					"rotation": {
						"0.0": {
							"vector": [-4, 0, 0]
						},
						"0.125": {
							"vector": [-7.5, 0, 0]
						},
						"0.2083": {
							"vector": [-8.25707, -1.03945, 0.4309]
						},
						"0.625": {
							"vector": [-6.98171, 1.01515, 0.3484]
						},
						"0.8333": {
							"vector": [-8, -1, 0]
						},
						"0.9583": {
							"vector": [-4, 0, 0]
						}
					},
					"position": {
						"vector": [0, -0.1, 0]
					}
				},
				"frontbody": {
					"rotation": {
						"0.0": {
							"vector": [0, 0, 0]
						},
						"0.4167": {
							"vector": [1, 0, 0]
						},
						"0.9583": {
							"vector": [0, 0, 0]
						}
					},
					"position": {
						"vector": [0, -0.6, 0]
					},
					"scale": {
						"0.0": {
							"vector": [1, 1, 1]
						},
						"0.9583": {
							"vector": [1, 1, 1]
						}
					}
				},
				"mainabdomen": {
					"scale": {
						"0.0": {
							"vector": [1, 1, 1]
						},
						"0.4167": {
							"vector": [1, 0.95, 1.12]
						},
						"0.9583": {
							"vector": [1, 1, 1]
						}
					}
				},
				"horrorspider": {
					"position": {
						"vector": [0, 0, 0]
					}
				},
				"face": {
					"rotation": {
						"0.0": {
							"vector": [0.13, 0, 0]
						},
						"0.3333": {
							"vector": [3, 0, 0]
						},
						"0.9583": {
							"vector": [0.13, 0, 0]
						}
					},
					"position": {
						"0.0": {
							"vector": [0, -0.59, 0]
						},
						"0.3333": {
							"vector": [0, -0.5, 0]
						},
						"0.9583": {
							"vector": [0, -0.59, 0]
						}
					}
				},
				"L1": {
					"rotation": {
						"0.0": {
							"vector": [0, 0, 0]
						},
						"0.5": {
							"vector": [0.18138, 5.7355, -8.22814]
						},
						"0.9583": {
							"vector": [0, 0, 0]
						}
					},
					"scale": {
						"0.0": {
							"vector": [1.08, 1, 0.78]
						},
						"0.9583": {
							"vector": [1.08, 1, 0.78]
						}
					}
				},
				"R1": {
					"rotation": {
						"0.0": {
							"vector": [0, 0, 0]
						},
						"0.5": {
							"vector": [0, 0, 16]
						},
						"0.9583": {
							"vector": [0, 0, 0]
						}
					},
					"position": {
						"0.0": {
							"vector": [0, 0, 0]
						},
						"0.5": {
							"vector": [0.2, 0, 0]
						},
						"0.9583": {
							"vector": [0, 0, 0]
						}
					},
					"scale": {
						"0.0": {
							"vector": [1, 1, 0.79]
						},
						"0.9583": {
							"vector": [1, 1, 0.79]
						}
					}
				},
				"L2": {
					"scale": {
						"vector": [0.86, 1, 1]
					}
				},
				"R2": {
					"scale": {
						"vector": [0.85, 1, 1]
					}
				},
				"legtip2": {
					"rotation": {
						"0.0": {
							"vector": [0, 0, 0]
						},
						"0.5": {
							"vector": [19.62503, 13.89133, 5.62818]
						},
						"0.9583": {
							"vector": [0, 0, 0]
						}
					},
					"position": {
						"0.0": {
							"vector": [0, 0, 0]
						},
						"0.5": {
							"vector": [-0.4, -0.5, 0.6]
						},
						"0.9583": {
							"vector": [0, 0, 0]
						}
					}
				},
				"legtip5": {
					"rotation": {
						"0.0": {
							"vector": [1, 0, 0]
						},
						"0.5": {
							"vector": [14.95107, 0.309, -17.99744]
						},
						"0.9583": {
							"vector": [1, 0, 0]
						}
					},
					"position": {
						"0.0": {
							"vector": [0, 0, -0.2]
						},
						"0.5": {
							"vector": [0.5, -0.9, 0.3]
						},
						"0.9583": {
							"vector": [0, 0, -0.2]
						}
					},
					"scale": {
						"0.0": {
							"vector": [1, 1, 1]
						},
						"0.5": {
							"vector": [1, 1, 0.99]
						},
						"0.9583": {
							"vector": [1, 1, 1]
						}
					}
				}
			}
		},
		"animation.spiderfunnel.ceiling": {
			"animation_length": 0.95833,
			"bones": {
				"petapalps": {
					"rotation": {
						"0.0": {
							"vector": [-4, 0, 0]
						},
						"0.125": {
							"vector": [-7.5, 0, 0]
						},
						"0.2083": {
							"vector": [-8.25707, -1.03945, 0.4309]
						},
						"0.625": {
							"vector": [-6.98171, 1.01515, 0.3484]
						},
						"0.8333": {
							"vector": [-8, -1, 0]
						},
						"0.9583": {
							"vector": [-4, 0, 0]
						}
					},
					"position": {
						"vector": [0, -0.1, 0]
					}
				},
				"L4": {
					"rotation": {
						"vector": [-0.71924, -14.40437, 0.6492]
					},
					"position": {
						"vector": [-0.2, 0, 0]
					}
				},
				"R4": {
					"rotation": {
						"vector": [1.50243, 14.7775, -2.90864]
					}
				},
				"frontbody": {
					"rotation": {
						"0.0": {
							"vector": [0, 0, 0]
						},
						"0.4167": {
							"vector": [1, 0, 0]
						},
						"0.9583": {
							"vector": [0, 0, 0]
						}
					},
					"scale": {
						"0.0": {
							"vector": [1, 1, 1]
						},
						"0.9583": {
							"vector": [1, 1, 1]
						}
					}
				},
				"mainabdomen": {
					"scale": {
						"0.0": {
							"vector": [1, 1, 1]
						},
						"0.4167": {
							"vector": [1, 0.95, 1.12]
						},
						"0.9583": {
							"vector": [1, 1, 1]
						}
					}
				},
				"horrorspider": {
					"rotation": {
						"vector": [-179, 0, 0]
					},
					"position": {
						"vector": [0, 5.7, 0]
					}
				},
				"face": {
					"rotation": {
						"0.0": {
							"vector": [2, 0, 0]
						},
						"0.3333": {
							"vector": [3, 0, 0]
						},
						"0.9583": {
							"vector": [2, 0, 0]
						}
					},
					"position": {
						"0.0": {
							"vector": [0, 0, 0]
						},
						"0.9583": {
							"vector": [0, 0, 0]
						}
					}
				},
				"L1": {
					"rotation": {
						"vector": [2.96176, 16, 0]
					},
					"position": {
						"vector": [-0.2, 0.2, 0]
					}
				},
				"R1": {
					"rotation": {
						"vector": [3.51506, -15, 0]
					},
					"position": {
						"vector": [0.1, 0, -0.3]
					}
				}
			}
		},
		"animation.spiderfunnel.aggressive": {
			"animation_length": 0.95833,
			"bones": {
				"petapalps": {
					"rotation": {
						"0.0": {
							"vector": [-4, 0, 0]
						},
						"0.125": {
							"vector": [-7.5, 0, 0]
						},
						"0.2083": {
							"vector": [-8.25707, -1.03945, 0.4309]
						},
						"0.625": {
							"vector": [-6.98171, 1.01515, 0.3484]
						},
						"0.8333": {
							"vector": [-8, -1, 0]
						},
						"0.9583": {
							"vector": [-4, 0, 0]
						}
					},
					"position": {
						"vector": [0, -0.1, 0]
					}
				},
				"L4": {
					"rotation": {
						"0.0": {
							"vector": [31.23166, 48.91818, 29.17155]
						},
						"0.4583": {
							"vector": [-8.14131, 41.64695, -3.32467]
						},
						"0.9583": {
							"vector": [31.23166, 48.91818, 29.17155]
						}
					},
					"position": {
						"vector": [0.3, 0.3, -0.6]
					}
				},
				"R4": {
					"rotation": {
						"0.0": {
							"vector": [18.72676, -52.32646, -24.50026]
						},
						"0.4583": {
							"vector": [15.38019, -46.65298, -21.24077]
						},
						"0.9583": {
							"vector": [18.72676, -52.32646, -24.50026]
						}
					},
					"position": {
						"vector": [0.3, 0.3, -0.2]
					}
				},
				"frontbody": {
					"rotation": {
						"vector": [-4, 0, 0]
					},
					"position": {
						"vector": [0, 1, 0.2]
					},
					"scale": {
						"vector": [1, 0.9, 1.06]
					}
				},
				"mainabdomen": {
					"rotation": {
						"vector": [-11, 0, 0]
					},
					"position": {
						"vector": [0, -1.2, 0.8]
					},
					"scale": {
						"vector": [1, 1.36, 1.44]
					}
				},
				"horrorspider": {
					"rotation": {
						"vector": [-9, 0, 0]
					},
					"position": {
						"0.0": {
							"vector": [0, 0.6, 0]
						},
						"0.5": {
							"vector": [0, 0.6, 0.3]
						},
						"0.9583": {
							"vector": [0, 0.6, 0]
						}
					}
				},
				"face": {
					"rotation": {
						"vector": [-12, 0, 0]
					},
					"position": {
						"vector": [0, 0.7, 0]
					}
				},
				"L1": {
					"rotation": {
						"0.0": {
							"vector": [-46.83385, 18.36406, -0.59858]
						},
						"0.5": {
							"vector": [-42.27926, 19.23248, -1.2212]
						},
						"0.9583": {
							"vector": [-46.83385, 18.36406, -0.59858]
						}
					},
					"position": {
						"vector": [-0.2, 1.4, 0.3]
					}
				},
				"R1": {
					"rotation": {
						"0.0": {
							"vector": [-36.36966, -25.00632, 5.0528]
						},
						"0.5": {
							"vector": [-36.14115, -24.34972, 3.16242]
						},
						"0.9583": {
							"vector": [-36.36966, -25.00632, 5.0528]
						}
					},
					"position": {
						"vector": [0.3, 1.7, 0.5]
					}
				},
				"L3": {
					"rotation": {
						"0.0": {
							"vector": [22.17216, 67.23305, 23.84353]
						},
						"0.4583": {
							"vector": [28.00198, 71.75395, 29.89529]
						},
						"0.9583": {
							"vector": [22.17216, 67.23305, 23.84353]
						}
					},
					"position": {
						"vector": [-0.3, 0, 0]
					}
				},
				"R3": {
					"rotation": {
						"0.0": {
							"vector": [50.18772, -72.99544, -49.61559]
						},
						"0.4583": {
							"vector": [49.69919, -74.42661, -50.75288]
						},
						"0.9583": {
							"vector": [50.18772, -72.99544, -49.61559]
						}
					},
					"position": {
						"vector": [0.6, 0, 0]
					}
				},
				"L2": {
					"rotation": {
						"vector": [-94.18205, 34.48842, -30.48336]
					},
					"position": {
						"vector": [-0.1, 1.1, 0]
					}
				},
				"R2": {
					"rotation": {
						"vector": [-82.50119, -39.6311, 37.43098]
					},
					"position": {
						"vector": [0.2, 1.3, 0.1]
					}
				},
				"legtip4": {
					"rotation": {
						"0.0": {
							"vector": [0, 0, 0]
						},
						"0.5": {
							"vector": [0, 12, 0]
						},
						"0.9583": {
							"vector": [0, 0, 0]
						}
					},
					"position": {
						"0.0": {
							"vector": [0, 0, 0]
						},
						"0.5": {
							"vector": [0.4, 0, -0.5]
						},
						"0.9583": {
							"vector": [0, 0, 0]
						}
					}
				},
				"legtip3": {
					"rotation": {
						"0.0": {
							"vector": [0, 0, 0]
						},
						"0.4583": {
							"vector": [7, 0, 0]
						},
						"0.5": {
							"vector": [5.42, 0, 0]
						},
						"0.9583": {
							"vector": [0, 0, 0]
						}
					}
				},
				"legtip7": {
					"rotation": {
						"0.0": {
							"vector": [0, 0, 0]
						},
						"0.4583": {
							"vector": [3.75, 0, 0]
						},
						"0.5": {
							"vector": [3, 0, 0]
						},
						"0.9583": {
							"vector": [0, 0, 0]
						}
					}
				},
				"legtip2": {
					"rotation": {
						"vector": [0, -12, 0]
					},
					"position": {
						"vector": [0.2, -0.2, 0.2]
					}
				},
				"legtip5": {
					"rotation": {
						"vector": [0, 10, 0]
					},
					"position": {
						"vector": [-0.2, 0, 0.4]
					}
				},
				"legtip8": {
					"rotation": {
						"0.0": {
							"vector": [0, 0, 0]
						},
						"0.5": {
							"vector": [0, -17, 0]
						},
						"0.9583": {
							"vector": [0, 0, 0]
						}
					},
					"position": {
						"0.0": {
							"vector": [0, 0, 0]
						},
						"0.5": {
							"vector": [-0.5, 0, -1.4]
						},
						"0.9583": {
							"vector": [0, 0, 0]
						}
					}
				},
				"innerbody": {
					"position": {
						"vector": [0, -0.5, 0]
					},
					"scale": {
						"vector": [1, 1.2, 1]
					}
				}
			}
		},
		"animation.spiderfunnel.grab": {
			"animation_length": 1,
			"bones": {
				"petapalps": {
					"rotation": {
						"0.0": {
							"vector": [-4, 0, 0]
						},
						"0.125": {
							"vector": [-7.5, 0, 0]
						},
						"0.2083": {
							"vector": [-8.25707, -1.03945, 0.4309]
						},
						"0.625": {
							"vector": [-6.98171, 1.01515, 0.3484]
						},
						"0.875": {
							"vector": [-8, -1, 0]
						},
						"1.0": {
							"vector": [-4, 0, 0]
						}
					},
					"position": {
						"0.0": {
							"vector": [0, 0, 0]
						},
						"1.0": {
							"vector": [0, 0, 0]
						}
					}
				},
				"L4": {
					"rotation": {
						"0.0": {
							"vector": [-7.71924, -14.40437, 0.6492]
						},
						"0.375": {
							"vector": [-9.71924, -14.40437, 0.6492]
						},
						"1.0": {
							"vector": [-7.71924, -14.40437, 0.6492]
						}
					},
					"position": {
						"0.0": {
							"vector": [-0.2, 0, 0]
						},
						"1.0": {
							"vector": [-0.2, 0, 0]
						}
					}
				},
				"R4": {
					"rotation": {
						"0.0": {
							"vector": [-6.49757, 14.7775, -2.90864]
						},
						"0.375": {
							"vector": [-9.49757, 14.7775, -2.90864]
						},
						"1.0": {
							"vector": [-6.49757, 14.7775, -2.90864]
						}
					}
				},
				"frontbody": {
					"rotation": {
						"vector": [4.28, 0, 0]
					}
				},
				"mainabdomen": {
					"scale": {
						"0.0": {
							"vector": [1, 1, 1]
						},
						"0.4167": {
							"vector": [1, 0.95, 1.12]
						},
						"1.0": {
							"vector": [1, 1, 1]
						}
					}
				},
				"horrorspider": {
					"rotation": {
						"vector": [-90, 0, 0]
					},
					"position": {
						"vector": [0, -0.2, -1.1]
					}
				},
				"L3": {
					"rotation": {
						"0.0": {
							"vector": [0, 0, 0]
						},
						"0.375": {
							"vector": [0, 0, 7]
						},
						"1.0": {
							"vector": [0, 0, 0]
						}
					}
				},
				"R3": {
					"rotation": {
						"0.0": {
							"vector": [0, 0, 0]
						},
						"0.375": {
							"vector": [0, 0, -4]
						},
						"1.0": {
							"vector": [0, 0, 0]
						}
					}
				},
				"L2": {
					"rotation": {
						"0.0": {
							"vector": [0, 0, 0]
						},
						"0.375": {
							"vector": [0, 0, 12]
						},
						"1.0": {
							"vector": [0, 0, 0]
						}
					}
				},
				"R2": {
					"rotation": {
						"0.0": {
							"vector": [0, 0, 0]
						},
						"0.375": {
							"vector": [0, 0, -4]
						},
						"1.0": {
							"vector": [0, 0, 0]
						}
					}
				},
				"L1": {
					"rotation": {
						"0.0": {
							"vector": [0, 0, 0]
						},
						"0.375": {
							"vector": [5.00683, -2.98857, -0.2617]
						},
						"1.0": {
							"vector": [0, 0, 0]
						}
					}
				},
				"R1": {
					"rotation": {
						"0.0": {
							"vector": [0, 0, 0]
						},
						"0.375": {
							"vector": [-2.02198, 2.8688, -0.87785]
						},
						"1.0": {
							"vector": [0, 0, 0]
						}
					}
				},
				"face": {
					"rotation": {
						"vector": [36, 0, 0]
					},
					"position": {
						"vector": [0, 0.6, 0]
					}
				}
			}
		},
		"animation.spiderfunnel.death": {
			"animation_length": 0.95833,
			"bones": {
				"petapalps": {
					"rotation": {
						"0.0": {
							"vector": [-4, 0, 0]
						},
						"0.125": {
							"vector": [-7.5, 0, 0]
						},
						"0.2083": {
							"vector": [-8.25707, -1.03945, 0.4309]
						},
						"0.625": {
							"vector": [-6.98171, 1.01515, 0.3484]
						},
						"0.8333": {
							"vector": [-8, -1, 0]
						},
						"0.9583": {
							"vector": [-4, 0, 0]
						}
					},
					"position": {
						"0.0": {
							"vector": [0, 0, 0]
						},
						"0.9583": {
							"vector": [0, 0, 0]
						}
					}
				},
				"L4": {
					"rotation": {
						"0.0": {
							"vector": [-7.71924, -14.40437, 0.6492]
						},
						"0.375": {
							"vector": [-9.71924, -14.40437, 0.6492]
						},
						"0.4583": {
							"vector": [-9.83686, 13.13277, -8.5431]
						},
						"0.9583": {
							"vector": [-7.71924, -14.40437, 0.6492]
						}
					}
				},
				"R4": {
					"rotation": {
						"0.0": {
							"vector": [-6.49757, 14.7775, -2.90864]
						},
						"0.375": {
							"vector": [-9.49757, 14.7775, -2.90864]
						},
						"0.5833": {
							"vector": [-10.05133, -26.72576, 3.87686]
						},
						"0.9583": {
							"vector": [-6.49757, 14.7775, -2.90864]
						}
					}
				},
				"frontbody": {
					"rotation": {
						"0.0": {
							"vector": [0, 0, 0]
						},
						"0.4167": {
							"vector": [1, 0, 0]
						},
						"0.9583": {
							"vector": [0, 0, 0]
						}
					}
				},
				"mainabdomen": {
					"scale": {
						"0.0": {
							"vector": [1, 1, 1]
						},
						"0.4167": {
							"vector": [1, 0.95, 1.12]
						},
						"0.9583": {
							"vector": [1, 1, 1]
						}
					}
				},
				"horrorspider": {
					"rotation": {
						"0.0": {
							"vector": [-182.5, 0, 0]
						},
						"0.9583": {
							"vector": [-182.5, 0, 0]
						}
					},
					"position": {
						"vector": [0, 0.8, 0]
					}
				},
				"L3": {
					"rotation": {
						"0.0": {
							"vector": [0, 0, 0]
						},
						"0.375": {
							"vector": [0, 0, 7]
						},
						"0.5833": {
							"vector": [0, -6, 6]
						},
						"0.9583": {
							"vector": [0, 0, 0]
						}
					}
				},
				"R3": {
					"rotation": {
						"0.0": {
							"vector": [0, 0, 0]
						},
						"0.375": {
							"vector": [0, 0, -4]
						},
						"0.9583": {
							"vector": [0, 0, 0]
						}
					}
				},
				"L2": {
					"rotation": {
						"0.0": {
							"vector": [0, 0, 0]
						},
						"0.375": {
							"vector": [0, 0, 12]
						},
						"0.6667": {
							"vector": [0, -15, 10.28571]
						},
						"0.9583": {
							"vector": [0, 0, 0]
						}
					}
				},
				"R2": {
					"rotation": {
						"0.0": {
							"vector": [0, 0, 0]
						},
						"0.375": {
							"vector": [0, 0, -4]
						},
						"0.5833": {
							"vector": [0.0055, 5.99181, -2.88049]
						},
						"0.9583": {
							"vector": [0, 0, 0]
						}
					}
				},
				"L1": {
					"rotation": {
						"0.0": {
							"vector": [0, 0, 0]
						},
						"0.375": {
							"vector": [5.00683, -2.98857, -0.2617]
						},
						"0.5833": {
							"vector": [3.35613, -16.89346, -1.03659]
						},
						"0.9583": {
							"vector": [0, 0, 0]
						}
					}
				},
				"R1": {
					"rotation": {
						"0.0": {
							"vector": [0, 0, 0]
						},
						"0.375": {
							"vector": [-2.02198, 2.8688, -0.87785]
						},
						"0.5833": {
							"vector": [-1.39712, 21.83554, -1.04138]
						},
						"0.9583": {
							"vector": [0, 0, 0]
						}
					}
				}
			}
		},
		"animation.spiderfunnel.scurrying": {
			"animation_length": 1,
			"bones": {
				"horrorspider": {
					"rotation": {
						"0.0": {
							"vector": [3.00411, 2.99588, 0.15715]
						},
						"0.5": {
							"vector": [3.99679, -0.99225, -0.15669]
						},
						"1.0": {
							"vector": [3.00411, 2.99588, 0.15715]
						}
					},
					"position": {
						"0.0": {
							"vector": [0, 0, 0]
						},
						"0.25": {
							"vector": [0, 0, 0.4]
						},
						"0.5": {
							"vector": [0, 0, -0.6]
						},
						"0.625": {
							"vector": [0, 0, -0.47]
						},
						"0.75": {
							"vector": [0, 0, 0.2]
						},
						"0.875": {
							"vector": [0, 0.1, -0.6]
						},
						"1.0": {
							"vector": [0, 0, 0]
						}
					}
				},
				"face": {
					"rotation": {
						"0.0": {
							"vector": [0, 0, 0]
						},
						"0.2917": {
							"vector": [-2.00069, 1.49909, -0.05236]
						},
						"0.4167": {
							"vector": [-5.40027, 0.59963, -0.02094]
						},
						"0.5": {
							"vector": [-8, 0, 0]
						},
						"0.6667": {
							"vector": [-7.11636, -1.13659, 0.11951]
						},
						"1.0": {
							"vector": [0, 0, 0]
						}
					},
					"position": {
						"0.0": {
							"vector": [0, 0, 0]
						},
						"0.2083": {
							"vector": [0, 0.04, -0.03]
						},
						"0.375": {
							"vector": [0, -0.2, 0]
						},
						"0.5": {
							"vector": [0, -0.36, 0]
						},
						"0.6667": {
							"vector": [0, -0.54, 0.2]
						},
						"1.0": {
							"vector": [0, 0, 0]
						}
					}
				},
				"petapalps": {
					"rotation": {
						"0.0": {
							"vector": [0, 0, 0]
						},
						"0.25": {
							"vector": [-12.5, 0, 0]
						},
						"0.625": {
							"vector": [-10.01153, -2.4407, 0.54143]
						},
						"1.0": {
							"vector": [0, 0, 0]
						}
					}
				},
				"L4": {
					"rotation": {
						"0.0": {
							"vector": [-1.19948, -14.81393, 7.83974]
						},
						"0.0833": {
							"vector": [4.62297, 25.87822, -5.87769]
						},
						"0.1667": {
							"vector": [-10.21647, 33.56162, -4.35051]
						},
						"0.25": {
							"vector": [-4.58032, -31.22047, 14.28058]
						},
						"0.3333": {
							"vector": [-1.19948, -14.81393, 7.83974]
						},
						"0.4167": {
							"vector": [4.62297, 25.87822, -5.87769]
						},
						"0.5": {
							"vector": [-10.21647, 33.56162, -4.35051]
						},
						"0.625": {
							"vector": [-4.58032, -31.22047, 14.28058]
						},
						"0.75": {
							"vector": [-1.19948, -14.81393, 7.83974]
						},
						"0.8333": {
							"vector": [4.62297, 25.87822, -5.87769]
						},
						"0.9167": {
							"vector": [-10.21647, 33.56162, -4.35051]
						},
						"1.0": {
							"vector": [-1.19948, -14.81393, 7.83974]
						}
					},
					"position": {
						"0.0": {
							"vector": [-0.1, 0, -0.1]
						},
						"0.0833": {
							"vector": [-0.13, 0.4, -0.13]
						},
						"0.3333": {
							"vector": [-0.1, 0, -0.1]
						},
						"0.4167": {
							"vector": [-0.13, 0.4, -0.13]
						},
						"0.75": {
							"vector": [-0.1, 0, -0.1]
						},
						"0.8333": {
							"vector": [-0.13, 0.4, -0.13]
						},
						"1.0": {
							"vector": [-0.1, 0, -0.1]
						}
					}
				},
				"L3": {
					"rotation": {
						"0.0": {
							"vector": [0, 19, -17.5]
						},
						"0.0417": {
							"vector": [2.23496, 12.47111, -1.42244]
						},
						"0.125": {
							"vector": [0, 0, 0]
						},
						"0.2083": {
							"vector": [-1.08019, 28.3621, -16.43962]
						},
						"0.2917": {
							"vector": [3.37377, 26.60633, 0.61461]
						},
						"0.4167": {
							"vector": [0, 0, 0]
						},
						"0.5": {
							"vector": [0, 19, -17.5]
						},
						"0.5833": {
							"vector": [-0.10882, 18.33683, 1.63456]
						},
						"0.6667": {
							"vector": [0, 0, 0]
						},
						"0.75": {
							"vector": [-1.08019, 28.3621, -16.43962]
						},
						"0.8333": {
							"vector": [3.37377, 26.60633, 0.61461]
						},
						"0.9167": {
							"vector": [0, 0, 0]
						},
						"1.0": {
							"vector": [0, 19, -17.5]
						}
					}
				},
				"R3": {
					"rotation": {
						"0.0": {
							"vector": [0, 15, 0]
						},
						"0.0833": {
							"vector": [5.13703, -12.33234, -6.53067]
						},
						"0.1667": {
							"vector": [5.09707, 10.08026, -4.53626]
						},
						"0.25": {
							"vector": [0, 15, 0]
						},
						"0.2917": {
							"vector": [3.34071, -6.15009, 11.67581]
						},
						"0.3333": {
							"vector": [0, 15, 0]
						},
						"0.4167": {
							"vector": [5.13703, -12.33234, -6.53067]
						},
						"0.5": {
							"vector": [5.09707, 10.08026, -4.53626]
						},
						"0.5417": {
							"vector": [0, 15, 0]
						},
						"0.625": {
							"vector": [3.34071, -6.15009, 11.67581]
						},
						"0.6667": {
							"vector": [0, 15, 0]
						},
						"0.75": {
							"vector": [5.13703, -12.33234, -6.53067]
						},
						"0.8333": {
							"vector": [5.09707, 10.08026, -4.53626]
						},
						"0.875": {
							"vector": [0, 15, 0]
						},
						"0.9583": {
							"vector": [3.34071, -6.15009, 11.67581]
						},
						"1.0": {
							"vector": [0, 15, 0]
						}
					},
					"position": {
						"0.0": {
							"vector": [0, 0, 0.2]
						},
						"0.0833": {
							"vector": [0, -0.1, 0]
						},
						"0.4583": {
							"vector": [0, -0.16, -0.1]
						},
						"0.6667": {
							"vector": [0, -0.04, 0.04]
						},
						"0.7917": {
							"vector": [0, -0.12, -0.07]
						},
						"1.0": {
							"vector": [0, 0, 0.2]
						}
					}
				},
				"L2": {
					"rotation": {
						"0.0": {
							"vector": [0, 16, -11]
						},
						"0.0833": {
							"vector": [4.94972, 21.41145, 3.45296]
						},
						"0.2083": {
							"vector": [4.07736, 8.60629, 0.25817]
						},
						"0.25": {
							"vector": [0, 0, 0]
						},
						"0.3333": {
							"vector": [0, 16, -11]
						},
						"0.4167": {
							"vector": [4.94972, 21.41145, 3.45296]
						},
						"0.4583": {
							"vector": [4.07736, 8.60629, 0.25817]
						},
						"0.5": {
							"vector": [0, 16, -11]
						},
						"0.5833": {
							"vector": [4.94972, 21.41145, 3.45296]
						},
						"0.7083": {
							"vector": [4.07736, 8.60629, 0.25817]
						},
						"0.75": {
							"vector": [0, 0, 0]
						},
						"0.8333": {
							"vector": [0, 16, -11]
						},
						"0.9167": {
							"vector": [4.94972, 21.41145, 3.45296]
						},
						"0.9583": {
							"vector": [4.07736, 8.60629, 0.25817]
						},
						"1.0": {
							"vector": [0, 16, -11]
						}
					},
					"position": {
						"0.0": {
							"vector": [0, 0, 0]
						},
						"0.0417": {
							"vector": [-0.2, 0, 0]
						},
						"0.5": {
							"vector": [0, 0, 0]
						},
						"0.5417": {
							"vector": [-0.2, 0, 0]
						},
						"1.0": {
							"vector": [0, 0, 0]
						}
					}
				},
				"R2": {
					"rotation": {
						"0.0": {
							"vector": [0, -12, 0]
						},
						"0.0833": {
							"vector": [-5.04212, 8.89429, -1.94621]
						},
						"0.1667": {
							"vector": [-5.49503, -9.08949, 23.11622]
						},
						"0.25": {
							"vector": [0, -12, 0]
						},
						"0.3333": {
							"vector": [-0.12847, 20.47606, -4.91429]
						},
						"0.4167": {
							"vector": [-4.95046, -8.68701, 18.3673]
						},
						"0.5": {
							"vector": [0, -12, 0]
						},
						"0.5833": {
							"vector": [-0.09838, 18.47901, -4.80159]
						},
						"0.6667": {
							"vector": [-6.01434, -11.21401, 21.87355]
						},
						"0.75": {
							"vector": [0, -12, 0]
						},
						"0.8333": {
							"vector": [-0.03314, 12.48758, -4.47429]
						},
						"0.9167": {
							"vector": [-2.03682, -4.7842, 24.11939]
						},
						"1.0": {
							"vector": [0, -12, 0]
						}
					},
					"position": {
						"0.0": {
							"vector": [0.2, 0, 0]
						},
						"0.1667": {
							"vector": [0.48, 0, 0.05]
						},
						"0.25": {
							"vector": [0.27, 0, 0.07]
						},
						"0.3333": {
							"vector": [-0.15, 0, 0.09]
						},
						"0.5": {
							"vector": [-0.2, 0, 0]
						},
						"0.625": {
							"vector": [0.47, 0, 0.09]
						},
						"0.7083": {
							"vector": [0.31, 0, -0.19]
						},
						"0.8333": {
							"vector": [0.35, 0, 0.09]
						},
						"0.9167": {
							"vector": [0.38, 0, 0.05]
						},
						"1.0": {
							"vector": [0.2, 0, 0]
						}
					}
				},
				"L1": {
					"rotation": {
						"0.0": {
							"vector": [-3.73986, -11.06173, -2.56859]
						},
						"0.125": {
							"vector": [-5.73986, -11.06173, -2.56859]
						},
						"0.2083": {
							"vector": [-27.28041, 16.51131, -4.14041]
						},
						"0.2917": {
							"vector": [-5.10808, 16.87956, 6.19718]
						},
						"0.375": {
							"vector": [2.02345, 1.93929, -1.1505]
						},
						"0.5": {
							"vector": [2.05599, -20.01519, -1.6311]
						},
						"0.5833": {
							"vector": [-13.51785, 2.91704, -0.70094]
						},
						"0.7083": {
							"vector": [-20.07199, 11.29455, 3.43793]
						},
						"0.7917": {
							"vector": [-4.10808, 16.87956, 6.19718]
						},
						"0.875": {
							"vector": [2.02345, 1.93929, -1.1505]
						},
						"1.0": {
							"vector": [-3.73986, -11.06173, -2.56859]
						}
					},
					"position": {
						"0.0": {
							"vector": [0, 0.6, -0.2]
						},
						"0.2083": {
							"vector": [-0.12, 0.48, -0.02]
						},
						"0.2917": {
							"vector": [-0.2, 0.47, -0.6]
						},
						"0.375": {
							"vector": [0, 0.4, -0.5]
						},
						"0.4583": {
							"vector": [0.24, 0.43, -0.4]
						},
						"0.5833": {
							"vector": [-0.15, 0.47, -0.25]
						},
						"0.7083": {
							"vector": [-0.08, 0.51, -0.34]
						},
						"0.7917": {
							"vector": [-0.1, 0.53, -0.3]
						},
						"0.875": {
							"vector": [-0.12, 0.56, -0.52]
						},
						"1.0": {
							"vector": [0, 0.6, -0.2]
						}
					}
				},
				"R1": {
					"rotation": {
						"0.0": {
							"vector": [-2.24745, 11.61618, 9.76425]
						},
						"0.0833": {
							"vector": [-21.22805, 13.32197, 8.37565]
						},
						"0.1667": {
							"vector": [-3.13821, -28.80621, -5.83289]
						},
						"0.25": {
							"vector": [3.06502, 15.772, 11.0707]
						},
						"0.3333": {
							"vector": [-2.33701, 19.6098, 9.43229]
						},
						"0.4167": {
							"vector": [-15.24745, 11.61618, 9.76425]
						},
						"0.5": {
							"vector": [-3.13821, -28.80621, -5.83289]
						},
						"0.5833": {
							"vector": [4.13168, 18.76433, 11.2952]
						},
						"0.6667": {
							"vector": [-2.33701, 19.6098, 9.43229]
						},
						"0.75": {
							"vector": [-2.24745, 11.61618, 9.76425]
						},
						"0.8333": {
							"vector": [-14.19283, -8.59502, 1.96568]
						},
						"0.9167": {
							"vector": [-2.13821, -28.80621, -5.83289]
						},
						"1.0": {
							"vector": [-2.24745, 11.61618, 9.76425]
						}
					},
					"position": {
						"0.0": {
							"vector": [0, 0.58, -0.08]
						},
						"0.0833": {
							"vector": [-0.2, 0.3, -0.4]
						},
						"0.1667": {
							"vector": [0, 0, 0]
						},
						"0.2083": {
							"vector": [0, 0.2, -0.2]
						},
						"0.3333": {
							"vector": [0, 0.58, -0.08]
						},
						"0.4167": {
							"vector": [-0.2, 0.3, -0.4]
						},
						"0.5417": {
							"vector": [0, 0.2, -0.2]
						},
						"0.6667": {
							"vector": [0, 0.58, -0.08]
						},
						"0.75": {
							"vector": [-0.2, 0.3, -0.4]
						},
						"0.8333": {
							"vector": [0, 0, 0]
						},
						"0.9583": {
							"vector": [0, 0.2, -0.2]
						},
						"1.0": {
							"vector": [0, 0.58, -0.08]
						}
					}
				},
				"R4": {
					"rotation": {
						"0.0": {
							"vector": [12.02297, -14.86806, 6.49415]
						},
						"0.0833": {
							"vector": [-9.26023, -19.00033, 0.11466]
						},
						"0.1667": {
							"vector": [-5.72901, 19.41469, -12.12559]
						},
						"0.3333": {
							"vector": [9.99537, -9.00034, 13.14334]
						},
						"0.4167": {
							"vector": [-9.26023, -19.00033, 0.11466]
						},
						"0.5": {
							"vector": [0, 14, 0]
						},
						"0.6667": {
							"vector": [12.02297, -14.86806, 6.49415]
						},
						"0.75": {
							"vector": [-9.26023, -19.00033, 0.11466]
						},
						"0.8333": {
							"vector": [-7.16291, 20.9469, -0.93522]
						},
						"0.9167": {
							"vector": [0, 14, 0]
						},
						"1.0": {
							"vector": [12.02297, -14.86806, 6.49415]
						}
					},
					"position": {
						"0.0": {
							"vector": [0.2, 0.4, -0.15]
						},
						"0.0833": {
							"vector": [0, 0, 0.2]
						},
						"0.1667": {
							"vector": [-0.03, 0, 0.57]
						},
						"0.25": {
							"vector": [0, 0.1, 0]
						},
						"0.3333": {
							"vector": [0.3, 0.4, -0.15]
						},
						"0.4167": {
							"vector": [0.1, 0, 0.2]
						},
						"0.5": {
							"vector": [0, 0, 0.3]
						},
						"0.5833": {
							"vector": [0, 0.1, 0]
						},
						"0.6667": {
							"vector": [0.3, 0.4, -0.15]
						},
						"0.75": {
							"vector": [0.2, 0, 0.2]
						},
						"0.8333": {
							"vector": [-0.03, 0, 0.27]
						},
						"0.9167": {
							"vector": [0, 0, 0.3]
						},
						"1.0": {
							"vector": [0.2, 0.4, -0.15]
						}
					}
				},
				"frontbody": {
					"rotation": {
						"0.0": {
							"vector": [0, 0, 0]
						},
						"0.3333": {
							"vector": [1, 0, 0]
						},
						"0.6667": {
							"vector": [-7, 0, 0]
						},
						"1.0": {
							"vector": [0, 0, 0]
						}
					},
					"position": {
						"0.0": {
							"vector": [0, 0, 0]
						},
						"0.2083": {
							"vector": [0, 0.07, 0]
						},
						"0.5": {
							"vector": [0, -0.3, 0]
						},
						"0.6667": {
							"vector": [0, -0.6, 0]
						},
						"1.0": {
							"vector": [0, 0, 0]
						}
					}
				},
				"mainabdomen": {
					"position": {
						"vector": [0, 0, 0]
					},
					"scale": {
						"0.0": {
							"vector": [1, 1, 1]
						},
						"0.125": {
							"vector": [1.19, 1.0054, 1.0072]
						},
						"0.5417": {
							"vector": [1, 1.06, 1.08]
						},
						"1.0": {
							"vector": [1, 1, 1]
						}
					}
				}
			}
		}
	},
	"geckolib_format_version": 2
}