{
	"format_version": "1.8.0",
	"animations": {
		"animation.sunscorpion.idle": {
			"animation_length": 0.95833,
			"bones": {
				"L4": {
					"rotation": {
						"vector": [-7.71924, -14.40437, 0.6492]
					}
				},
				"R4": {
					"rotation": {
						"vector": [-6.49757, 14.7775, -2.90864]
					}
				},
				"frontbody": {
					"rotation": {
						"0.0": {
							"vector": [0, 0, 0]
						},
						"0.4167": {
							"vector": [1, 0, 0]
						},
						"0.9583": {
							"vector": [0, 0, 0]
						}
					}
				},
				"sockets": {
					"rotation": {
						"0.0": {
							"vector": [0, 0, 0]
						},
						"0.4167": {
							"vector": [0, 0, 0]
						},
						"0.9583": {
							"vector": [0, 0, 0]
						}
					}
				},
				"mainabdomen": {
					"scale": {
						"0.0": {
							"vector": [1, 0.87, 1]
						},
						"0.4167": {
							"vector": [1, 0.95, 1.12]
						},
						"0.9583": {
							"vector": [1, 0.87, 1]
						}
					}
				},
				"pincer1": {
					"rotation": {
						"0.0": {
							"vector": [0, 0, 0]
						},
						"0.5": {
							"vector": [0, -10, 0]
						},
						"0.9583": {
							"vector": [0, 0, 0]
						}
					},
					"position": {
						"0.0": {
							"vector": [0, 0, 0]
						},
						"0.5": {
							"vector": [0.5, 0, -0.4]
						},
						"0.9583": {
							"vector": [0, 0, 0]
						}
					}
				},
				"pincer2": {
					"rotation": {
						"0.0": {
							"vector": [0, 0, 0]
						},
						"0.5": {
							"vector": [0, -7, 0]
						},
						"0.9583": {
							"vector": [0, 0, 0]
						}
					},
					"position": {
						"0.0": {
							"vector": [0, 0, 0]
						},
						"0.5": {
							"vector": [-0.3, 0, -0.4]
						},
						"0.9583": {
							"vector": [0, 0, 0]
						}
					}
				}
			}
		},
		"animation.sunscorpion.attack": {
			"animation_length": 0.95833,
			"bones": {
				"L4": {
					"rotation": {
						"vector": [-7.71924, -14.40437, 0.6492]
					}
				},
				"R4": {
					"rotation": {
						"vector": [-6.49757, 14.7775, -2.90864]
					}
				},
				"frontbody": {
					"rotation": {
						"0.0": {
							"vector": [0, 0, 0]
						},
						"0.4167": {
							"vector": [1, 0, 0]
						},
						"0.9583": {
							"vector": [0, 0, 0]
						}
					}
				},
				"sockets": {
					"rotation": {
						"0.0": {
							"vector": [0, 0, 0]
						},
						"0.4167": {
							"vector": [0, 0, 0]
						},
						"0.9583": {
							"vector": [0, 0, 0]
						}
					}
				},
				"mainabdomen": {
					"rotation": {
						"0.0": {
							"vector": [18, 0, 0]
						},
						"0.0833": {
							"vector": [12, 0, 0]
						},
						"0.2083": {
							"vector": [18, 0, 0]
						},
						"0.75": {
							"vector": [22, 0, 0]
						},
						"0.8333": {
							"vector": [32, 0, 0]
						},
						"0.9167": {
							"vector": [32, 0, 0]
						},
						"0.9583": {
							"vector": [18, 0, 0]
						}
					},
					"position": {
						"0.0": {
							"vector": [0, 0.6, -0.4]
						},
						"0.2083": {
							"vector": [0, 0.6, -0.4]
						},
						"0.5833": {
							"vector": [0, 0.88, -0.72]
						},
						"0.7083": {
							"vector": [0, 0.97, -0.58]
						},
						"0.75": {
							"vector": [0, 1, -0.5]
						},
						"0.8333": {
							"vector": [0, 0.5, -1.4]
						},
						"0.9167": {
							"vector": [0, 0.5, -1.4]
						},
						"0.9583": {
							"vector": [0, 0.6, -0.4]
						}
					},
					"scale": {
						"0.0": {
							"vector": [1, 0.87, 1]
						},
						"0.2083": {
							"vector": [1, 0.87, 1]
						},
						"0.4167": {
							"vector": [1, 0.95, 0.84]
						},
						"0.5833": {
							"vector": [1, 0.9377, 0.6615]
						},
						"0.7083": {
							"vector": [1, 0.9285, 0.6277]
						},
						"0.75": {
							"vector": [1, 0.9254, 0.6531]
						},
						"0.8333": {
							"vector": [1, 0.9032, 0.4719]
						},
						"0.9167": {
							"vector": [1, 0.9032, 0.4719]
						},
						"0.9583": {
							"vector": [1, 0.87, 1]
						}
					}
				},
				"pincer1": {
					"rotation": {
						"0.0": {
							"vector": [0, -52, 0]
						},
						"0.2083": {
							"vector": [0, -52, 0]
						},
						"0.5": {
							"vector": [0, -29, 0]
						},
						"0.9583": {
							"vector": [0, -27, 0]
						}
					},
					"position": {
						"0.0": {
							"vector": [3.4, 0, -1.5]
						},
						"0.2083": {
							"vector": [3.4, 0, -1.5]
						},
						"0.5": {
							"vector": [1.7, 0, -1.2]
						},
						"0.9583": {
							"vector": [1.6, 0, -1.1]
						}
					}
				},
				"pincer2": {
					"rotation": {
						"0.0": {
							"vector": [0, -47, 0]
						},
						"0.2083": {
							"vector": [0, -47, 0]
						},
						"0.5": {
							"vector": [0, -35, 0]
						},
						"0.9583": {
							"vector": [0, -24, 0]
						}
					},
					"position": {
						"0.0": {
							"vector": [-2.7, 0, -1.7]
						},
						"0.2083": {
							"vector": [-2.7, 0, -1.7]
						},
						"0.5": {
							"vector": [-1.9, 0, -1.3]
						},
						"0.9583": {
							"vector": [-1.5, 0, -0.9]
						}
					}
				},
				"horrorspider": {
					"rotation": {
						"0.0": {
							"vector": [0, 0, 0]
						},
						"0.3333": {
							"vector": [3, 0, 0]
						},
						"0.7083": {
							"vector": [-2.4, 0, 0]
						},
						"0.75": {
							"vector": [3, 0, 0]
						},
						"0.8333": {
							"vector": [-2.4, 0, 0]
						},
						"0.9583": {
							"vector": [0, 0, 0]
						}
					},
					"position": {
						"0.0": {
							"vector": [0, 0, 0]
						},
						"0.75": {
							"vector": [0, 0, -0.1]
						},
						"0.8333": {
							"vector": [0, 0, -0.76]
						},
						"0.9583": {
							"vector": [0, 0, 0]
						}
					}
				},
				"L2": {
					"rotation": {
						"0.0": {
							"vector": [0, 0, 0]
						},
						"0.7083": {
							"vector": [0, 0, 0]
						},
						"0.7917": {
							"vector": [13, 0, 0]
						},
						"0.9583": {
							"vector": [0, 0, 0]
						}
					}
				},
				"R2": {
					"rotation": {
						"0.0": {
							"vector": [0, 0, 0]
						},
						"0.6667": {
							"vector": [0, 0, 0]
						},
						"0.75": {
							"vector": [13, 0, 0]
						},
						"0.9583": {
							"vector": [0, 0, 0]
						}
					}
				},
				"Tail": {
					"rotation": {
						"0.0": {
							"vector": [16, 0, 0]
						},
						"0.0833": {
							"vector": [8, 0, 0]
						},
						"0.2083": {
							"vector": [15.9651, 1.03449, -3.86412]
						},
						"0.5417": {
							"vector": [17.83873, -1.98339, 6.36699]
						},
						"0.7083": {
							"vector": [18.94, 0, 0]
						},
						"0.75": {
							"vector": [35, 0, 0]
						},
						"0.8333": {
							"vector": [64.26845, -2.67987, 1.34894]
						},
						"0.9167": {
							"vector": [64.3, 0, 0]
						},
						"0.9583": {
							"vector": [16, 0, 0]
						}
					},
					"position": {
						"0.0": {
							"vector": [0, 2.3, -1.3]
						},
						"0.0833": {
							"vector": [0, 1.7, -1.1]
						},
						"0.2083": {
							"vector": [0, 2.3, -1.3]
						},
						"0.5833": {
							"vector": [0, 2.35, -2.84]
						},
						"0.7083": {
							"vector": [0, 2.56, -2.99]
						},
						"0.75": {
							"vector": [0, 2.7, -3]
						},
						"0.8333": {
							"vector": [0, 2.59, -5.91]
						},
						"0.9167": {
							"vector": [0, 2.59, -5.91]
						},
						"0.9583": {
							"vector": [0, 2.3, -1.3]
						}
					}
				},
				"tail2": {
					"rotation": {
						"0.0": {
							"vector": [0, 0, 0]
						},
						"0.2083": {
							"vector": [0, 0, 0]
						},
						"0.5": {
							"vector": [0, 0, 0]
						},
						"0.6667": {
							"vector": [-15, 0, 0]
						},
						"0.75": {
							"vector": [-12, 0, 0]
						},
						"0.8333": {
							"vector": [-50, 0, 0]
						},
						"0.9167": {
							"vector": [-50, 0, 0]
						},
						"0.9583": {
							"vector": [0, 0, 0]
						}
					},
					"position": {
						"0.0": {
							"vector": [0, 0, 0]
						},
						"0.2083": {
							"vector": [0, 0, 0]
						},
						"0.5": {
							"vector": [0, 0, 0]
						},
						"0.6667": {
							"vector": [0, 0.4, 0]
						},
						"0.75": {
							"vector": [0, 0.6, -0.3]
						},
						"0.8333": {
							"vector": [0, 2.5, 0.5]
						},
						"0.9167": {
							"vector": [0, 2.5, 0.5]
						},
						"0.9583": {
							"vector": [0, 0, 0]
						}
					},
					"scale": {
						"0.0": {
							"vector": [1, 1, 1]
						},
						"0.2083": {
							"vector": [1, 1, 1]
						},
						"0.5": {
							"vector": [1, 1, 1]
						},
						"0.6667": {
							"vector": [1, 1, 1.29]
						},
						"0.75": {
							"vector": [1, 1, 1.32]
						},
						"0.8333": {
							"vector": [1, 1, 1.805]
						},
						"0.9167": {
							"vector": [1, 1, 1.805]
						},
						"0.9583": {
							"vector": [1, 1, 1]
						}
					}
				},
				"mainabdomen2": {
					"rotation": {
						"0.0": {
							"vector": [20, 0, 0]
						},
						"0.2083": {
							"vector": [20, 0, 0]
						},
						"0.75": {
							"vector": [18, 0, 0]
						},
						"0.8333": {
							"vector": [31, 0, 0]
						},
						"0.9167": {
							"vector": [31, 0, 0]
						},
						"0.9583": {
							"vector": [20, 0, 0]
						}
					},
					"position": {
						"0.0": {
							"vector": [0, 0.6, -1.2]
						},
						"0.2083": {
							"vector": [0, 0.6, -1.2]
						},
						"0.75": {
							"vector": [0, 1.1, -0.8]
						},
						"0.8333": {
							"vector": [0, 0.5, -2.1]
						},
						"0.9167": {
							"vector": [0, 0.5, -2.1]
						},
						"0.9583": {
							"vector": [0, 0.6, -1.2]
						}
					},
					"scale": {
						"0.0": {
							"vector": [1, 1, 1]
						},
						"0.5833": {
							"vector": [1, 1, 0.82]
						},
						"0.75": {
							"vector": [1, 1, 0.6167]
						},
						"0.8333": {
							"vector": [1, 1, 0.56]
						},
						"0.9167": {
							"vector": [1, 1, 0.56]
						},
						"0.9583": {
							"vector": [1, 1, 1]
						}
					}
				},
				"stinger": {
					"rotation": {
						"0.0": {
							"vector": [-50, 0, 0]
						},
						"0.2083": {
							"vector": [-50, 0, 0]
						},
						"0.5": {
							"vector": [0, 0, 0]
						},
						"0.625": {
							"vector": [-53, 0, 0]
						},
						"0.75": {
							"vector": [-68, 0, 0]
						},
						"0.8333": {
							"vector": [-70, 0, 0]
						},
						"0.9167": {
							"vector": [-70, 0, 0]
						},
						"0.9583": {
							"vector": [-50, 0, 0]
						}
					},
					"position": {
						"0.0": {
							"vector": [0, -0.4, -1.1]
						},
						"0.2083": {
							"vector": [0, -0.4, -1.1]
						},
						"0.5": {
							"vector": [0, 0, 0]
						},
						"0.625": {
							"vector": [0, -0.4, -0.9]
						},
						"0.75": {
							"vector": [0, -0.3, -1.2]
						},
						"0.8333": {
							"vector": [0, -0.6, -1.5]
						},
						"0.9167": {
							"vector": [0, -0.6, -1.5]
						},
						"0.9583": {
							"vector": [0, -0.4, -1.1]
						}
					}
				}
			}
		},
		"animation.sunscorpion.grab": {
			"animation_length": 0.95833,
			"bones": {
				"L4": {
					"rotation": {
						"0.0": {
							"vector": [-7.71924, -14.40437, 0.6492]
						},
						"0.375": {
							"vector": [-9.71924, -14.40437, 0.6492]
						},
						"0.9583": {
							"vector": [-7.71924, -14.40437, 0.6492]
						}
					}
				},
				"R4": {
					"rotation": {
						"0.0": {
							"vector": [-6.49757, 14.7775, -2.90864]
						},
						"0.375": {
							"vector": [-9.49757, 14.7775, -2.90864]
						},
						"0.9583": {
							"vector": [-6.49757, 14.7775, -2.90864]
						}
					}
				},
				"frontbody": {
					"rotation": {
						"0.0": {
							"vector": [0, 0, 0]
						},
						"0.4167": {
							"vector": [1, 0, 0]
						},
						"0.9583": {
							"vector": [0, 0, 0]
						}
					}
				},
				"sockets": {
					"rotation": {
						"0.0": {
							"vector": [0, 0, 0]
						},
						"0.4167": {
							"vector": [0, 0, 0]
						},
						"0.9583": {
							"vector": [0, 0, 0]
						}
					}
				},
				"mainabdomen": {
					"scale": {
						"0.0": {
							"vector": [1, 1, 1]
						},
						"0.4167": {
							"vector": [1, 0.95, 1.12]
						},
						"0.9583": {
							"vector": [1, 1, 1]
						}
					}
				},
				"horrorspider": {
					"rotation": {
						"0.0": {
							"vector": [-90, 0, 0]
						},
						"0.9583": {
							"vector": [-90, 0, 0]
						}
					},
					"position": {
						"0.0": {
							"vector": [0, 4, 0]
						},
						"0.9583": {
							"vector": [0, 4, 0]
						}
					}
				},
				"L3": {
					"rotation": {
						"0.0": {
							"vector": [0, 0, 0]
						},
						"0.375": {
							"vector": [0, 0, 7]
						},
						"0.9583": {
							"vector": [0, 0, 0]
						}
					}
				},
				"R3": {
					"rotation": {
						"0.0": {
							"vector": [0, 0, 0]
						},
						"0.375": {
							"vector": [0, 0, -4]
						},
						"0.9583": {
							"vector": [0, 0, 0]
						}
					}
				},
				"L2": {
					"rotation": {
						"0.0": {
							"vector": [0, 0, 0]
						},
						"0.375": {
							"vector": [0, 0, 12]
						},
						"0.9583": {
							"vector": [0, 0, 0]
						}
					}
				},
				"R2": {
					"rotation": {
						"0.0": {
							"vector": [0, 0, 0]
						},
						"0.375": {
							"vector": [0, 0, -4]
						},
						"0.9583": {
							"vector": [0, 0, 0]
						}
					}
				}
			}
		},
		"animation.sunscorpion.death": {
			"animation_length": 0.95833,
			"bones": {
				"L4": {
					"rotation": {
						"0.0": {
							"vector": [-7.71924, -14.40437, 0.6492]
						},
						"0.375": {
							"vector": [-9.71924, -14.40437, 0.6492]
						},
						"0.9583": {
							"vector": [-7.71924, -14.40437, 0.6492]
						}
					}
				},
				"R4": {
					"rotation": {
						"0.0": {
							"vector": [-6.49757, 14.7775, -2.90864]
						},
						"0.375": {
							"vector": [-9.49757, 14.7775, -2.90864]
						},
						"0.9583": {
							"vector": [-6.49757, 14.7775, -2.90864]
						}
					}
				},
				"frontbody": {
					"rotation": {
						"0.0": {
							"vector": [0, 0, 0]
						},
						"0.4167": {
							"vector": [1, 0, 0]
						},
						"0.9583": {
							"vector": [0, 0, 0]
						}
					}
				},
				"sockets": {
					"rotation": {
						"0.0": {
							"vector": [0, 0, 0]
						},
						"0.4167": {
							"vector": [0, 0, 0]
						},
						"0.9583": {
							"vector": [0, 0, 0]
						}
					}
				},
				"mainabdomen": {
					"scale": {
						"0.0": {
							"vector": [1, 1, 1]
						},
						"0.4167": {
							"vector": [1, 0.95, 1.12]
						},
						"0.9583": {
							"vector": [1, 1, 1]
						}
					}
				},
				"horrorspider": {
					"rotation": {
						"0.0": {
							"vector": [-182.5, 0, 0]
						},
						"0.9583": {
							"vector": [-182.5, 0, 0]
						}
					},
					"position": {
						"0.0": {
							"vector": [0, 2.6, 0]
						},
						"0.9583": {
							"vector": [0, 2.6, 0]
						}
					}
				},
				"L3": {
					"rotation": {
						"0.0": {
							"vector": [0, 0, 0]
						},
						"0.375": {
							"vector": [0, 0, 7]
						},
						"0.9583": {
							"vector": [0, 0, 0]
						}
					}
				},
				"R3": {
					"rotation": {
						"0.0": {
							"vector": [0, 0, 0]
						},
						"0.375": {
							"vector": [0, 0, -4]
						},
						"0.9583": {
							"vector": [0, 0, 0]
						}
					}
				},
				"L2": {
					"rotation": {
						"0.0": {
							"vector": [0, 0, 0]
						},
						"0.375": {
							"vector": [0, 0, 12]
						},
						"0.9583": {
							"vector": [0, 0, 0]
						}
					}
				},
				"R2": {
					"rotation": {
						"0.0": {
							"vector": [0, 0, 0]
						},
						"0.375": {
							"vector": [0, 0, -4]
						},
						"0.9583": {
							"vector": [0, 0, 0]
						}
					}
				},
				"Tail": {
					"rotation": {
						"vector": [-80, 0, 0]
					},
					"position": {
						"vector": [0, -1.7, -0.2]
					}
				},
				"pincer1": {
					"rotation": {
						"vector": [-105.22074, -9.65594, 2.61298]
					},
					"position": {
						"vector": [0, 1.1, 6]
					}
				},
				"pincer2": {
					"rotation": {
						"vector": [82.94761, 2.55868, 19.8423]
					},
					"position": {
						"vector": [0, 0, 5]
					}
				},
				"tail2": {
					"rotation": {
						"vector": [-59.5, 0, 0]
					},
					"position": {
						"vector": [0, 1, 1.4]
					}
				}
			}
		},
		"animation.sunscorpion.scurrying": {
			"animation_length": 1,
			"bones": {
				"horrorspider": {
					"rotation": {
						"0.0": {
							"vector": [3, 0, 0]
						},
						"0.7917": {
							"vector": [5, 0, 0]
						},
						"1.0": {
							"vector": [3, 0, 0]
						}
					},
					"position": {
						"0.0": {
							"vector": [0, 0, 0]
						},
						"0.25": {
							"vector": [0, 0, -0.5]
						},
						"1.0": {
							"vector": [0, 0, 0]
						}
					},
					"scale": {
						"0.0": {
							"vector": [1, 1, 1]
						},
						"0.5": {
							"vector": [1, 0.94, 1.03]
						},
						"1.0": {
							"vector": [1, 1, 1]
						}
					}
				},
				"L4": {
					"rotation": {
						"0.0": {
							"vector": [0, 0, 0]
						},
						"0.3333": {
							"vector": [0.98272, 15.20516, -14.7502]
						},
						"0.5833": {
							"vector": [-15.97181, 13.98162, -3.9023]
						},
						"0.7917": {
							"vector": [-17.70093, 2.83496, -8.17405]
						},
						"1.0": {
							"vector": [0, 0, 0]
						}
					}
				},
				"L3": {
					"rotation": {
						"0.0": {
							"vector": [0, 19, -17.5]
						},
						"0.1667": {
							"vector": [5.88572, 27.81373, -1.70815]
						},
						"0.875": {
							"vector": [0, 0, 0]
						},
						"1.0": {
							"vector": [0, 19, -17.5]
						}
					}
				},
				"R3": {
					"rotation": {
						"0.0": {
							"vector": [0, 15, 0]
						},
						"0.3333": {
							"vector": [3.34071, -6.15009, 11.67581]
						},
						"0.5417": {
							"vector": [5.13703, -12.33234, -6.53067]
						},
						"0.9167": {
							"vector": [5.09707, 10.08026, -4.53626]
						},
						"1.0": {
							"vector": [0, 15, 0]
						}
					}
				},
				"L2": {
					"rotation": {
						"0.0": {
							"vector": [0, 0, 0]
						},
						"0.3333": {
							"vector": [0, 16, -11]
						},
						"0.5": {
							"vector": [4.94972, 21.41145, 3.45296]
						},
						"0.8333": {
							"vector": [4.07736, 8.60629, 0.25817]
						},
						"1.0": {
							"vector": [0, 0, 0]
						}
					}
				},
				"R2": {
					"rotation": {
						"0.0": {
							"vector": [0, -12, 0]
						},
						"0.3333": {
							"vector": [0, 3.5, -4]
						},
						"0.6667": {
							"vector": [-2.53726, -14.59224, 10.73416]
						},
						"0.8333": {
							"vector": [-2.28808, -23.79791, 13.3549]
						},
						"1.0": {
							"vector": [0, -12, 0]
						}
					}
				},
				"R4": {
					"rotation": {
						"0.0": {
							"vector": [3, -18, 0]
						},
						"0.25": {
							"vector": [-8.1116, -20.96879, 0.44588]
						},
						"0.5": {
							"vector": [-14.83332, -11.07026, -1.00386]
						},
						"0.6667": {
							"vector": [0, 0, 0]
						},
						"1.0": {
							"vector": [3, -18, 0]
						}
					}
				},
				"frontbody": {
					"rotation": {
						"0.0": {
							"vector": [0, 0, 0]
						},
						"0.3333": {
							"vector": [5, 0, 0]
						},
						"0.6667": {
							"vector": [-1, 0, 0]
						},
						"1.0": {
							"vector": [0, 0, 0]
						}
					}
				},
				"mainabdomen": {
					"scale": {
						"0.0": {
							"vector": [1, 1, 1]
						},
						"0.5417": {
							"vector": [1, 0.96, 1.08]
						},
						"1.0": {
							"vector": [1, 1, 1]
						}
					}
				},
				"Tail": {
					"rotation": {
						"0.0": {
							"vector": [0, 0, 0]
						},
						"0.4167": {
							"vector": [7, 0, 0]
						},
						"1.0": {
							"vector": [0, 0, 0]
						}
					},
					"position": {
						"0.0": {
							"vector": [0, 0, 0]
						},
						"0.5833": {
							"vector": [0, 0, 0.2]
						},
						"1.0": {
							"vector": [0, 0, 0]
						}
					}
				},
				"headfront": {
					"rotation": {
						"0.0": {
							"vector": [0, 0, 0]
						},
						"0.4167": {
							"vector": [3, 0, 0]
						},
						"1.0": {
							"vector": [0, 0, 0]
						}
					}
				},
				"mouthL": {
					"rotation": {
						"0.0": {
							"vector": [0, 0, 0]
						},
						"0.4583": {
							"vector": [0, 3, 0]
						},
						"0.5417": {
							"vector": [0, -1, 0]
						},
						"1.0": {
							"vector": [0, 0, 0]
						}
					},
					"scale": {
						"0.0": {
							"vector": [1, 1, 1]
						},
						"0.5": {
							"vector": [1, 1, 1.05]
						},
						"1.0": {
							"vector": [1, 1, 1]
						}
					}
				},
				"mouthR": {
					"rotation": {
						"0.0": {
							"vector": [0, 0, 0]
						},
						"0.4583": {
							"vector": [0, -2, 0]
						},
						"0.5417": {
							"vector": [0, 0, 0]
						},
						"1.0": {
							"vector": [0, 0, 0]
						}
					},
					"scale": {
						"0.0": {
							"vector": [1, 1, 1]
						},
						"0.5": {
							"vector": [1, 1, 1.07]
						},
						"1.0": {
							"vector": [1, 1, 1]
						}
					}
				},
				"pincer1": {
					"rotation": {
						"0.0": {
							"vector": [0, 0, 0]
						},
						"0.2917": {
							"vector": [0, -14, 0]
						},
						"0.5833": {
							"vector": [0, -4, 0]
						},
						"1.0": {
							"vector": [0, 0, 0]
						}
					},
					"position": {
						"0.0": {
							"vector": [0, 0, 0]
						},
						"0.2917": {
							"vector": [0.7, 0, -0.8]
						},
						"0.4167": {
							"vector": [0.57, -0.1, -0.97]
						},
						"0.5833": {
							"vector": [0.4, 0, -0.5]
						},
						"1.0": {
							"vector": [0, 0, 0]
						}
					}
				},
				"pincer2": {
					"rotation": {
						"0.0": {
							"vector": [0, 0, 0]
						},
						"0.25": {
							"vector": [0, -17, 0]
						},
						"0.75": {
							"vector": [10, -7, 0]
						},
						"1.0": {
							"vector": [0, 0, 0]
						}
					},
					"position": {
						"0.0": {
							"vector": [0, 0, 0]
						},
						"0.25": {
							"vector": [-0.8, 0, -1]
						},
						"0.4167": {
							"vector": [-0.67, 0.07, -1.3]
						},
						"0.75": {
							"vector": [-0.4, 0.5, -0.7]
						},
						"1.0": {
							"vector": [0, 0, 0]
						}
					}
				},
				"tail2": {
					"rotation": {
						"0.0": {
							"vector": [0, 0, 0]
						},
						"0.4167": {
							"vector": [16, 0, 0]
						},
						"1.0": {
							"vector": [0, 0, 0]
						}
					},
					"position": {
						"0.0": {
							"vector": [0, 0, 0]
						},
						"0.4167": {
							"vector": [0, -0.2, -0.4]
						},
						"1.0": {
							"vector": [0, 0, 0]
						}
					},
					"scale": {
						"0.0": {
							"vector": [1, 1, 1]
						},
						"0.4583": {
							"vector": [1, 1.1, 1]
						},
						"1.0": {
							"vector": [1, 1, 1]
						}
					}
				}
			}
		}
	},
	"geckolib_format_version": 2
}