{
	"format_version": "1.8.0",
	"animations": {
		"animation.antgiant.idle": {
			"loop": true,
			"animation_length": 0.95833,
			"bones": {
				"jaws": {
					"rotation": {
						"0.0": {
							"vector": [-4, 0, 0]
						},
						"0.125": {
							"vector": [-7.5, 0, 0]
						},
						"0.2083": {
							"vector": [-8.25707, -1.03945, 0.4309]
						},
						"0.625": {
							"vector": [-6.98171, 1.01515, 0.3484]
						},
						"0.8333": {
							"vector": [-8, -1, 0]
						},
						"0.9583": {
							"vector": [-4, 0, 0]
						}
					},
					"position": {
						"vector": [0, -0.1, 0]
					}
				},
				"frontbody": {
					"rotation": {
						"0.0": {
							"vector": [0, 0, 0]
						},
						"0.4167": {
							"vector": [1, 0, 0]
						},
						"0.9583": {
							"vector": [0, 0, 0]
						}
					},
					"scale": {
						"0.0": {
							"vector": [1, 1, 1]
						},
						"0.9583": {
							"vector": [1, 1, 1]
						}
					}
				},
				"mainabdomen": {
					"scale": {
						"0.0": {
							"vector": [1, 1, 1]
						},
						"0.4167": {
							"vector": [1, 0.95, 1.12]
						},
						"0.9583": {
							"vector": [1, 1, 1]
						}
					}
				},
				"horrorant": {
					"position": {
						"vector": [0, 0, 0]
					}
				},
				"face": {
					"rotation": {
						"0.0": {
							"vector": [2, 0, 0]
						},
						"0.3333": {
							"vector": [3, 0, 0]
						},
						"0.9583": {
							"vector": [2, 0, 0]
						}
					},
					"position": {
						"0.0": {
							"vector": [0, 0, 0]
						},
						"0.9583": {
							"vector": [0, 0, 0]
						}
					}
				},
				"L1": {
					"rotation": {
						"vector": [2.96176, 16, 0]
					},
					"position": {
						"vector": [-0.2, 0.2, 0]
					}
				},
				"R1": {
					"rotation": {
						"vector": [3.51506, -15, 0]
					},
					"position": {
						"vector": [0.1, 0, -0.3]
					}
				},
				"L2": {
					"position": {
						"vector": [0, 0, 0.1]
					}
				}
			}
		},
		"animation.antgiant.grab": {
			"loop": true,
			"animation_length": 1,
			"bones": {
				"jaws": {
					"rotation": {
						"0.0": {
							"vector": [-4, 0, 0]
						},
						"0.125": {
							"vector": [-7.5, 0, 0]
						},
						"0.2083": {
							"vector": [-8.25707, -1.03945, 0.4309]
						},
						"0.625": {
							"vector": [-6.98171, 1.01515, 0.3484]
						},
						"0.875": {
							"vector": [-8, -1, 0]
						},
						"1.0": {
							"vector": [-4, 0, 0]
						}
					},
					"position": {
						"0.0": {
							"vector": [0, 0, 0]
						},
						"1.0": {
							"vector": [0, 0, 0]
						}
					}
				},
				"L4": {
					"rotation": {
						"0.0": {
							"vector": [-7.71924, -14.40437, 0.6492]
						},
						"0.375": {
							"vector": [-9.71924, -14.40437, 0.6492]
						},
						"1.0": {
							"vector": [-7.71924, -14.40437, 0.6492]
						}
					},
					"position": {
						"0.0": {
							"vector": [0, 0, 0.3]
						},
						"1.0": {
							"vector": [0, 0, 0.3]
						}
					}
				},
				"R4": {
					"rotation": {
						"0.0": {
							"vector": [-6.49757, 14.7775, -2.90864]
						},
						"0.375": {
							"vector": [-9.49757, 14.7775, -2.90864]
						},
						"1.0": {
							"vector": [-6.49757, 14.7775, -2.90864]
						}
					},
					"position": {
						"vector": [-0.2, 0, 0.4]
					}
				},
				"frontbody": {
					"rotation": {
						"vector": [4.28, 0, 0]
					}
				},
				"mainabdomen": {
					"scale": {
						"0.0": {
							"vector": [1, 1, 1]
						},
						"0.4167": {
							"vector": [1, 0.95, 1.02]
						},
						"1.0": {
							"vector": [1, 1, 1]
						}
					}
				},
				"horrorant": {
					"rotation": {
						"vector": [-83, 0, 0]
					},
					"position": {
						"vector": [0, 4, -1.8]
					}
				},
				"L3": {
					"rotation": {
						"0.0": {
							"vector": [0, 0, 0]
						},
						"0.375": {
							"vector": [0, 0, 7]
						},
						"1.0": {
							"vector": [0, 0, 0]
						}
					}
				},
				"R3": {
					"rotation": {
						"0.0": {
							"vector": [0, 0, 0]
						},
						"0.375": {
							"vector": [0, 0, -4]
						},
						"1.0": {
							"vector": [0, 0, 0]
						}
					},
					"position": {
						"0.0": {
							"vector": [-0.1, 0, 0]
						},
						"0.375": {
							"vector": [-0.2, 0, 0]
						},
						"1.0": {
							"vector": [-0.1, 0, 0]
						}
					}
				},
				"L2": {
					"rotation": {
						"0.0": {
							"vector": [0, 0, 0]
						},
						"0.375": {
							"vector": [0, 0, 12]
						},
						"1.0": {
							"vector": [0, 0, 0]
						}
					},
					"position": {
						"0.0": {
							"vector": [0.1, 0, 0]
						},
						"0.375": {
							"vector": [0.4, 0, 0]
						},
						"1.0": {
							"vector": [0.1, 0, 0]
						}
					}
				},
				"R2": {
					"rotation": {
						"0.0": {
							"vector": [0, 0, 0]
						},
						"0.375": {
							"vector": [0, 0, -4]
						},
						"1.0": {
							"vector": [0, 0, 0]
						}
					}
				},
				"L1": {
					"rotation": {
						"0.0": {
							"vector": [0, 0, 0]
						},
						"0.375": {
							"vector": [5.00683, -2.98857, -0.2617]
						},
						"1.0": {
							"vector": [0, 0, 0]
						}
					}
				},
				"R1": {
					"rotation": {
						"0.0": {
							"vector": [0, 0, 0]
						},
						"0.375": {
							"vector": [-2.02198, 2.8688, -0.87785]
						},
						"1.0": {
							"vector": [0, 0, 0]
						}
					}
				},
				"face": {
					"rotation": {
						"vector": [-18, 0, 0]
					},
					"position": {
						"vector": [0, -0.7, -0.5]
					}
				}
			}
		},
		"animation.antgiant.death": {
			"loop": true,
			"animation_length": 0.95833,
			"bones": {
				"jaws": {
					"rotation": {
						"0.0": {
							"vector": [-4, 0, 0]
						},
						"0.125": {
							"vector": [-7.5, 0, 0]
						},
						"0.2083": {
							"vector": [-8.25707, -1.03945, 0.4309]
						},
						"0.625": {
							"vector": [-6.98171, 1.01515, 0.3484]
						},
						"0.8333": {
							"vector": [-8, -1, 0]
						},
						"0.9583": {
							"vector": [-4, 0, 0]
						}
					},
					"position": {
						"0.0": {
							"vector": [0, 0, 0]
						},
						"0.9583": {
							"vector": [0, 0, 0]
						}
					}
				},
				"L4": {
					"rotation": {
						"0.0": {
							"vector": [-7.71924, -14.40437, 0.6492]
						},
						"0.375": {
							"vector": [-9.71924, -14.40437, 0.6492]
						},
						"0.4583": {
							"vector": [-9.83686, 13.13277, -8.5431]
						},
						"0.9583": {
							"vector": [-7.71924, -14.40437, 0.6492]
						}
					}
				},
				"R4": {
					"rotation": {
						"0.0": {
							"vector": [-6.49757, 14.7775, -2.90864]
						},
						"0.375": {
							"vector": [-9.49757, 14.7775, -2.90864]
						},
						"0.5833": {
							"vector": [-10.05133, -26.72576, 3.87686]
						},
						"0.9583": {
							"vector": [-6.49757, 14.7775, -2.90864]
						}
					}
				},
				"frontbody": {
					"rotation": {
						"0.0": {
							"vector": [0, 0, 0]
						},
						"0.4167": {
							"vector": [1, 0, 0]
						},
						"0.9583": {
							"vector": [0, 0, 0]
						}
					}
				},
				"mainabdomen": {
					"scale": {
						"0.0": {
							"vector": [1, 1, 1]
						},
						"0.4167": {
							"vector": [1, 0.95, 1.12]
						},
						"0.9583": {
							"vector": [1, 1, 1]
						}
					}
				},
				"horrorant": {
					"rotation": {
						"vector": [-178.46421, 0.50593, 0.15424]
					},
					"position": {
						"vector": [0, 0.7, 0]
					}
				},
				"L3": {
					"rotation": {
						"0.0": {
							"vector": [0, 0, 0]
						},
						"0.375": {
							"vector": [0, 0, 7]
						},
						"0.5833": {
							"vector": [0, -6, 6]
						},
						"0.9583": {
							"vector": [0, 0, 0]
						}
					}
				},
				"R3": {
					"rotation": {
						"0.0": {
							"vector": [0, 0, 0]
						},
						"0.375": {
							"vector": [0, 0, -4]
						},
						"0.9583": {
							"vector": [0, 0, 0]
						}
					},
					"position": {
						"0.0": {
							"vector": [-0.2, 0, 0]
						},
						"0.375": {
							"vector": [-0.3, 0, 0]
						},
						"0.9583": {
							"vector": [-0.2, 0, 0]
						}
					}
				},
				"L2": {
					"rotation": {
						"0.0": {
							"vector": [0, 0, 0]
						},
						"0.375": {
							"vector": [0, 0, 12]
						},
						"0.6667": {
							"vector": [0, -15, 10.28571]
						},
						"0.9583": {
							"vector": [0, 0, 0]
						}
					},
					"position": {
						"0.0": {
							"vector": [0.1, 0, 0.1]
						},
						"0.375": {
							"vector": [0.4, 0, 0.1]
						},
						"0.6667": {
							"vector": [0.35, 0, 0.3]
						},
						"0.9583": {
							"vector": [0.1, 0, 0.1]
						}
					}
				},
				"R2": {
					"rotation": {
						"0.0": {
							"vector": [0, 0, 0]
						},
						"0.375": {
							"vector": [0, 0, -4]
						},
						"0.5833": {
							"vector": [0.0055, 5.99181, -2.88049]
						},
						"0.9583": {
							"vector": [0, 0, 0]
						}
					},
					"position": {
						"0.0": {
							"vector": [0, 0, 0]
						},
						"0.375": {
							"vector": [-0.1, 0, 0]
						},
						"0.9583": {
							"vector": [0, 0, 0]
						}
					}
				},
				"L1": {
					"rotation": {
						"0.0": {
							"vector": [0, 0, 0]
						},
						"0.375": {
							"vector": [5.00683, -2.98857, -0.2617]
						},
						"0.5833": {
							"vector": [3.35613, -16.89346, -1.03659]
						},
						"0.9583": {
							"vector": [0, 0, 0]
						}
					}
				},
				"R1": {
					"rotation": {
						"0.0": {
							"vector": [0, 0, 0]
						},
						"0.375": {
							"vector": [-2.02198, 2.8688, -0.87785]
						},
						"0.5833": {
							"vector": [-1.39712, 21.83554, -1.04138]
						},
						"0.9583": {
							"vector": [0, 0, 0]
						}
					}
				}
			}
		},
		"animation.antgiant.scurrying": {
			"loop": true,
			"animation_length": 1,
			"bones": {
				"horrorant": {
					"rotation": {
						"0.0": {
							"vector": [3, 0, 0]
						},
						"0.25": {
							"vector": [4.8631, 2.98922, 0.25421]
						},
						"0.75": {
							"vector": [6.66619, -5.95973, -0.69525]
						},
						"1.0": {
							"vector": [3, 0, 0]
						}
					},
					"position": {
						"0.0": {
							"vector": [0, 0, 0]
						},
						"0.25": {
							"vector": [0, 0, 0.4]
						},
						"0.5": {
							"vector": [0, 0, -0.6]
						},
						"0.625": {
							"vector": [0, 0, -0.47]
						},
						"0.75": {
							"vector": [0, 0, 0.2]
						},
						"0.875": {
							"vector": [0, 0.1, -0.6]
						},
						"1.0": {
							"vector": [0, 0, 0]
						}
					}
				},
				"face": {
					"rotation": {
						"vector": [-6, 0, 0]
					},
					"position": {
						"vector": [0, -0.1, -0.2]
					}
				},
				"jaws": {
					"rotation": {
						"vector": [0, 0, 0]
					},
					"position": {
						"vector": [0, -0.2, 0]
					}
				},
				"L4": {
					"rotation": {
						"0.0": {
							"vector": [-0.99637, -5.95312, 6.24843]
						},
						"0.0833": {
							"vector": [4.62297, 25.87822, -5.87769]
						},
						"0.1667": {
							"vector": [-10.21647, 33.56162, -4.35051]
						},
						"0.25": {
							"vector": [-4.58032, -31.22047, 14.28058]
						},
						"0.4167": {
							"vector": [6.47304, 16.87962, -12.16965]
						},
						"0.5": {
							"vector": [-0.7715, 38.04484, 2.30985]
						},
						"0.5833": {
							"vector": [0.0324, 17.80217, 10.49411]
						},
						"0.7083": {
							"vector": [-3.68812, -21.56824, 8.24564]
						},
						"0.9167": {
							"vector": [-4.05524, -10.64866, 9.20401]
						},
						"1.0": {
							"vector": [-0.99637, -5.95312, 6.24843]
						}
					},
					"position": {
						"0.0": {
							"vector": [-0.1, 0, -0.1]
						},
						"0.0833": {
							"vector": [-0.13, 0.4, -0.13]
						},
						"0.25": {
							"vector": [0.11, 0.08, 0.71]
						},
						"0.4167": {
							"vector": [-0.15, 0, -0.12]
						},
						"0.5417": {
							"vector": [0.09, 0, -0.23]
						},
						"0.7917": {
							"vector": [0.1, 0, 0.4]
						},
						"1.0": {
							"vector": [-0.1, 0, -0.1]
						}
					}
				},
				"L3": {
					"rotation": {
						"0.0": {
							"vector": [0, 19, -17.5]
						},
						"0.125": {
							"vector": [0, 0, 0]
						},
						"0.2083": {
							"vector": [-1.08019, 28.3621, -16.43962]
						},
						"0.2917": {
							"vector": [3.37377, 26.60633, 0.61461]
						},
						"0.4167": {
							"vector": [0, 0, 0]
						},
						"0.5": {
							"vector": [0, 19, -17.5]
						},
						"0.5833": {
							"vector": [-0.10882, 18.33683, 1.63456]
						},
						"0.6667": {
							"vector": [0, 0, 0]
						},
						"0.75": {
							"vector": [-1.08019, 28.3621, -16.43962]
						},
						"0.8333": {
							"vector": [3.37377, 26.60633, 0.61461]
						},
						"0.9167": {
							"vector": [0, 0, 0]
						},
						"1.0": {
							"vector": [0, 19, -17.5]
						}
					},
					"position": {
						"0.0": {
							"vector": [-0.4, 0, 0]
						},
						"0.1667": {
							"vector": [-0.2, 0, 0]
						},
						"0.4167": {
							"vector": [-0.1, 0, 0]
						},
						"0.5": {
							"vector": [-0.3, 0, 0]
						},
						"0.6667": {
							"vector": [0, 0, 0]
						},
						"0.75": {
							"vector": [-0.4, 0, -0.1]
						},
						"0.9167": {
							"vector": [-0.1, 0, -0.1]
						},
						"1.0": {
							"vector": [-0.4, 0, 0]
						}
					}
				},
				"R3": {
					"rotation": {
						"0.0": {
							"vector": [0, 15, 0]
						},
						"0.0833": {
							"vector": [5.13703, -12.33234, -6.53067]
						},
						"0.1667": {
							"vector": [5.09707, 10.08026, -4.53626]
						},
						"0.25": {
							"vector": [0, 15, 0]
						},
						"0.3333": {
							"vector": [0, 15, 0]
						},
						"0.4167": {
							"vector": [5.13703, -12.33234, -6.53067]
						},
						"0.5": {
							"vector": [5.09707, 10.08026, -4.53626]
						},
						"0.5417": {
							"vector": [0, 15, 0]
						},
						"0.6667": {
							"vector": [0, 15, 0]
						},
						"0.75": {
							"vector": [5.13703, -12.33234, -6.53067]
						},
						"0.8333": {
							"vector": [5.09707, 10.08026, -4.53626]
						},
						"0.875": {
							"vector": [0, 15, 0]
						},
						"0.9583": {
							"vector": [3.34071, -6.15009, 11.67581]
						},
						"1.0": {
							"vector": [0, 15, 0]
						}
					},
					"position": {
						"0.0": {
							"vector": [0, 0, 0.2]
						},
						"0.0833": {
							"vector": [-0.2, -0.1, 0]
						},
						"0.25": {
							"vector": [-0.07, -0.03, 0.15]
						},
						"0.3333": {
							"vector": [0, -0.14, 0.23]
						},
						"0.4583": {
							"vector": [-0.3, -0.16, -0.1]
						},
						"0.6667": {
							"vector": [-0.1, -0.04, 0.04]
						},
						"0.7917": {
							"vector": [-0.3, -0.12, -0.07]
						},
						"0.875": {
							"vector": [-0.1, -0.07, 0.14]
						},
						"1.0": {
							"vector": [-0.1, 0, 0.2]
						}
					}
				},
				"L2": {
					"rotation": {
						"0.0": {
							"vector": [0, 16, -11]
						},
						"0.0833": {
							"vector": [4.94972, 21.41145, 3.45296]
						},
						"0.2083": {
							"vector": [4.07736, 8.60629, 0.25817]
						},
						"0.25": {
							"vector": [0, 0, 0]
						},
						"0.3333": {
							"vector": [0, 16, -11]
						},
						"0.4167": {
							"vector": [4.94972, 21.41145, 3.45296]
						},
						"0.4583": {
							"vector": [4.07736, 8.60629, 0.25817]
						},
						"0.5": {
							"vector": [0, 16, -11]
						},
						"0.5833": {
							"vector": [4.94972, 21.41145, 3.45296]
						},
						"0.7083": {
							"vector": [4.07736, 8.60629, 0.25817]
						},
						"0.75": {
							"vector": [0, 0, 0]
						},
						"0.8333": {
							"vector": [0, 16, -11]
						},
						"0.9167": {
							"vector": [4.94972, 21.41145, 3.45296]
						},
						"0.9583": {
							"vector": [4.07736, 8.60629, 0.25817]
						},
						"1.0": {
							"vector": [0, 16, -11]
						}
					},
					"position": {
						"0.0": {
							"vector": [-0.1, 0.1, 0.1]
						},
						"0.125": {
							"vector": [0.12, -0.02, -0.12]
						},
						"0.25": {
							"vector": [0.08, -0.01, 0.12]
						},
						"0.3333": {
							"vector": [-0.05, -0.01, 0.08]
						},
						"0.4167": {
							"vector": [0.18, 0, -0.06]
						},
						"0.4583": {
							"vector": [0.19, 0, -0.03]
						},
						"0.5": {
							"vector": [0, 0, 0]
						},
						"0.5417": {
							"vector": [-0.2, 0, 0]
						},
						"0.5833": {
							"vector": [0.22, 0, -0.1]
						},
						"0.75": {
							"vector": [0.13, 0, 0.04]
						},
						"0.8333": {
							"vector": [-0.11, 0, 0.03]
						},
						"0.9167": {
							"vector": [0.17, 0, 0.01]
						},
						"1.0": {
							"vector": [0, 0, 0]
						}
					}
				},
				"R2": {
					"rotation": {
						"0.0": {
							"vector": [0, -12, 0]
						},
						"0.0833": {
							"vector": [-5.04212, 8.89429, -1.94621]
						},
						"0.1667": {
							"vector": [-5.49503, -9.08949, 23.11622]
						},
						"0.25": {
							"vector": [0, -12, 0]
						},
						"0.3333": {
							"vector": [-0.12847, 20.47606, -4.91429]
						},
						"0.4167": {
							"vector": [-4.95046, -8.68701, 18.3673]
						},
						"0.5": {
							"vector": [0, -12, 0]
						},
						"0.5833": {
							"vector": [-0.09838, 18.47901, -4.80159]
						},
						"0.6667": {
							"vector": [-6.01434, -11.21401, 21.87355]
						},
						"0.75": {
							"vector": [0, -12, 0]
						},
						"0.8333": {
							"vector": [-0.03314, 12.48758, -4.47429]
						},
						"0.9167": {
							"vector": [-2.03682, -4.7842, 24.11939]
						},
						"1.0": {
							"vector": [0, -12, 0]
						}
					},
					"position": {
						"0.0": {
							"vector": [-0.1, 0.1, 0]
						},
						"0.0833": {
							"vector": [-0.01, 0.1, 0.33]
						},
						"0.1667": {
							"vector": [0.48, 0.1, 0.25]
						},
						"0.25": {
							"vector": [-0.13, 0.1, 0.07]
						},
						"0.3333": {
							"vector": [-0.15, 0, 0.19]
						},
						"0.4167": {
							"vector": [0.33, 0, 0.19]
						},
						"0.5": {
							"vector": [-0.2, 0, 0]
						},
						"0.5833": {
							"vector": [-0.05, 0, 0.26]
						},
						"0.6667": {
							"vector": [0.39, 0, 0.06]
						},
						"0.8333": {
							"vector": [-0.15, 0, 0.19]
						},
						"0.9167": {
							"vector": [0.48, 0, 0.05]
						},
						"1.0": {
							"vector": [-0.1, 0.1, 0]
						}
					}
				},
				"L1": {
					"rotation": {
						"0.0": {
							"vector": [-3.73986, -11.06173, -2.56859]
						},
						"0.125": {
							"vector": [-5.73986, -11.06173, -2.56859]
						},
						"0.2083": {
							"vector": [-27.28041, 16.51131, -4.14041]
						},
						"0.2917": {
							"vector": [3.89192, 16.87956, 6.19718]
						},
						"0.375": {
							"vector": [2.02345, 1.93929, -1.1505]
						},
						"0.5": {
							"vector": [11.05599, -20.01519, -1.6311]
						},
						"0.5833": {
							"vector": [-13.51785, 2.91704, -0.70094]
						},
						"0.7917": {
							"vector": [-11.28725, 13.46569, -4.00328]
						},
						"0.875": {
							"vector": [0.72831, 19.57509, 3.18675]
						},
						"1.0": {
							"vector": [-3.73986, -11.06173, -2.56859]
						}
					},
					"position": {
						"0.0": {
							"vector": [0, 0.6, -0.2]
						},
						"0.2083": {
							"vector": [-0.12, 0.48, -0.02]
						},
						"0.2917": {
							"vector": [-0.2, 0.47, -0.6]
						},
						"0.375": {
							"vector": [0, 0.4, -0.5]
						},
						"0.4583": {
							"vector": [0.24, 0.43, -0.4]
						},
						"0.5833": {
							"vector": [-0.15, 0.47, -0.25]
						},
						"0.7083": {
							"vector": [-0.08, 0.51, -0.34]
						},
						"0.7917": {
							"vector": [-0.1, 0.53, -0.3]
						},
						"0.875": {
							"vector": [-0.12, 0.56, -0.52]
						},
						"1.0": {
							"vector": [0, 0.6, -0.2]
						}
					}
				},
				"R1": {
					"rotation": {
						"0.0": {
							"vector": [3.68865, 6.63082, 2.5471]
						},
						"0.0833": {
							"vector": [-27.69786, -6.69694, 19.88392]
						},
						"0.1667": {
							"vector": [-3.13821, -28.80621, -5.83289]
						},
						"0.25": {
							"vector": [-0.93498, 15.772, 11.0707]
						},
						"0.3333": {
							"vector": [-2.33701, 19.6098, 9.43229]
						},
						"0.4167": {
							"vector": [-4.47988, 23.29328, 7.57701]
						},
						"0.5": {
							"vector": [0, 15, 0]
						},
						"0.5833": {
							"vector": [-28.18909, -3.8833, 25.20654]
						},
						"0.6667": {
							"vector": [-10.39986, -18.77464, 9.76232]
						},
						"0.8333": {
							"vector": [13.48341, -6.7178, 2.20376]
						},
						"0.9167": {
							"vector": [-3.46097, 16.44783, 10.20966]
						},
						"1.0": {
							"vector": [3.68865, 6.63082, 2.5471]
						}
					},
					"position": {
						"0.0": {
							"vector": [0, 0, 0]
						},
						"0.0833": {
							"vector": [0.1, 1.08, 0.12]
						},
						"0.2083": {
							"vector": [0, 0.2, -0.2]
						},
						"0.3333": {
							"vector": [0, 0.58, -0.08]
						},
						"0.4167": {
							"vector": [-0.2, 0.3, -0.4]
						},
						"0.5": {
							"vector": [0, 0, 0]
						},
						"0.5833": {
							"vector": [0.3, 0.48, 0.12]
						},
						"0.7083": {
							"vector": [0, 0.2, -0.2]
						},
						"0.8333": {
							"vector": [0.1, 0.48, -0.88]
						},
						"0.9167": {
							"vector": [0, 0, 0]
						},
						"1.0": {
							"vector": [0, 0, 0]
						}
					}
				},
				"R4": {
					"rotation": {
						"0.0": {
							"vector": [-3.82833, 9.02858, 0.97434]
						},
						"0.1667": {
							"vector": [0, 14, 0]
						},
						"0.3333": {
							"vector": [12.02297, -14.86806, 6.49415]
						},
						"0.4167": {
							"vector": [-9.26023, -19.00033, 0.11466]
						},
						"0.5": {
							"vector": [-7.16291, 20.9469, -0.93522]
						},
						"0.6667": {
							"vector": [15.22672, -18.9877, 13.93535]
						},
						"0.8333": {
							"vector": [-11, -18, 0]
						},
						"0.9167": {
							"vector": [-4.74309, 23.87987, -9.77292]
						},
						"1.0": {
							"vector": [-3.82833, 9.02858, 0.97434]
						}
					},
					"position": {
						"0.0": {
							"vector": [-0.2, 0, 0.4]
						},
						"0.1667": {
							"vector": [0, 0, 0.3]
						},
						"0.25": {
							"vector": [0, 0.1, 0]
						},
						"0.3333": {
							"vector": [0, 0.4, -0.15]
						},
						"0.4167": {
							"vector": [0, 0, 0]
						},
						"0.5": {
							"vector": [-0.03, 0, 0.57]
						},
						"0.6667": {
							"vector": [0, 0.2, -0.3]
						},
						"0.8333": {
							"vector": [0, 0.1, -0.1]
						},
						"1.0": {
							"vector": [-0.2, 0, 0.4]
						}
					}
				},
				"frontbody": {
					"rotation": {
						"0.0": {
							"vector": [0, 0, 0]
						},
						"0.3333": {
							"vector": [1, 0, 0]
						},
						"0.6667": {
							"vector": [-1, 0, 0]
						},
						"1.0": {
							"vector": [0, 0, 0]
						}
					},
					"position": {
						"0.0": {
							"vector": [0, 0, 0]
						},
						"0.2083": {
							"vector": [0, 0.07, 0]
						},
						"0.5": {
							"vector": [0, -0.3, 0]
						},
						"1.0": {
							"vector": [0, 0, 0]
						}
					}
				},
				"mainabdomen": {
					"position": {
						"vector": [0, 0, 0]
					},
					"scale": {
						"0.0": {
							"vector": [1, 1, 1]
						},
						"0.125": {
							"vector": [1.19, 1.0054, 1.0072]
						},
						"0.5417": {
							"vector": [1, 1.06, 1.08]
						},
						"1.0": {
							"vector": [1, 1, 1]
						}
					}
				}
			}
		}
	},
	"geckolib_format_version": 2
}