{
	"format_version": "1.8.0",
	"animations": {
		"animation.centistalker.idle": {
			"animation_length": 1,
			"bones": {
				"segment1": {
					"rotation": [0, 13, 0]
				},
				"segment4": {
					"position": [0.1, 0, 0]
				},
				"segment5": {
					"rotation": [0, -7, 0]
				},
				"segment6": {
					"rotation": [0, -13, 0]
				},
				"segment2": {
					"rotation": [0, 6, 0]
				},
				"segment7": {
					"rotation": [0, -23, 0],
					"position": [0, 0, 0.3]
				},
				"segment14": {
					"rotation": [0, 1, 0],
					"position": [0.1, 0, -0.1]
				},
				"segment12": {
					"rotation": [0, 28, 0],
					"position": [0.3, 0, 0]
				},
				"segment19": {
					"rotation": [0, 12, 0]
				},
				"segment3": {
					"rotation": [0, -17, 0]
				},
				"segment13": {
					"rotation": [0, -17, 0]
				},
				"legl18": {
					"rotation": {
						"0.0": [0, 0, 0],
						"0.5": [-56.66972, -2.95911, 68.65211],
						"1.0": [0, 0, 0]
					},
					"position": {
						"0.0": [0, 0, 0],
						"0.5": [0, 0, -0.4],
						"1.0": [0, 0, 0]
					}
				},
				"legl23": {
					"rotation": {
						"0.0": [0, 0, 0],
						"0.5": [5.37022, 19.69088, 25.024],
						"1.0": [0, 0, 0]
					},
					"position": {
						"0.0": [0, 0, 0],
						"0.5": [0, -0.3, 0.2],
						"1.0": [0, 0, 0]
					}
				},
				"legl24": {
					"rotation": {
						"0.0": [0, 0, 0],
						"0.5": [29, 0, 0],
						"1.0": [0, 0, 0]
					},
					"position": {
						"0.0": [0, 0, 0],
						"0.5": [0.4, 0, 0.2],
						"1.0": [0, 0, 0]
					}
				},
				"legl19": {
					"rotation": {
						"0.0": [0, 0, 0],
						"0.5": [61.92898, -4.78884, 75.74311],
						"1.0": [0, 0, 0]
					},
					"position": {
						"0.0": [0, 0, 0],
						"1.0": [0, 0, 0]
					}
				},
				"frontsegment": {
					"rotation": {
						"0.0": [175.41335, -49.73412, -174.77002],
						"0.5": [174.86455, -54.71415, -174.07845],
						"1.0": [175.41, -49.73, -174.77]
					},
					"position": {
						"0.0": [-3.5, 0, 3.8],
						"0.5": [-3.3, 0, 3.8],
						"1.0": [-3.5, 0, 3.8]
					}
				},
				"midfrontsegment": {
					"rotation": {
						"0.0": [0, -44, 0],
						"0.5": [0, -41, 0],
						"1.0": [0, -44, 0]
					},
					"position": {
						"0.0": [-2.6, 0, 3.1],
						"0.5": [-2.4, 0, 3],
						"1.0": [-2.6, 0, 3.1]
					}
				},
				"midbacksegment": {
					"rotation": {
						"0.0": [0, 11, 0],
						"0.5": [0, 10, 0],
						"1.0": [0, 11, 0]
					},
					"position": {
						"0.0": [-0.3, 0, -0.1],
						"0.5": [-0.2, 0, -0.1],
						"1.0": [-0.3, 0, -0.1]
					}
				},
				"backsegment": {
					"rotation": {
						"0.0": [0, 40.5, 0],
						"0.5": [0, 43.5, 0],
						"1.0": [0, 40.5, 0]
					},
					"position": {
						"0.0": [1.2, 0, 3.4],
						"0.5": [1.3, 0, 3.4],
						"1.0": [1.2, 0, 3.4]
					}
				}
			}
		},
		"animation.centistalker.walking": {
			"animation_length": 1,
			"bones": {
				"legl17": {
					"rotation": {
						"0.0": [-5.80775, 9.79302, 6.0257],
						"0.5": [-7.69957, -30.95102, 11.06842],
						"1.0": [-5.80775, 9.79302, 6.0257]
					},
					"position": {
						"0.0": [-0.2, 0, 0],
						"0.5": [0.6, 0, 0.2],
						"1.0": [-0.2, 0, 0]
					}
				},
				"legr17": {
					"rotation": {
						"0.0": [0, 39.5, 0],
						"0.5": [0, -6.5, 0],
						"1.0": [0, 39.5, 0]
					},
					"position": {
						"0.0": [-0.8, 0, 2],
						"0.5": [0.53, 0, -0.28],
						"1.0": [-0.8, 0, 2]
					}
				},
				"legl13": {
					"rotation": {
						"0.0": [0, 4, 0],
						"0.1667": [0, -18, 0],
						"0.7917": [0, 9, 0],
						"1.0": [0, 4, 0]
					},
					"position": {
						"0.0": [0, 0, 0],
						"0.1667": [0.3, 0, 0],
						"0.7917": [-0.2, 0, 0],
						"1.0": [0, 0, 0]
					}
				},
				"legr13": {
					"rotation": {
						"0.0": [0, -22.5, 0],
						"0.75": [0, 13.5, 0],
						"1.0": [0, -22.5, 0]
					},
					"position": {
						"0.0": [0.6, 0, 0.1],
						"0.75": [-0.4, 0, 0.1],
						"1.0": [0.6, 0, 0.1]
					}
				},
				"legl16": {
					"rotation": {
						"0.0": [0, 25, 0],
						"0.4167": [0, -31, 0],
						"1.0": [0, 25, 0]
					},
					"position": {
						"0.0": [-0.5, 0, 0],
						"0.4167": [0.7, 0, 0],
						"1.0": [-0.5, 0, 0]
					}
				},
				"legr16": {
					"rotation": {
						"0.0": [0, 9.5, 0],
						"0.2917": [0, -21.5, 0],
						"0.875": [0, 25.5, 0],
						"1.0": [0, 9.5, 0]
					},
					"position": {
						"0.0": [-0.2, 0, 0.1],
						"0.2917": [0.5, 0, 0],
						"0.875": [-0.7, 0, 0.1],
						"1.0": [-0.2, 0, 0.1]
					}
				},
				"legl14": {
					"rotation": {
						"0.0": [0, 18, 0],
						"0.25": [0, -17, 0],
						"0.8333": [0, 27.22, 0],
						"1.0": [0, 18, 0]
					},
					"position": {
						"0.0": [-0.4, 0, 0],
						"0.25": [0.3, 0, 0],
						"0.8333": [-0.64, 0, 0],
						"1.0": [-0.4, 0, 0]
					}
				},
				"legr14": {
					"rotation": {
						"0.0": [0, -12, 0],
						"0.0833": [0, -27.12, 0],
						"0.875": [0, 13, 0],
						"1.0": [0, -12, 0]
					},
					"position": {
						"0.0": [0.3, 0, 0],
						"0.0833": [0.54, 0, 0],
						"0.875": [-0.3, 0, 0],
						"1.0": [0.3, 0, 0]
					}
				},
				"legl15": {
					"rotation": {
						"0.0": [0, 13, 0],
						"0.3333": [0, -37, 0],
						"0.9167": [0, 13, 0],
						"1.0": [0, 13, 0]
					},
					"position": {
						"0.0": [0, 0, 0],
						"0.3333": [0.8, 0, 0],
						"0.9167": [-0.1, 0, 0],
						"1.0": [0, 0, 0]
					}
				},
				"legr15": {
					"rotation": {
						"0.0": [0, 0, 0],
						"0.1667": [0, -14, 0],
						"0.9583": [0, 20, 0],
						"1.0": [0, 0, 0]
					},
					"position": {
						"0.0": [0, 0, 0],
						"0.1667": [1, 0, 0.1],
						"0.9583": [-1, 0, 0.2],
						"1.0": [0, 0, 0]
					}
				},
				"legl11": {
					"rotation": {
						"0.0": [0, 0, 0],
						"0.125": [0, -10, 0],
						"0.75": [0, 21.14, 0],
						"1.0": [0, 0, 0]
					},
					"position": {
						"0.0": [0, 0, 0],
						"0.125": [0.2, 0, 0],
						"0.75": [-0.54, 0, 0],
						"1.0": [0, 0, 0]
					}
				},
				"legr11": {
					"rotation": {
						"0.0": [0, -19.76, 0],
						"0.7083": [0, 19, 0],
						"1.0": [0, -19.76, 0]
					},
					"position": {
						"0.0": [0.98, 0, -0.14],
						"0.7083": [-1, 0, 0.5],
						"1.0": [0.98, 0, -0.14]
					}
				},
				"legl10": {
					"rotation": {
						"0.0": [0, -25, 0],
						"0.125": [0, -14, 0],
						"0.7083": [0, 10, 0],
						"1.0": [0, -25, 0]
					},
					"position": {
						"0.0": [0.6, 0, 0],
						"0.125": [0.4, 0, 0],
						"0.7083": [-0.2, 0, 0],
						"1.0": [0.6, 0, 0]
					}
				},
				"legr10": {
					"rotation": {
						"0.0": [0, 19.5, 0],
						"0.25": [0, -18, 0],
						"0.875": [0, 29.5, 0],
						"1.0": [0, 19.5, 0]
					},
					"position": {
						"0.0": [-0.5, 0, 0],
						"0.25": [0.4, 0, 0.1],
						"0.875": [-0.8, 0, 0.1],
						"1.0": [-0.5, 0, 0]
					}
				},
				"legl9": {
					"rotation": {
						"0.0833": [0, -28, 0],
						"0.625": [0, 16.5, 0],
						"1.0": [0, -28, 0]
					},
					"position": {
						"0.0833": [0.6, 0, 0],
						"0.625": [-0.3, 0, 0],
						"1.0": [0.6, 0, 0]
					}
				},
				"legr9": {
					"rotation": {
						"0.0": [0, 0, 0],
						"0.1667": [0, -12, 0],
						"0.8333": [0, 40, 0],
						"1.0": [0, 0, 0]
					},
					"position": {
						"0.0": [0, 0, 0],
						"0.1667": [0.3, 0, 0],
						"0.8333": [-0.9, 0, 0],
						"1.0": [0, 0, 0]
					}
				},
				"legl8": {
					"rotation": {
						"0.0": [0, -25, 0],
						"0.5417": [0, 15, 0],
						"1.0": [0, -25, 0]
					},
					"position": {
						"0.0": [0.5, 0, 0],
						"0.5417": [-0.2, 0, 0],
						"1.0": [0.5, 0, 0]
					}
				},
				"legr8": {
					"rotation": {
						"0.0": [0, -13, 0],
						"0.7917": [0, 24, 0],
						"1.0": [0, -13, 0]
					},
					"position": {
						"0.0": [0.3, 0, 0.2],
						"0.7917": [-0.6, 0, 0.2],
						"1.0": [0.3, 0, 0.2]
					}
				},
				"legl4": {
					"rotation": {
						"0.0": [0, -31, 0],
						"0.4583": [0, 20, 0],
						"1.0": [0, -31, 0]
					},
					"position": {
						"0.0": [0.4, 0, 0],
						"0.4583": [-0.1, 0, 0],
						"1.0": [0.4, 0, 0]
					}
				},
				"legr4": {
					"rotation": {
						"0.0": [0, -4, 0],
						"0.6667": [0, 22, 0],
						"0.9167": [0, -15, 0],
						"1.0": [0, -4, 0]
					},
					"position": {
						"0.0": [0.2, 0, 0],
						"0.6667": [-0.8, 0, 0],
						"0.9167": [0.4, 0, 0],
						"1.0": [0.2, 0, 0]
					}
				},
				"legl3": {
					"rotation": {
						"0.0": [0, -17, 0],
						"0.4167": [0, 22, 0],
						"1.0": [0, -17, 0]
					},
					"position": {
						"0.0": [0, 0, 0],
						"1.0": [0, 0, 0]
					}
				},
				"legr3": {
					"rotation": {
						"0.0": [0, 2, 0],
						"0.5": [0, 28, 0],
						"0.75": [0, -23, 0],
						"1.0": [0, 2, 0]
					},
					"position": {
						"0.0": [-0.1, 0, 0],
						"0.5": [-0.9, 0, 0.1],
						"0.75": [0.6, 0, 0.2],
						"1.0": [-0.1, 0, 0]
					}
				},
				"legl7": {
					"rotation": {
						"0.0": [0, 0, 0],
						"0.2083": [0, 20, 0],
						"0.9167": [0, -23.89, 0],
						"1.0": [0, 0, 0]
					},
					"position": {
						"0.0": [0, 0, 0],
						"0.2083": [-0.3, 0, 0],
						"0.9167": [0.47, 0, 0],
						"1.0": [0, 0, 0]
					}
				},
				"legr7": {
					"rotation": {
						"0.0": [0, 12.5, 0],
						"0.4583": [0, 50, 0],
						"0.7083": [0, -14.5, 0],
						"1.0": [0, 12.5, 0]
					},
					"position": {
						"0.0": [-0.4, 0, 0.3],
						"0.4583": [-1.2, 0, 0.3],
						"0.7083": [-0.1, 0, 0.3],
						"1.0": [-0.4, 0, 0.3]
					}
				},
				"legl6": {
					"rotation": {
						"0.0": [0, 0, 0],
						"0.25": [0, 26, 0],
						"0.9167": [0, -34.61, 0],
						"1.0": [0, 0, 0]
					},
					"position": {
						"0.0": [0, 0, 0],
						"0.25": [-0.5, 0, 0],
						"0.9167": [0.84, 0, 0],
						"1.0": [0, 0, 0]
					}
				},
				"legr6": {
					"rotation": {
						"0.0": [0, 7.5, 0],
						"0.625": [0, 35, 0],
						"0.7917": [0, -8.5, 0],
						"1.0": [0, 7.5, 0]
					},
					"position": {
						"0.0": [0, 0, 0.1],
						"0.625": [-0.6, 0, 0],
						"0.7917": [0.4, 0, 0.1],
						"1.0": [0, 0, 0.1]
					}
				},
				"legl5": {
					"rotation": {
						"0.0": [0, 0, 0],
						"0.2917": [0, 28, 0],
						"0.9167": [0, -30.71, 0],
						"1.0": [0, 0, 0]
					},
					"position": {
						"0.0": [0, 0, 0],
						"0.2917": [-0.4, 0, 0],
						"0.9167": [0.75, 0, 0],
						"1.0": [0, 0, 0]
					}
				},
				"legr5": {
					"rotation": {
						"0.0": [0, 23.5, 0],
						"0.0833": [0, 5.5, 0],
						"0.2917": [0, -10.7, 0],
						"1.0": [0, 23.5, 0]
					},
					"position": {
						"0.0": [-0.5, 0, 0.2],
						"0.0833": [-0.1, 0, 0],
						"0.2917": [0.31, 0, 0.03],
						"1.0": [-0.5, 0, 0.2]
					}
				},
				"legl2": {
					"rotation": {
						"0.0": [0, 0, 0],
						"0.3333": [0, 19, 0],
						"0.9167": [0, -29.81, 0],
						"1.0": [0, 0, 0]
					},
					"position": {
						"0.0": [0, 0, 0],
						"0.3333": [-0.3, 0, 0],
						"0.9167": [0.48, 0, 0],
						"1.0": [0, 0, 0]
					}
				},
				"legr2": {
					"rotation": {
						"0.0": [0, 17, 0],
						"0.2917": [0, 37, 0],
						"0.5": [0, -1, 0],
						"1.0": [0, 17, 0]
					},
					"position": {
						"0.0": [-0.53, 0, 0.19],
						"0.2917": [-1, 0, 0.1],
						"0.5": [-0.2, 0, 0.1],
						"1.0": [-0.53, 0, 0.19]
					}
				},
				"legl": {
					"rotation": {
						"0.0": [0, -10, 0],
						"0.375": [0, 16, 0],
						"0.6667": [0, -30.93, 0],
						"1.0": [0, -10, 0]
					},
					"position": {
						"0.0": [0.2, 0, 0],
						"0.375": [-0.3, 0, 0],
						"0.6667": [0.58, 0, 0],
						"1.0": [0.2, 0, 0]
					}
				},
				"legr": {
					"rotation": {
						"0.0": [0, 6, 0],
						"0.4167": [0, 35, 0],
						"0.625": [0, -10, 0],
						"1.0": [0, 6, 0]
					},
					"position": {
						"0.0": [-0.3, 0, 0.1],
						"0.4167": [-1, 0, 0],
						"0.625": [0.1, 0, 0.1],
						"1.0": [-0.3, 0, 0.1]
					}
				},
				"legl12": {
					"rotation": {
						"0.0": [0, 0, 0],
						"0.125": [0, 17, 0],
						"0.875": [0, -21.73, 0],
						"1.0": [0, 0, 0]
					},
					"position": {
						"0.0": [0, 0, 0],
						"0.125": [-0.3, 0, 0],
						"0.875": [0.36, 0, 0],
						"1.0": [0, 0, 0]
					}
				},
				"legr12": {
					"rotation": {
						"0.0": [0, 17, 0],
						"0.4167": [0, 48, 0],
						"0.7083": [0, 0, 0],
						"1.0": [0, 17, 0]
					},
					"position": {
						"0.0": [-0.3, 0, 0],
						"0.4167": [-1.1, 0, 0.1],
						"0.7083": [0, 0, 0.1],
						"1.0": [-0.3, 0, 0]
					}
				},
				"legl22": {
					"rotation": {
						"0.0": [0, 0, 0],
						"0.0833": [0, 18, 0],
						"0.9167": [0, -30.93, 0],
						"1.0": [0, 0, 0]
					},
					"position": {
						"0.0": [0, 0, 0],
						"0.0833": [-0.2, 0, 0],
						"0.7083": [0.3, 0, 0],
						"0.9167": [0.58, 0, 0],
						"1.0": [0, 0, 0]
					}
				},
				"legr20": {
					"rotation": {
						"0.0": [0, 37.5, 0],
						"0.4167": [0, 59.5, 0],
						"0.5833": [0, 5, 0],
						"1.0": [0, 37.5, 0]
					},
					"position": {
						"0.0": [-1, 0, -0.2],
						"0.4167": [-1.5, 0, -0.2],
						"0.5833": [-0.2, 0, -0.2],
						"1.0": [-1, 0, -0.2]
					}
				},
				"legl21": {
					"rotation": {
						"0.0": [0, 0, 0],
						"0.0833": [0, 14, 0],
						"0.8333": [0, -21.45, 0],
						"1.0": [0, 0, 0]
					},
					"position": {
						"0.0": [0, 0, 0],
						"0.0833": [-0.4, 0, 0],
						"0.8333": [0.33, 0, 0],
						"1.0": [0, 0, 0]
					}
				},
				"legr19": {
					"rotation": {
						"0.0": [0, 24, 0],
						"0.5": [0, 40, 0],
						"0.7083": [0, -11, 0],
						"1.0": [0, 24, 0]
					},
					"position": {
						"0.0": [-0.4, 0, -0.2],
						"0.5": [-0.7, 0, -0.2],
						"0.7083": [0.3, 0, -0.2],
						"1.0": [-0.4, 0, -0.2]
					}
				},
				"Centistalker": {
					"rotation": {
						"0.0": [0, 0, 0],
						"0.3333": [0, 0, -1],
						"0.5417": [0, 0, 0.31],
						"1.0": [0, 0, 0]
					},
					"position": {
						"0.0": [0, 0, 0],
						"0.3333": [0.6, 0.1, 0],
						"0.5417": [0.41, -0.23, 0],
						"1.0": [0, 0, 0]
					}
				},
				"backsegment": {
					"rotation": {
						"0.0": [0, 6.5, 0],
						"0.5": [0, -6.5, 0],
						"1.0": [0, 6.5, 0]
					},
					"position": {
						"0.0": [0, 0, 0.4],
						"0.5": [0, 0, 0.3],
						"1.0": [0, 0, 0.4]
					}
				},
				"legl18": {
					"rotation": {
						"0.0": [6.76158, -10.27264, 0.82119],
						"0.4167": [29.15041, -16.54437, -12.97125],
						"1.0": [6.76158, -10.27264, 0.82119]
					},
					"position": {
						"0.0": [0, 0, -0.6],
						"0.4167": [0, 0.1, -0.9],
						"1.0": [0, 0, -0.6]
					}
				},
				"legl19": {
					"rotation": {
						"0.0": [0, 0, 0],
						"0.5417": [-50.04705, -19.8876, -36.00558],
						"1.0": [0, 0, 0]
					},
					"position": {
						"0.0": [0, 0, 0],
						"0.5417": [-0.1, -0.2, 0.7],
						"1.0": [0, 0, 0]
					}
				},
				"midbacksegment": {
					"rotation": {
						"0.0": [-3, -1, 0],
						"0.5": [4, 2, 0],
						"1.0": [-3, -1, 0]
					},
					"position": {
						"0.0": [0, 0, -0.2],
						"0.5": [0, 0, 0.9],
						"1.0": [0, 0, -0.2]
					}
				},
				"midfrontsegment": {
					"rotation": {
						"0.0": [0, -2, 0],
						"0.4583": [-0.34919, 3.98475, -5.01215],
						"0.625": [-0.24162, 1.1433, -3.46573],
						"1.0": [0, -2, 0]
					},
					"position": {
						"0.0": [0, 0, 0.1],
						"0.4583": [0, 0.4, 0.1],
						"0.625": [0, 0.28, 0.2],
						"1.0": [0, 0, 0.1]
					}
				},
				"segment1": {
					"rotation": {
						"0.0": [0, 0, -3],
						"0.5": [0, 0, 4],
						"1.0": [0, 0, -3]
					},
					"position": {
						"0.0": [0, 0.1, 0],
						"0.5": [0, 0.2, 0],
						"1.0": [0, 0.1, 0]
					}
				},
				"frontsegment": {
					"rotation": {
						"0.0": [0, 4, 0],
						"0.3333": [6.15928, 1.99501, -8.67957],
						"0.6667": [-10.63808, -3.49764, -9.64455],
						"1.0": [0, 4, 0]
					},
					"position": {
						"0.0": [0, 0, 0],
						"0.3333": [0, 0.8, 0],
						"0.6667": [0, 0.5, 0],
						"1.0": [0, 0, 0]
					}
				},
				"segment22": {
					"rotation": {
						"0.0": [0, 0, 0],
						"0.3333": [-2.67, 0, 0],
						"0.4583": [-4.95353, -0.08636, -0.99626],
						"0.625": [-8, 0, 0],
						"1.0": [0, 0, 0]
					}
				},
				"legl23": {
					"rotation": {
						"0.0": [0, -7, 0],
						"0.5833": [-4.71922, -40.33826, 13.53399],
						"0.75": [1.1183, -20.10425, 21.57613],
						"0.7917": [1.73665, -16.22251, 20.0695],
						"1.0": [0, -7, 0]
					},
					"position": {
						"0.0": [0, 0, 0],
						"0.5833": [0, 0.3, 0],
						"1.0": [0, 0, 0]
					}
				},
				"legl24": {
					"rotation": {
						"0.0": [0, 0, 0],
						"0.4583": [-14.60529, -13.41716, 11.12783],
						"0.75": [-1.55468, -9.81581, 21.85675],
						"1.0": [0, 0, 0]
					},
					"position": {
						"0.0": [0, 0, 0],
						"0.4583": [0.2, 0.4, -0.3],
						"0.75": [0.2, -0.1, 0.2],
						"1.0": [0, 0, 0]
					}
				}
			}
		},
		"animation.centistalker.chasing": {
			"animation_length": 1,
			"bones": {
				"legl17": {
					"rotation": {
						"0.0": [-5.80775, 9.79302, 6.0257],
						"0.5": [-7.69957, -30.95102, 11.06842],
						"1.0": [-5.80775, 9.79302, 6.0257]
					},
					"position": {
						"0.0": [-0.2, 0, 0],
						"0.5": [0.6, 0, 0.2],
						"1.0": [-0.2, 0, 0]
					}
				},
				"legr17": {
					"rotation": {
						"0.0": [0, 39.5, 0],
						"0.5": [0, -6.5, 0],
						"1.0": [0, 39.5, 0]
					},
					"position": {
						"0.0": [-0.8, 0, 2],
						"0.5": [0.53, 0, -0.28],
						"1.0": [-0.8, 0, 2]
					}
				},
				"legl13": {
					"rotation": {
						"0.0": [0, 4, 0],
						"0.1667": [0, -18, 0],
						"0.7917": [0, 9, 0],
						"1.0": [0, 4, 0]
					},
					"position": {
						"0.0": [0, 0, 0],
						"0.1667": [0.3, 0, 0],
						"0.7917": [-0.2, 0, 0],
						"1.0": [0, 0, 0]
					}
				},
				"legr13": {
					"rotation": {
						"0.0": [0, -22.5, 0],
						"0.75": [0, 13.5, 0],
						"1.0": [0, -22.5, 0]
					},
					"position": {
						"0.0": [0.6, 0, 0.1],
						"0.75": [-0.4, 0, 0.1],
						"1.0": [0.6, 0, 0.1]
					}
				},
				"legl16": {
					"rotation": {
						"0.0": [0, 25, 0],
						"0.4167": [0, -31, 0],
						"1.0": [0, 25, 0]
					},
					"position": {
						"0.0": [-0.5, 0, 0],
						"0.4167": [0.7, 0, 0],
						"1.0": [-0.5, 0, 0]
					}
				},
				"legr16": {
					"rotation": {
						"0.0": [0, 9.5, 0],
						"0.2917": [0, -21.5, 0],
						"0.875": [0, 25.5, 0],
						"1.0": [0, 9.5, 0]
					},
					"position": {
						"0.0": [-0.2, 0, 0.1],
						"0.2917": [0.5, 0, 0],
						"0.875": [-0.7, 0, 0.1],
						"1.0": [-0.2, 0, 0.1]
					}
				},
				"legl14": {
					"rotation": {
						"0.0": [0, 18, 0],
						"0.25": [0, -17, 0],
						"0.8333": [0, 27.22, 0],
						"1.0": [0, 18, 0]
					},
					"position": {
						"0.0": [-0.4, 0, 0],
						"0.25": [0.3, 0, 0],
						"0.8333": [-0.64, 0, 0],
						"1.0": [-0.4, 0, 0]
					}
				},
				"legr14": {
					"rotation": {
						"0.0": [0, -12, 0],
						"0.0833": [0, -27.12, 0],
						"0.875": [0, 13, 0],
						"1.0": [0, -12, 0]
					},
					"position": {
						"0.0": [0.3, 0, 0],
						"0.0833": [0.54, 0, 0],
						"0.875": [-0.3, 0, 0],
						"1.0": [0.3, 0, 0]
					}
				},
				"legl15": {
					"rotation": {
						"0.0": [0, 13, 0],
						"0.3333": [0, -37, 0],
						"0.9167": [0, 13, 0],
						"1.0": [0, 13, 0]
					},
					"position": {
						"0.0": [0, 0, 0],
						"0.3333": [0.8, 0, 0],
						"0.9167": [-0.1, 0, 0],
						"1.0": [0, 0, 0]
					}
				},
				"legr15": {
					"rotation": {
						"0.0": [0, 0, 0],
						"0.1667": [0, -14, 0],
						"0.9583": [0, 20, 0],
						"1.0": [0, 0, 0]
					},
					"position": {
						"0.0": [0, 0, 0],
						"0.1667": [1, 0, 0.1],
						"0.9583": [-1, 0, 0.2],
						"1.0": [0, 0, 0]
					}
				},
				"legl11": {
					"rotation": {
						"0.0": [0, 0, 0],
						"0.125": [0, -10, 0],
						"0.75": [0, 21.14, 0],
						"1.0": [0, 0, 0]
					},
					"position": {
						"0.0": [0, 0, 0],
						"0.125": [0.2, 0, 0],
						"0.75": [-0.54, 0, 0],
						"1.0": [0, 0, 0]
					}
				},
				"legr11": {
					"rotation": {
						"0.0": [0, -19.76, 0],
						"0.7083": [0, 19, 0],
						"1.0": [0, -19.76, 0]
					},
					"position": {
						"0.0": [0.98, 0, -0.14],
						"0.7083": [-1, 0, 0.5],
						"1.0": [0.98, 0, -0.14]
					}
				},
				"legl10": {
					"rotation": {
						"0.0": [0, -25, 0],
						"0.125": [0, -14, 0],
						"0.7083": [0, 10, 0],
						"1.0": [0, -25, 0]
					},
					"position": {
						"0.0": [0.6, 0, 0],
						"0.125": [0.4, 0, 0],
						"0.7083": [-0.2, 0, 0],
						"1.0": [0.6, 0, 0]
					}
				},
				"legr10": {
					"rotation": {
						"0.0": [0, 19.5, 0],
						"0.25": [0, -18, 0],
						"0.875": [0, 29.5, 0],
						"1.0": [0, 19.5, 0]
					},
					"position": {
						"0.0": [-0.5, 0, 0],
						"0.25": [0.4, 0, 0.1],
						"0.875": [-0.8, 0, 0.1],
						"1.0": [-0.5, 0, 0]
					}
				},
				"legl9": {
					"rotation": {
						"0.0833": [0, -28, 0],
						"0.625": [0, 16.5, 0],
						"1.0": [0, -28, 0]
					},
					"position": {
						"0.0833": [0.6, 0, 0],
						"0.625": [-0.3, 0, 0],
						"1.0": [0.6, 0, 0]
					}
				},
				"legr9": {
					"rotation": {
						"0.0": [0, 0, 0],
						"0.1667": [0, -12, 0],
						"0.8333": [0, 40, 0],
						"1.0": [0, 0, 0]
					},
					"position": {
						"0.0": [0, 0, 0],
						"0.1667": [0.3, 0, 0],
						"0.8333": [-0.9, 0, 0],
						"1.0": [0, 0, 0]
					}
				},
				"legl8": {
					"rotation": {
						"0.0": [0, -25, 0],
						"0.5417": [0, 15, 0],
						"1.0": [0, -25, 0]
					},
					"position": {
						"0.0": [0.5, 0, 0],
						"0.5417": [-0.2, 0, 0],
						"1.0": [0.5, 0, 0]
					}
				},
				"legr8": {
					"rotation": {
						"0.0": [0, -13, 0],
						"0.7917": [0, 24, 0],
						"1.0": [0, -13, 0]
					},
					"position": {
						"0.0": [0.3, 0, 0.2],
						"0.7917": [-0.6, 0, 0.2],
						"1.0": [0.3, 0, 0.2]
					}
				},
				"legl4": {
					"rotation": {
						"0.0": [0, -31, 0],
						"0.4583": [0, 20, 0],
						"1.0": [0, -31, 0]
					},
					"position": {
						"0.0": [0.4, 0, 0],
						"0.4583": [-0.1, 0, 0],
						"1.0": [0.4, 0, 0]
					}
				},
				"legr4": {
					"rotation": {
						"0.0": [0, -4, 0],
						"0.6667": [0, 22, 0],
						"0.9167": [0, -15, 0],
						"1.0": [0, -4, 0]
					},
					"position": {
						"0.0": [0.2, 0, 0],
						"0.6667": [-0.8, 0, 0],
						"0.9167": [0.4, 0, 0],
						"1.0": [0.2, 0, 0]
					}
				},
				"legl3": {
					"rotation": {
						"0.0": [0, -17, 0],
						"0.4167": [0, 22, 0],
						"1.0": [0, -17, 0]
					},
					"position": {
						"0.0": [0, 0, 0],
						"1.0": [0, 0, 0]
					}
				},
				"legr3": {
					"rotation": {
						"0.0": [0, 2, 0],
						"0.5": [0, 28, 0],
						"0.75": [0, -23, 0],
						"1.0": [0, 2, 0]
					},
					"position": {
						"0.0": [-0.1, 0, 0],
						"0.5": [-0.9, 0, 0.1],
						"0.75": [0.6, 0, 0.2],
						"1.0": [-0.1, 0, 0]
					}
				},
				"legl7": {
					"rotation": {
						"0.0": [0, 0, 0],
						"0.2083": [0, 20, 0],
						"0.9167": [0, -23.89, 0],
						"1.0": [0, 0, 0]
					},
					"position": {
						"0.0": [0, 0, 0],
						"0.2083": [-0.3, 0, 0],
						"0.9167": [0.47, 0, 0],
						"1.0": [0, 0, 0]
					}
				},
				"legr7": {
					"rotation": {
						"0.0": [0, 12.5, 0],
						"0.4583": [0, 50, 0],
						"0.7083": [0, -14.5, 0],
						"1.0": [0, 12.5, 0]
					},
					"position": {
						"0.0": [-0.4, 0, 0.3],
						"0.4583": [-1.2, 0, 0.3],
						"0.7083": [-0.1, 0, 0.3],
						"1.0": [-0.4, 0, 0.3]
					}
				},
				"legl6": {
					"rotation": {
						"0.0": [0, 0, 0],
						"0.25": [0, 26, 0],
						"0.9167": [0, -34.61, 0],
						"1.0": [0, 0, 0]
					},
					"position": {
						"0.0": [0, 0, 0],
						"0.25": [-0.5, 0, 0],
						"0.9167": [0.84, 0, 0],
						"1.0": [0, 0, 0]
					}
				},
				"legr6": {
					"rotation": {
						"0.0": [0, 7.5, 0],
						"0.625": [0, 35, 0],
						"0.7917": [0, -8.5, 0],
						"1.0": [0, 7.5, 0]
					},
					"position": {
						"0.0": [0, 0, 0.1],
						"0.625": [-0.6, 0, 0],
						"0.7917": [0.4, 0, 0.1],
						"1.0": [0, 0, 0.1]
					}
				},
				"legl5": {
					"rotation": {
						"0.0": [0, 0, 0],
						"0.2917": [0, 28, 0],
						"0.9167": [0, -30.71, 0],
						"1.0": [0, 0, 0]
					},
					"position": {
						"0.0": [0, 0, 0],
						"0.2917": [-0.4, 0, 0],
						"0.9167": [0.75, 0, 0],
						"1.0": [0, 0, 0]
					}
				},
				"legr5": {
					"rotation": {
						"0.0": [0, 23.5, 0],
						"0.0833": [0, 5.5, 0],
						"0.2917": [0, -10.7, 0],
						"1.0": [0, 23.5, 0]
					},
					"position": {
						"0.0": [-0.5, 0, 0.2],
						"0.0833": [-0.1, 0, 0],
						"0.2917": [0.31, 0, 0.03],
						"1.0": [-0.5, 0, 0.2]
					}
				},
				"legl2": {
					"rotation": {
						"0.0": [0, 0, 0],
						"0.3333": [0, 19, 0],
						"0.9167": [0, -29.81, 0],
						"1.0": [0, 0, 0]
					},
					"position": {
						"0.0": [0, 0, 0],
						"0.3333": [-0.3, 0, 0],
						"0.9167": [0.48, 0, 0],
						"1.0": [0, 0, 0]
					}
				},
				"legr2": {
					"rotation": {
						"0.0": [0, 17, 0],
						"0.2917": [0, 37, 0],
						"0.5": [0, -1, 0],
						"1.0": [0, 17, 0]
					},
					"position": {
						"0.0": [-0.53, 0, 0.19],
						"0.2917": [-1, 0, 0.1],
						"0.5": [-0.2, 0, 0.1],
						"1.0": [-0.53, 0, 0.19]
					}
				},
				"legl": {
					"rotation": {
						"0.0": [0, -10, 0],
						"0.375": [0, 16, 0],
						"0.6667": [0, -30.93, 0],
						"1.0": [0, -10, 0]
					},
					"position": {
						"0.0": [0.2, 0, 0],
						"0.375": [-0.3, 0, 0],
						"0.6667": [0.58, 0, 0],
						"1.0": [0.2, 0, 0]
					}
				},
				"legr": {
					"rotation": {
						"0.0": [0, 6, 0],
						"0.4167": [0, 35, 0],
						"0.625": [0, -10, 0],
						"1.0": [0, 6, 0]
					},
					"position": {
						"0.0": [-0.3, 0, 0.1],
						"0.4167": [-1, 0, 0],
						"0.625": [0.1, 0, 0.1],
						"1.0": [-0.3, 0, 0.1]
					}
				},
				"legl12": {
					"rotation": {
						"0.0": [0, 0, 0],
						"0.125": [0, 17, 0],
						"0.875": [0, -21.73, 0],
						"1.0": [0, 0, 0]
					},
					"position": {
						"0.0": [0, 0, 0],
						"0.125": [-0.3, 0, 0],
						"0.875": [0.36, 0, 0],
						"1.0": [0, 0, 0]
					}
				},
				"legr12": {
					"rotation": {
						"0.0": [0, 17, 0],
						"0.4167": [0, 48, 0],
						"0.7083": [0, 0, 0],
						"1.0": [0, 17, 0]
					},
					"position": {
						"0.0": [-0.3, 0, 0],
						"0.4167": [-1.1, 0, 0.1],
						"0.7083": [0, 0, 0.1],
						"1.0": [-0.3, 0, 0]
					}
				},
				"legl22": {
					"rotation": {
						"0.0": [0, 0, 0],
						"0.0833": [0, 18, 0],
						"0.9167": [0, -30.93, 0],
						"1.0": [0, 0, 0]
					},
					"position": {
						"0.0": [0, 0, 0],
						"0.0833": [-0.2, 0, 0],
						"0.7083": [0.3, 0, 0],
						"0.9167": [0.58, 0, 0],
						"1.0": [0, 0, 0]
					}
				},
				"legr20": {
					"rotation": {
						"0.0": [0, 37.5, 0],
						"0.4167": [0, 59.5, 0],
						"0.5833": [0, 5, 0],
						"1.0": [0, 37.5, 0]
					},
					"position": {
						"0.0": [-1, 0, -0.2],
						"0.4167": [-1.5, 0, -0.2],
						"0.5833": [-0.2, 0, -0.2],
						"1.0": [-1, 0, -0.2]
					}
				},
				"legl21": {
					"rotation": {
						"0.0": [0, 0, 0],
						"0.0833": [0, 14, 0],
						"0.8333": [0, -21.45, 0],
						"1.0": [0, 0, 0]
					},
					"position": {
						"0.0": [0, 0, 0],
						"0.0833": [-0.4, 0, 0],
						"0.8333": [0.33, 0, 0],
						"1.0": [0, 0, 0]
					}
				},
				"legr19": {
					"rotation": {
						"0.0": [0, 24, 0],
						"0.5": [0, 40, 0],
						"0.7083": [0, -11, 0],
						"1.0": [0, 24, 0]
					},
					"position": {
						"0.0": [-0.4, 0, -0.2],
						"0.5": [-0.7, 0, -0.2],
						"0.7083": [0.3, 0, -0.2],
						"1.0": [-0.4, 0, -0.2]
					}
				},
				"Centistalker": {
					"rotation": {
						"0.0": [0, 0, 0],
						"0.3333": [0, 0, -1],
						"0.5417": [0, 0, 0.31],
						"1.0": [0, 0, 0]
					},
					"position": {
						"0.0": [0, 0, 0],
						"0.3333": [0.6, 0.1, 0],
						"0.5417": [0.41, -0.23, 0],
						"1.0": [0, 0, 0]
					}
				},
				"backsegment": {
					"rotation": {
						"0.0": [0, 6.5, 0],
						"0.25": [0, -14.42, 0],
						"0.75": [0, 7.02, 0],
						"1.0": [0, 6.5, 0]
					},
					"position": {
						"0.0": [0, 0, 0.4],
						"0.25": [0.4, -0.1, 1.91],
						"0.75": [0.78, -0.07, 1.45],
						"1.0": [0, 0, 0.4]
					}
				},
				"legl18": {
					"rotation": {
						"0.0": [6.76158, -10.27264, 0.82119],
						"0.4167": [29.15041, -16.54437, -12.97125],
						"1.0": [6.76158, -10.27264, 0.82119]
					},
					"position": {
						"0.0": [0, 0, -0.6],
						"0.4167": [0, 0.1, -0.9],
						"1.0": [0, 0, -0.6]
					}
				},
				"legl19": {
					"rotation": {
						"0.0": [0, 0, 0],
						"0.5417": [-50.04705, -19.8876, -36.00558],
						"1.0": [0, 0, 0]
					},
					"position": {
						"0.0": [0, 0, 0],
						"0.5417": [-0.1, -0.2, 0.7],
						"1.0": [0, 0, 0]
					}
				},
				"midbacksegment": {
					"rotation": {
						"0.0": [-3, -1, 0],
						"0.25": [-3, 0.99726, -0.10467],
						"0.75": [-3.04978, 10.36886, -0.60182],
						"1.0": [-3, -1, 0]
					},
					"position": {
						"0.0": [0, 0, -0.2],
						"0.25": [0.2, 0, 3.21],
						"0.75": [0.64, 0, 0.2],
						"1.0": [0, 0, -0.2]
					}
				},
				"midfrontsegment": {
					"rotation": {
						"0.0": [0, -2, 0],
						"0.25": [-0.36624, 17.98448, -5.10096],
						"0.75": [-0.24684, -11.85658, -3.41019],
						"1.0": [0, -2, 0]
					},
					"position": {
						"0.0": [0, 0, 0.1],
						"0.25": [0, 0.4, 1.1],
						"0.75": [0, 0.28, 0.2],
						"1.0": [0, 0, 0.1]
					}
				},
				"segment1": {
					"rotation": {
						"0.0": [0, 0, -3],
						"0.5": [0, 0, 4],
						"1.0": [0, 0, -3]
					},
					"position": {
						"0.0": [0, 0.1, 0],
						"0.5": [0, 0.2, 0],
						"1.0": [0, 0.1, 0]
					}
				},
				"frontsegment": {
					"rotation": {
						"0.0": [0, 4, 0],
						"0.25": [-0.15288, 23.93519, -9.10362],
						"0.75": [-11.18616, -18.22959, -6.76113],
						"1.0": [0, 4, 0]
					},
					"position": {
						"0.0": [0, 0, 0],
						"0.25": [0, 0.69, 0.6],
						"0.75": [0, 0.5, 0],
						"1.0": [0, 0, 0]
					}
				},
				"segment22": {
					"rotation": {
						"0.0": [0, 0, 0],
						"0.3333": [-2.67, 0, 0],
						"0.4583": [-4.95353, -0.08636, -0.99626],
						"0.625": [-8, 0, 0],
						"1.0": [0, 0, 0]
					}
				},
				"legl23": {
					"rotation": {
						"0.0": [0, -7, 0],
						"0.5833": [-4.71922, -40.33826, 13.53399],
						"0.75": [1.1183, -20.10425, 21.57613],
						"0.7917": [1.73665, -16.22251, 20.0695],
						"1.0": [0, -7, 0]
					},
					"position": {
						"0.0": [0, 0, 0],
						"0.5833": [0, 0.3, 0],
						"1.0": [0, 0, 0]
					}
				},
				"legl24": {
					"rotation": {
						"0.0": [0, 0, 0],
						"0.4583": [-14.60529, -13.41716, 11.12783],
						"0.75": [-1.55468, -9.81581, 21.85675],
						"1.0": [0, 0, 0]
					},
					"position": {
						"0.0": [0, 0, 0],
						"0.4583": [0.2, 0.4, -0.3],
						"0.75": [0.2, -0.1, 0.2],
						"1.0": [0, 0, 0]
					}
				},
				"segment11": {
					"rotation": {
						"0.0": [0, 0, 0],
						"0.25": [0, -6, 0],
						"1.0": [0, 0, 0]
					}
				},
				"segment10": {
					"rotation": {
						"0.0": [0, 0, 0],
						"0.25": [0, -3, 0],
						"1.0": [0, 0, 0]
					},
					"position": {
						"0.0": [0, 0, 0],
						"0.25": [0, 0, 0.1],
						"1.0": [0, 0, 0]
					}
				},
				"segment9": {
					"position": {
						"0.0": [0, 0, 0],
						"0.25": [0, 0, 0.2],
						"1.0": [0, 0, 0]
					}
				},
				"segment8": {
					"rotation": {
						"0.0": [0, 0, 0],
						"0.25": [0, -4, 0],
						"1.0": [0, 0, 0]
					},
					"position": {
						"0.0": [0, 0, 0],
						"0.25": [0, 0, 0.2],
						"1.0": [0, 0, 0]
					}
				},
				"segment4": {
					"position": {
						"0.0": [0, 0, 0],
						"0.25": [0, 0, 0.2],
						"1.0": [0, 0, 0]
					}
				},
				"segment3": {
					"rotation": {
						"0.0": [0, 0, 0],
						"0.25": [0, 4, 0],
						"1.0": [0, 0, 0]
					},
					"position": {
						"0.0": [0, 0, 0],
						"0.25": [0, 0, 0.1],
						"1.0": [0, 0, 0]
					}
				}
			}
		},
		"animation.centistalker.attacking": {
			"animation_length": 1,
			"bones": {
				"legl17": {
					"rotation": {
						"0.0": [-5.80775, 9.79302, 6.0257],
						"0.5": [-7.69957, -30.95102, 11.06842],
						"1.0": [-5.80775, 9.79302, 6.0257]
					},
					"position": {
						"0.0": [-0.2, 0, 0],
						"0.5": [0.6, 0, 0.2],
						"1.0": [-0.2, 0, 0]
					}
				},
				"legr17": {
					"rotation": {
						"0.0": [0, 39.5, 0],
						"0.5": [0, -6.5, 0],
						"1.0": [0, 39.5, 0]
					},
					"position": {
						"0.0": [-0.8, 0, 2],
						"0.5": [0.53, 0, -0.28],
						"1.0": [-0.8, 0, 2]
					}
				},
				"legl13": {
					"rotation": {
						"0.0": [0, 4, 0],
						"0.1667": [0, -18, 0],
						"0.7917": [0, 9, 0],
						"1.0": [0, 4, 0]
					},
					"position": {
						"0.0": [0, 0, 0],
						"0.1667": [0.3, 0, 0],
						"0.7917": [-0.2, 0, 0],
						"1.0": [0, 0, 0]
					}
				},
				"legr13": {
					"rotation": {
						"0.0": [0, -22.5, 0],
						"0.75": [0, 13.5, 0],
						"1.0": [0, -22.5, 0]
					},
					"position": {
						"0.0": [0.6, 0, 0.1],
						"0.75": [-0.4, 0, 0.1],
						"1.0": [0.6, 0, 0.1]
					}
				},
				"legl16": {
					"rotation": {
						"0.0": [0, 25, 0],
						"0.4167": [0, -31, 0],
						"1.0": [0, 25, 0]
					},
					"position": {
						"0.0": [-0.5, 0, 0],
						"0.4167": [0.7, 0, 0],
						"1.0": [-0.5, 0, 0]
					}
				},
				"legr16": {
					"rotation": {
						"0.0": [0, 9.5, 0],
						"0.2917": [0, -21.5, 0],
						"0.875": [0, 25.5, 0],
						"1.0": [0, 9.5, 0]
					},
					"position": {
						"0.0": [-0.2, 0, 0.1],
						"0.2917": [0.5, 0, 0],
						"0.875": [-0.7, 0, 0.1],
						"1.0": [-0.2, 0, 0.1]
					}
				},
				"legl14": {
					"rotation": {
						"0.0": [0, 18, 0],
						"0.25": [0, -17, 0],
						"0.8333": [0, 27.22, 0],
						"1.0": [0, 18, 0]
					},
					"position": {
						"0.0": [-0.4, 0, 0],
						"0.25": [0.3, 0, 0],
						"0.8333": [-0.64, 0, 0],
						"1.0": [-0.4, 0, 0]
					}
				},
				"legr14": {
					"rotation": {
						"0.0": [0, -12, 0],
						"0.0833": [0, -27.12, 0],
						"0.875": [0, 13, 0],
						"1.0": [0, -12, 0]
					},
					"position": {
						"0.0": [0.3, 0, 0],
						"0.0833": [0.54, 0, 0],
						"0.875": [-0.3, 0, 0],
						"1.0": [0.3, 0, 0]
					}
				},
				"legl15": {
					"rotation": {
						"0.0": [0, 13, 0],
						"0.3333": [0, -37, 0],
						"0.9167": [0, 13, 0],
						"1.0": [0, 13, 0]
					},
					"position": {
						"0.0": [0, 0, 0],
						"0.3333": [0.8, 0, 0],
						"0.9167": [-0.1, 0, 0],
						"1.0": [0, 0, 0]
					}
				},
				"legr15": {
					"rotation": {
						"0.0": [0, 0, 0],
						"0.1667": [0, -14, 0],
						"0.9583": [0, 20, 0],
						"1.0": [0, 0, 0]
					},
					"position": {
						"0.0": [0, 0, 0],
						"0.1667": [1, 0, 0.1],
						"0.9583": [-1, 0, 0.2],
						"1.0": [0, 0, 0]
					}
				},
				"legl11": {
					"rotation": {
						"0.0": [0, 0, 0],
						"0.125": [0, -10, 0],
						"0.75": [0, 21.14, 0],
						"1.0": [0, 0, 0]
					},
					"position": {
						"0.0": [0, 0, 0],
						"0.125": [0.2, 0, 0],
						"0.75": [-0.54, 0, 0],
						"1.0": [0, 0, 0]
					}
				},
				"legr11": {
					"rotation": {
						"0.0": [0, -19.76, 0],
						"0.7083": [0, 19, 0],
						"1.0": [0, -19.76, 0]
					},
					"position": {
						"0.0": [0.98, 0, -0.14],
						"0.7083": [-1, 0, 0.5],
						"1.0": [0.98, 0, -0.14]
					}
				},
				"legl10": {
					"rotation": {
						"0.0": [0, -25, 0],
						"0.125": [0, -14, 0],
						"0.7083": [0, 10, 0],
						"1.0": [0, -25, 0]
					},
					"position": {
						"0.0": [0.6, 0, 0],
						"0.125": [0.4, 0, 0],
						"0.7083": [-0.2, 0, 0],
						"1.0": [0.6, 0, 0]
					}
				},
				"legr10": {
					"rotation": {
						"0.0": [0, 19.5, 0],
						"0.25": [0, -18, 0],
						"0.875": [0, 29.5, 0],
						"1.0": [0, 19.5, 0]
					},
					"position": {
						"0.0": [-0.5, 0, 0],
						"0.25": [0.4, 0, 0.1],
						"0.875": [-0.8, 0, 0.1],
						"1.0": [-0.5, 0, 0]
					}
				},
				"legl9": {
					"rotation": {
						"0.0833": [0, -28, 0],
						"0.625": [0, 16.5, 0],
						"1.0": [0, -28, 0]
					},
					"position": {
						"0.0833": [0.6, 0, 0],
						"0.625": [-0.3, 0, 0],
						"1.0": [0.6, 0, 0]
					}
				},
				"legr9": {
					"rotation": {
						"0.0": [0, 0, 0],
						"0.1667": [0, -12, 0],
						"0.8333": [0, 40, 0],
						"1.0": [0, 0, 0]
					},
					"position": {
						"0.0": [0, 0, 0],
						"0.1667": [0.3, 0, 0],
						"0.8333": [-0.9, 0, 0],
						"1.0": [0, 0, 0]
					}
				},
				"legl8": {
					"rotation": {
						"0.0": [0, -25, 0],
						"0.5417": [0, 15, 0],
						"1.0": [0, -25, 0]
					},
					"position": {
						"0.0": [0.5, 0, 0],
						"0.5417": [-0.2, 0, 0],
						"1.0": [0.5, 0, 0]
					}
				},
				"legr8": {
					"rotation": {
						"0.0": [0, -13, 0],
						"0.7917": [0, 24, 0],
						"1.0": [0, -13, 0]
					},
					"position": {
						"0.0": [0.3, 0, 0.2],
						"0.7917": [-0.6, 0, 0.2],
						"1.0": [0.3, 0, 0.2]
					}
				},
				"legl4": {
					"rotation": {
						"0.0": [0, -31, 0],
						"0.4583": [0, 20, 0],
						"1.0": [0, -31, 0]
					},
					"position": {
						"0.0": [0.4, 0, 0],
						"0.4583": [-0.1, 0, 0],
						"1.0": [0.4, 0, 0]
					}
				},
				"legr4": {
					"rotation": {
						"0.0": [0, -4, 0],
						"0.6667": [0, 22, 0],
						"0.9167": [0, -15, 0],
						"1.0": [0, -4, 0]
					},
					"position": {
						"0.0": [0.2, 0, 0],
						"0.6667": [-0.8, 0, 0],
						"0.9167": [0.4, 0, 0],
						"1.0": [0.2, 0, 0]
					}
				},
				"legl3": {
					"rotation": {
						"0.0": [0, -17, 0],
						"0.4167": [0, 22, 0],
						"1.0": [0, -17, 0]
					},
					"position": {
						"0.0": [0, 0, 0],
						"1.0": [0, 0, 0]
					}
				},
				"legr3": {
					"rotation": {
						"0.0": [0, 2, 0],
						"0.5": [0, 28, 0],
						"0.75": [0, -23, 0],
						"1.0": [0, 2, 0]
					},
					"position": {
						"0.0": [-0.1, 0, 0],
						"0.5": [-0.9, 0, 0.1],
						"0.75": [0.6, 0, 0.2],
						"1.0": [-0.1, 0, 0]
					}
				},
				"legl7": {
					"rotation": {
						"0.0": [0, 0, 0],
						"0.2083": [0, 20, 0],
						"0.9167": [0, -23.89, 0],
						"1.0": [0, 0, 0]
					},
					"position": {
						"0.0": [0, 0, 0],
						"0.2083": [-0.3, 0, 0],
						"0.9167": [0.47, 0, 0],
						"1.0": [0, 0, 0]
					}
				},
				"legr7": {
					"rotation": {
						"0.0": [0, 12.5, 0],
						"0.4583": [0, 50, 0],
						"0.7083": [0, -14.5, 0],
						"1.0": [0, 12.5, 0]
					},
					"position": {
						"0.0": [-0.4, 0, 0.3],
						"0.4583": [-1.2, 0, 0.3],
						"0.7083": [-0.1, 0, 0.3],
						"1.0": [-0.4, 0, 0.3]
					}
				},
				"legl6": {
					"rotation": {
						"0.0": [0, 0, 0],
						"0.25": [0, 26, 0],
						"0.9167": [0, -34.61, 0],
						"1.0": [0, 0, 0]
					},
					"position": {
						"0.0": [0, 0, 0],
						"0.25": [-0.5, 0, 0],
						"0.9167": [0.84, 0, 0],
						"1.0": [0, 0, 0]
					}
				},
				"legr6": {
					"rotation": {
						"0.0": [0, 7.5, 0],
						"0.625": [0, 35, 0],
						"0.7917": [0, -8.5, 0],
						"1.0": [0, 7.5, 0]
					},
					"position": {
						"0.0": [0, 0, 0.1],
						"0.625": [-0.6, 0, 0],
						"0.7917": [0.4, 0, 0.1],
						"1.0": [0, 0, 0.1]
					}
				},
				"legl5": {
					"rotation": {
						"0.0": [0, 0, 0],
						"0.2917": [0, 28, 0],
						"0.9167": [0, -30.71, 0],
						"1.0": [0, 0, 0]
					},
					"position": {
						"0.0": [0, 0, 0],
						"0.2917": [-0.4, 0, 0],
						"0.9167": [0.75, 0, 0],
						"1.0": [0, 0, 0]
					}
				},
				"legr5": {
					"rotation": {
						"0.0": [0, 23.5, 0],
						"0.0833": [0, 5.5, 0],
						"0.2917": [0, -10.7, 0],
						"1.0": [0, 23.5, 0]
					},
					"position": {
						"0.0": [-0.5, 0, 0.2],
						"0.0833": [-0.1, 0, 0],
						"0.2917": [0.31, 0, 0.03],
						"1.0": [-0.5, 0, 0.2]
					}
				},
				"legl2": {
					"rotation": {
						"0.0": [0, 0, 0],
						"0.3333": [0, 19, 0],
						"0.9167": [0, -29.81, 0],
						"1.0": [0, 0, 0]
					},
					"position": {
						"0.0": [0, 0, 0],
						"0.3333": [-0.3, 0, 0],
						"0.9167": [0.48, 0, 0],
						"1.0": [0, 0, 0]
					}
				},
				"legr2": {
					"rotation": {
						"0.0": [0, 17, 0],
						"0.2917": [0, 37, 0],
						"0.5": [0, -1, 0],
						"1.0": [0, 17, 0]
					},
					"position": {
						"0.0": [-0.53, 0, 0.19],
						"0.2917": [-1, 0, 0.1],
						"0.5": [-0.2, 0, 0.1],
						"1.0": [-0.53, 0, 0.19]
					}
				},
				"legl": {
					"rotation": {
						"0.0": [0, -10, 0],
						"0.375": [0, 16, 0],
						"0.6667": [0, -30.93, 0],
						"1.0": [0, -10, 0]
					},
					"position": {
						"0.0": [0.2, 0, 0],
						"0.375": [-0.3, 0, 0],
						"0.6667": [0.58, 0, 0],
						"1.0": [0.2, 0, 0]
					}
				},
				"legr": {
					"rotation": {
						"0.0": [0, 6, 0],
						"0.4167": [0, 35, 0],
						"0.625": [0, -10, 0],
						"1.0": [0, 6, 0]
					},
					"position": {
						"0.0": [-0.3, 0, 0.1],
						"0.4167": [-1, 0, 0],
						"0.625": [0.1, 0, 0.1],
						"1.0": [-0.3, 0, 0.1]
					}
				},
				"legl12": {
					"rotation": {
						"0.0": [0, 0, 0],
						"0.125": [0, 17, 0],
						"0.875": [0, -21.73, 0],
						"1.0": [0, 0, 0]
					},
					"position": {
						"0.0": [0, 0, 0],
						"0.125": [-0.3, 0, 0],
						"0.875": [0.36, 0, 0],
						"1.0": [0, 0, 0]
					}
				},
				"legr12": {
					"rotation": {
						"0.0": [0, 17, 0],
						"0.4167": [0, 48, 0],
						"0.7083": [0, 0, 0],
						"1.0": [0, 17, 0]
					},
					"position": {
						"0.0": [-0.3, 0, 0],
						"0.4167": [-1.1, 0, 0.1],
						"0.7083": [0, 0, 0.1],
						"1.0": [-0.3, 0, 0]
					}
				},
				"legl22": {
					"rotation": {
						"0.0": [0, 0, 0],
						"0.0833": [0, 18, 0],
						"0.9167": [0, -30.93, 0],
						"1.0": [0, 0, 0]
					},
					"position": {
						"0.0": [0, 0, 0],
						"0.0833": [-0.2, 0, 0],
						"0.7083": [0.3, 0, 0],
						"0.9167": [0.58, 0, 0],
						"1.0": [0, 0, 0]
					}
				},
				"legr20": {
					"rotation": {
						"0.0": [0, 37.5, 0],
						"0.4167": [0, 59.5, 0],
						"0.5833": [0, 5, 0],
						"1.0": [0, 37.5, 0]
					},
					"position": {
						"0.0": [-1, 0, -0.2],
						"0.4167": [-1.5, 0, -0.2],
						"0.5833": [-0.2, 0, -0.2],
						"1.0": [-1, 0, -0.2]
					}
				},
				"legl21": {
					"rotation": {
						"0.0": [0, 0, 0],
						"0.0833": [0, 14, 0],
						"0.8333": [0, -21.45, 0],
						"1.0": [0, 0, 0]
					},
					"position": {
						"0.0": [0, 0, 0],
						"0.0833": [-0.4, 0, 0],
						"0.8333": [0.33, 0, 0],
						"1.0": [0, 0, 0]
					}
				},
				"legr19": {
					"rotation": {
						"0.0": [0, 24, 0],
						"0.5": [0, 40, 0],
						"0.7083": [0, -11, 0],
						"1.0": [0, 24, 0]
					},
					"position": {
						"0.0": [-0.4, 0, -0.2],
						"0.5": [-0.7, 0, -0.2],
						"0.7083": [0.3, 0, -0.2],
						"1.0": [-0.4, 0, -0.2]
					}
				},
				"Centistalker": {
					"rotation": {
						"0.0": [0, 0, 0],
						"0.3333": [0, 0, -1],
						"0.5417": [0, 0, 0.31],
						"1.0": [0, 0, 0]
					},
					"position": {
						"0.0": [1.9, 0, 0],
						"0.3333": [1.5, 0.1, -0.3],
						"0.5417": [1.31, -0.23, 0.2],
						"1.0": [1.9, 0, 0]
					}
				},
				"backsegment": {
					"rotation": {
						"0.0": [0, 6.5, 0],
						"0.5": [0, -6.5, 0],
						"1.0": [0, 6.5, 0]
					},
					"position": {
						"0.0": [1.1, 0, 0.4],
						"0.5": [0.7, 0, 0.3],
						"1.0": [1.1, 0, 0.4]
					}
				},
				"legl18": {
					"rotation": {
						"0.0": [6.76158, -10.27264, 0.82119],
						"0.4167": [29.15041, -16.54437, -12.97125],
						"1.0": [6.76158, -10.27264, 0.82119]
					},
					"position": {
						"0.0": [0, 0, -0.6],
						"0.4167": [0, 0.1, -0.9],
						"1.0": [0, 0, -0.6]
					}
				},
				"legl19": {
					"rotation": {
						"0.0": [0, 0, 0],
						"0.5417": [-50.04705, -19.8876, -36.00558],
						"1.0": [0, 0, 0]
					},
					"position": {
						"0.0": [0, 0, 0],
						"0.5417": [-0.1, -0.2, 0.7],
						"1.0": [0, 0, 0]
					}
				},
				"midbacksegment": {
					"rotation": {
						"0.0": [-2.35851, -0.9167, -3.99695],
						"0.5": [3.6833, 2.53686, -7.98827],
						"1.0": [-2.35851, -0.9167, -3.99695]
					},
					"position": {
						"0.0": [1.2, 0, -0.11],
						"0.5": [0.8, 0, 0.9],
						"1.0": [1.2, 0, -0.11]
					}
				},
				"midfrontsegment": {
					"rotation": {
						"0.0": [0, -2, 0],
						"0.4583": [-0.34919, 3.98475, -5.01215],
						"0.625": [-0.24162, 1.1433, -3.46573],
						"1.0": [0, -2, 0]
					},
					"position": {
						"0.0": [0, 0, 0.1],
						"0.4583": [0, 0.4, 0.1],
						"0.625": [0, 0.28, 0.2],
						"1.0": [0, 0, 0.1]
					}
				},
				"segment1": {
					"rotation": [0, 0, -20.42],
					"position": [1.3, 1.41, 0]
				},
				"frontsegment": {
					"rotation": {
						"0.0": [-2.67893, 2.9715, -42.0695],
						"0.3333": [9.16248, 0.0986, -43.45482],
						"0.6667": [-4.92657, -5.90904, -45.74026],
						"1.0": [-2.67893, 2.9715, -42.0695]
					},
					"position": {
						"0.0": [-0.5, 7, 0],
						"0.3333": [-1.1, 7.3, -0.3],
						"0.6667": [-0.9, 7.4, 0.4],
						"0.75": [-0.7, 7.3, 0.3],
						"1.0": [-0.5, 7, 0]
					}
				},
				"segment22": {
					"rotation": {
						"0.0": [0, 0, 0],
						"0.3333": [-2.67, 0, 0],
						"0.4583": [-4.95353, -0.08636, -0.99626],
						"0.625": [-8, 0, 0],
						"1.0": [0, 0, 0]
					}
				},
				"legl23": {
					"rotation": {
						"0.0": [-9.041, 15.41784, 28.22896],
						"0.5833": [28.89959, -32.82161, 46.76039],
						"0.75": [9.42642, -12.90458, 38.42116],
						"1.0": [-9.041, 15.41784, 28.22896]
					},
					"position": {
						"0.0": [0.9, -0.6, 0.6],
						"0.4583": [0.35, -0.01, -0.16],
						"0.5833": [0.2, -0.1, -0.5],
						"1.0": [0.9, -0.6, 0.6]
					}
				},
				"legl24": {
					"rotation": {
						"0.0": [0, 49.5, 0],
						"0.4583": [-3.60529, -13.41716, 11.12783],
						"0.75": [-1.55468, -9.81581, 21.85675],
						"1.0": [0, 49.5, 0]
					},
					"position": {
						"0.0": [0.8, -1, -0.2],
						"0.4583": [0.1, 0.2, -0.3],
						"0.75": [0.2, -0.1, 0.2],
						"1.0": [0.8, -1, -0.2]
					}
				},
				"segment3": {
					"rotation": {
						"0.0": [0, 0, -6],
						"0.375": [0, 0, 3],
						"1.0": [0, 0, -6]
					},
					"position": {
						"0.0": [0, 0.1, 0],
						"0.375": [0, -0.1, 0],
						"0.5": [0.1, -0.11, 0],
						"1.0": [0, 0.1, 0]
					}
				},
				"segment7": {
					"rotation": {
						"0.0": [0, 0, -65],
						"0.3333": [0, 5, -65],
						"1.0": [0, 0, -65]
					},
					"position": {
						"0.0": [0.2, 6.3, 0],
						"0.3333": [0.2, 6.3, -0.2],
						"0.5417": [0.3, 6.2, 0],
						"1.0": [0.2, 6.3, 0]
					},
					"scale": [1.44, 1, 1]
				},
				"segment6": {
					"rotation": [0, 0, -45],
					"position": [0.9, 4.2, 0]
				},
				"segment5": {
					"rotation": [0, 0, -45],
					"position": [1.2, 3.1, 0],
					"scale": [1.13, 1, 1]
				},
				"segment2": {
					"rotation": [0, 0, -29.5],
					"position": [1.3, 2.4, 0]
				}
			}
		},
		"animation.centistalker.hang": {
			"animation_length": 1,
			"bones": {
				"legl17": {
					"rotation": {
						"0.0": [-5.80775, 9.79302, 6.0257],
						"0.5": [-7.69957, -30.95102, 11.06842],
						"1.0": [-5.80775, 9.79302, 6.0257]
					},
					"position": {
						"0.0": [-0.2, 0, 0],
						"0.5": [0.6, 0, 0.2],
						"1.0": [-0.2, 0, 0]
					}
				},
				"legr17": {
					"rotation": {
						"0.0": [0, 39.5, 0],
						"0.5": [0, -6.5, 0],
						"1.0": [0, 39.5, 0]
					},
					"position": {
						"0.0": [-0.8, 0, 2],
						"0.5": [0.53, 0, -0.28],
						"1.0": [-0.8, 0, 2]
					}
				},
				"legl13": {
					"rotation": {
						"0.0": [0, 4, 0],
						"0.1667": [0, -18, 0],
						"0.7917": [0, 9, 0],
						"1.0": [0, 4, 0]
					},
					"position": {
						"0.0": [0, 0, 0],
						"0.1667": [0.3, 0, 0],
						"0.7917": [-0.2, 0, 0],
						"1.0": [0, 0, 0]
					}
				},
				"legr13": {
					"rotation": {
						"0.0": [0, -22.5, 0],
						"0.75": [0, 13.5, 0],
						"1.0": [0, -22.5, 0]
					},
					"position": {
						"0.0": [0.6, 0, 0.1],
						"0.75": [-0.4, 0, 0.1],
						"1.0": [0.6, 0, 0.1]
					}
				},
				"legl16": {
					"rotation": {
						"0.0": [0, 25, 0],
						"0.4167": [0, -31, 0],
						"1.0": [0, 25, 0]
					},
					"position": {
						"0.0": [-0.5, 0, 0],
						"0.4167": [0.7, 0, 0],
						"1.0": [-0.5, 0, 0]
					}
				},
				"legr16": {
					"rotation": {
						"0.0": [0, 9.5, 0],
						"0.2917": [0, -21.5, 0],
						"0.875": [0, 25.5, 0],
						"1.0": [0, 9.5, 0]
					},
					"position": {
						"0.0": [-0.2, 0, 0.1],
						"0.2917": [0.5, 0, 0],
						"0.875": [-0.7, 0, 0.1],
						"1.0": [-0.2, 0, 0.1]
					}
				},
				"legl14": {
					"rotation": {
						"0.0": [0, 18, 0],
						"0.25": [0, -17, 0],
						"0.8333": [0, 27.22, 0],
						"1.0": [0, 18, 0]
					},
					"position": {
						"0.0": [-0.4, 0, 0],
						"0.25": [0.3, 0, 0],
						"0.8333": [-0.64, 0, 0],
						"1.0": [-0.4, 0, 0]
					}
				},
				"legr14": {
					"rotation": {
						"0.0": [0, -12, 0],
						"0.0833": [0, -27.12, 0],
						"0.875": [0, 13, 0],
						"1.0": [0, -12, 0]
					},
					"position": {
						"0.0": [0.3, 0, 0],
						"0.0833": [0.54, 0, 0],
						"0.875": [-0.3, 0, 0],
						"1.0": [0.3, 0, 0]
					}
				},
				"legl15": {
					"rotation": {
						"0.0": [0, 13, 0],
						"0.3333": [0, -37, 0],
						"0.9167": [0, 13, 0],
						"1.0": [0, 13, 0]
					},
					"position": {
						"0.0": [0, 0, 0],
						"0.3333": [0.8, 0, 0],
						"0.9167": [-0.1, 0, 0],
						"1.0": [0, 0, 0]
					}
				},
				"legr15": {
					"rotation": {
						"0.0": [0, 0, 0],
						"0.1667": [0, -14, 0],
						"0.9583": [0, 20, 0],
						"1.0": [0, 0, 0]
					},
					"position": {
						"0.0": [0, 0, 0],
						"0.1667": [1, 0, 0.1],
						"0.9583": [-1, 0, 0.2],
						"1.0": [0, 0, 0]
					}
				},
				"legl11": {
					"rotation": {
						"0.0": [0, 0, 0],
						"0.125": [0, -10, 0],
						"0.75": [0, 21.14, 0],
						"1.0": [0, 0, 0]
					},
					"position": {
						"0.0": [0, 0, 0],
						"0.125": [0.2, 0, 0],
						"0.75": [-0.54, 0, 0],
						"1.0": [0, 0, 0]
					}
				},
				"legr11": {
					"rotation": {
						"0.0": [0, -19.76, 0],
						"0.7083": [0, 19, 0],
						"1.0": [0, -19.76, 0]
					},
					"position": {
						"0.0": [0.98, 0, -0.14],
						"0.7083": [-1, 0, 0.5],
						"1.0": [0.98, 0, -0.14]
					}
				},
				"legl10": {
					"rotation": {
						"0.0": [0, -25, 0],
						"0.125": [0, -14, 0],
						"0.7083": [0, 10, 0],
						"1.0": [0, -25, 0]
					},
					"position": {
						"0.0": [0.6, 0, 0],
						"0.125": [0.4, 0, 0],
						"0.7083": [-0.2, 0, 0],
						"1.0": [0.6, 0, 0]
					}
				},
				"legr10": {
					"rotation": {
						"0.0": [0, 19.5, 0],
						"0.25": [0, -18, 0],
						"0.875": [0, 29.5, 0],
						"1.0": [0, 19.5, 0]
					},
					"position": {
						"0.0": [-0.5, 0, 0],
						"0.25": [0.4, 0, 0.1],
						"0.875": [-0.8, 0, 0.1],
						"1.0": [-0.5, 0, 0]
					}
				},
				"legl9": {
					"rotation": {
						"0.0833": [0, -28, 0],
						"0.625": [0, 16.5, 0],
						"1.0": [0, -28, 0]
					},
					"position": {
						"0.0833": [0.6, 0, 0],
						"0.625": [-0.3, 0, 0],
						"1.0": [0.6, 0, 0]
					}
				},
				"legr9": {
					"rotation": {
						"0.0": [0, 0, 0],
						"0.1667": [0, -12, 0],
						"0.8333": [0, 40, 0],
						"1.0": [0, 0, 0]
					},
					"position": {
						"0.0": [0, 0, 0],
						"0.1667": [0.3, 0, 0],
						"0.8333": [-0.9, 0, 0],
						"1.0": [0, 0, 0]
					}
				},
				"legl8": {
					"rotation": {
						"0.0": [0, -25, 0],
						"0.5417": [0, 15, 0],
						"1.0": [0, -25, 0]
					},
					"position": {
						"0.0": [0.5, 0, 0],
						"0.5417": [-0.2, 0, 0],
						"1.0": [0.5, 0, 0]
					}
				},
				"legr8": {
					"rotation": {
						"0.0": [0, -13, 0],
						"0.7917": [0, 24, 0],
						"1.0": [0, -13, 0]
					},
					"position": {
						"0.0": [0.3, 0, 0.2],
						"0.7917": [-0.6, 0, 0.2],
						"1.0": [0.3, 0, 0.2]
					}
				},
				"legl4": {
					"rotation": {
						"0.0": [0, -31, 0],
						"0.4583": [0, 20, 0],
						"1.0": [0, -31, 0]
					},
					"position": {
						"0.0": [0.4, 0, 0],
						"0.4583": [-0.1, 0, 0],
						"1.0": [0.4, 0, 0]
					}
				},
				"legr4": {
					"rotation": {
						"0.0": [0, -4, 0],
						"0.6667": [0, 22, 0],
						"0.9167": [0, -15, 0],
						"1.0": [0, -4, 0]
					},
					"position": {
						"0.0": [0.2, 0, 0],
						"0.6667": [-0.8, 0, 0],
						"0.9167": [0.4, 0, 0],
						"1.0": [0.2, 0, 0]
					}
				},
				"legl3": {
					"rotation": {
						"0.0": [0, -17, 0],
						"0.4167": [0, 22, 0],
						"1.0": [0, -17, 0]
					},
					"position": {
						"0.0": [0, 0, 0],
						"1.0": [0, 0, 0]
					}
				},
				"legr3": {
					"rotation": {
						"0.0": [0, 2, 0],
						"0.5": [0, 28, 0],
						"0.75": [0, -23, 0],
						"1.0": [0, 2, 0]
					},
					"position": {
						"0.0": [-0.1, 0, 0],
						"0.5": [-0.9, 0, 0.1],
						"0.75": [0.6, 0, 0.2],
						"1.0": [-0.1, 0, 0]
					}
				},
				"legl7": {
					"rotation": {
						"0.0": [0, 0, 0],
						"0.2083": [0, 20, 0],
						"0.9167": [0, -23.89, 0],
						"1.0": [0, 0, 0]
					},
					"position": {
						"0.0": [0, 0, 0],
						"0.2083": [-0.3, 0, 0],
						"0.9167": [0.47, 0, 0],
						"1.0": [0, 0, 0]
					}
				},
				"legr7": {
					"rotation": {
						"0.0": [0, 12.5, 0],
						"0.4583": [0, 50, 0],
						"0.7083": [0, -14.5, 0],
						"1.0": [0, 12.5, 0]
					},
					"position": {
						"0.0": [-0.4, 0, 0.3],
						"0.4583": [-1.2, 0, 0.3],
						"0.7083": [-0.1, 0, 0.3],
						"1.0": [-0.4, 0, 0.3]
					}
				},
				"legl6": {
					"rotation": {
						"0.0": [0, 0, 0],
						"0.25": [0, 26, 0],
						"0.9167": [0, -34.61, 0],
						"1.0": [0, 0, 0]
					},
					"position": {
						"0.0": [0, 0, 0],
						"0.25": [-0.5, 0, 0],
						"0.9167": [0.84, 0, 0],
						"1.0": [0, 0, 0]
					}
				},
				"legr6": {
					"rotation": {
						"0.0": [0, 7.5, 0],
						"0.625": [0, 35, 0],
						"0.7917": [0, -8.5, 0],
						"1.0": [0, 7.5, 0]
					},
					"position": {
						"0.0": [0, 0, 0.1],
						"0.625": [-0.6, 0, 0],
						"0.7917": [0.4, 0, 0.1],
						"1.0": [0, 0, 0.1]
					}
				},
				"legl5": {
					"rotation": {
						"0.0": [0, 0, 0],
						"0.2917": [0, 28, 0],
						"0.9167": [0, -30.71, 0],
						"1.0": [0, 0, 0]
					},
					"position": {
						"0.0": [0, 0, 0],
						"0.2917": [-0.4, 0, 0],
						"0.9167": [0.75, 0, 0],
						"1.0": [0, 0, 0]
					}
				},
				"legr5": {
					"rotation": {
						"0.0": [0, 23.5, 0],
						"0.0833": [0, 5.5, 0],
						"0.2917": [0, -10.7, 0],
						"1.0": [0, 23.5, 0]
					},
					"position": {
						"0.0": [-0.5, 0, 0.2],
						"0.0833": [-0.1, 0, 0],
						"0.2917": [0.31, 0, 0.03],
						"1.0": [-0.5, 0, 0.2]
					}
				},
				"legl2": {
					"rotation": {
						"0.0": [0, 0, 0],
						"0.3333": [0, 19, 0],
						"0.9167": [0, -29.81, 0],
						"1.0": [0, 0, 0]
					},
					"position": {
						"0.0": [0, 0, 0],
						"0.3333": [-0.3, 0, 0],
						"0.9167": [0.48, 0, 0],
						"1.0": [0, 0, 0]
					}
				},
				"legr2": {
					"rotation": {
						"0.0": [0, 17, 0],
						"0.2917": [0, 37, 0],
						"0.5": [0, -1, 0],
						"1.0": [0, 17, 0]
					},
					"position": {
						"0.0": [-0.53, 0, 0.19],
						"0.2917": [-1, 0, 0.1],
						"0.5": [-0.2, 0, 0.1],
						"1.0": [-0.53, 0, 0.19]
					}
				},
				"legl": {
					"rotation": {
						"0.0": [0, -10, 0],
						"0.375": [0, 16, 0],
						"0.6667": [0, -30.93, 0],
						"1.0": [0, -10, 0]
					},
					"position": {
						"0.0": [0.2, 0, 0],
						"0.375": [-0.3, 0, 0],
						"0.6667": [0.58, 0, 0],
						"1.0": [0.2, 0, 0]
					}
				},
				"legr": {
					"rotation": {
						"0.0": [0, 6, 0],
						"0.4167": [0, 35, 0],
						"0.625": [0, -10, 0],
						"1.0": [0, 6, 0]
					},
					"position": {
						"0.0": [-0.3, 0, 0.1],
						"0.4167": [-1, 0, 0],
						"0.625": [0.1, 0, 0.1],
						"1.0": [-0.3, 0, 0.1]
					}
				},
				"legl12": {
					"rotation": {
						"0.0": [0, 0, 0],
						"0.125": [0, 17, 0],
						"0.875": [0, -21.73, 0],
						"1.0": [0, 0, 0]
					},
					"position": {
						"0.0": [0, 0, 0],
						"0.125": [-0.3, 0, 0],
						"0.875": [0.36, 0, 0],
						"1.0": [0, 0, 0]
					}
				},
				"legr12": {
					"rotation": {
						"0.0": [0, 17, 0],
						"0.4167": [0, 48, 0],
						"0.7083": [0, 0, 0],
						"1.0": [0, 17, 0]
					},
					"position": {
						"0.0": [-0.3, 0, 0],
						"0.4167": [-1.1, 0, 0.1],
						"0.7083": [0, 0, 0.1],
						"1.0": [-0.3, 0, 0]
					}
				},
				"legl22": {
					"rotation": {
						"0.0": [0, 0, 0],
						"0.0833": [0, 18, 0],
						"0.9167": [0, -30.93, 0],
						"1.0": [0, 0, 0]
					},
					"position": {
						"0.0": [0, 0, 0],
						"0.0833": [-0.2, 0, 0],
						"0.7083": [0.3, 0, 0],
						"0.9167": [0.58, 0, 0],
						"1.0": [0, 0, 0]
					}
				},
				"legr20": {
					"rotation": {
						"0.0": [0, 37.5, 0],
						"0.4167": [0, 59.5, 0],
						"0.5833": [0, 5, 0],
						"1.0": [0, 37.5, 0]
					},
					"position": {
						"0.0": [-1, 0, -0.2],
						"0.4167": [-1.5, 0, -0.2],
						"0.5833": [-0.2, 0, -0.2],
						"1.0": [-1, 0, -0.2]
					}
				},
				"legl21": {
					"rotation": {
						"0.0": [0, 0, 0],
						"0.0833": [0, 14, 0],
						"0.8333": [0, -21.45, 0],
						"1.0": [0, 0, 0]
					},
					"position": {
						"0.0": [0, 0, 0],
						"0.0833": [-0.4, 0, 0],
						"0.8333": [0.33, 0, 0],
						"1.0": [0, 0, 0]
					}
				},
				"legr19": {
					"rotation": {
						"0.0": [0, 24, 0],
						"0.5": [0, 40, 0],
						"0.7083": [0, -11, 0],
						"1.0": [0, 24, 0]
					},
					"position": {
						"0.0": [-0.4, 0, -0.2],
						"0.5": [-0.7, 0, -0.2],
						"0.7083": [0.3, 0, -0.2],
						"1.0": [-0.4, 0, -0.2]
					}
				},
				"Centistalker": {
					"rotation": {
						"0.0": [0, -90, -98.3],
						"0.5": [0, -90, -79.5],
						"1.0": [0, -90, -98.3]
					},
					"position": {
						"0.0": [1.22, 6.9, 0],
						"0.5": [-2.1, 6.9, 0],
						"1.0": [1.22, 6.9, 0]
					}
				},
				"backsegment": {
					"rotation": {
						"0.0": [0.90845, 6.43647, 8.05108],
						"0.5": [0, -6.5, 0],
						"1.0": [0.90845, 6.43647, 8.05108]
					},
					"position": {
						"0.0": [0, 0.8, 0.4],
						"0.5": [0, 0, 0.3],
						"1.0": [0, 0.8, 0.4]
					}
				},
				"legl18": {
					"rotation": {
						"0.0": [6.76158, -10.27264, 0.82119],
						"0.4167": [29.15041, -16.54437, -12.97125],
						"1.0": [6.76158, -10.27264, 0.82119]
					},
					"position": {
						"0.0": [0, 0, -0.6],
						"0.4167": [0, 0.1, -0.9],
						"1.0": [0, 0, -0.6]
					}
				},
				"legl19": {
					"rotation": {
						"0.0": [0, 0, 0],
						"0.5417": [-50.04705, -19.8876, -36.00558],
						"1.0": [0, 0, 0]
					},
					"position": {
						"0.0": [0, 0, 0],
						"0.5417": [-0.1, -0.2, 0.7],
						"1.0": [0, 0, 0]
					}
				},
				"midbacksegment": {
					"rotation": {
						"0.0": [-3.04071, -0.86825, 2.49686],
						"0.5": [4, 2, 0],
						"1.0": [-3.04071, -0.86825, 2.49686]
					},
					"position": {
						"0.0": [0, 0.5, -0.2],
						"0.5": [0, -0.6, 0.9],
						"1.0": [0, 0.5, -0.2]
					}
				},
				"midfrontsegment": {
					"rotation": {
						"0.0": [0, -2, 0],
						"0.4583": [-0.93522, 3.88931, -13.53175],
						"0.625": [-0.24162, 1.1433, -3.46573],
						"1.0": [0, -2, 0]
					},
					"position": {
						"0.0": [0, 0, 0.1],
						"0.4583": [0, 0.8, 0.1],
						"0.625": [0, 0.28, 0.2],
						"1.0": [0, 0, 0.1]
					}
				},
				"segment1": {
					"rotation": {
						"0.0": [0, 0, -3],
						"0.5": [0, 0, 4],
						"1.0": [0, 0, -3]
					},
					"position": {
						"0.0": [0, 0.1, 0],
						"0.5": [0, 0.2, 0],
						"1.0": [0, 0.1, 0]
					}
				},
				"frontsegment": {
					"rotation": {
						"0.0": [0, 4, 0],
						"0.3333": [6.15928, 1.99501, -8.67957],
						"0.6667": [-10.63808, -3.49764, -9.64455],
						"1.0": [0, 4, 0]
					},
					"position": {
						"0.0": [0, 0, 0],
						"0.3333": [0, 0.8, 0],
						"0.6667": [0, 0.5, 0],
						"1.0": [0, 0, 0]
					}
				},
				"segment22": {
					"rotation": {
						"0.0": [0, 0, 0],
						"0.3333": [-2.67, 0, 0],
						"0.4583": [-4.95353, -0.08636, -0.99626],
						"0.625": [-8, 0, 0],
						"1.0": [0, 0, 0]
					}
				},
				"legl23": {
					"rotation": {
						"0.0": [0, -7, 0],
						"0.5833": [-4.71922, -40.33826, 13.53399],
						"0.75": [1.1183, -20.10425, 21.57613],
						"0.7917": [1.73665, -16.22251, 20.0695],
						"1.0": [0, -7, 0]
					},
					"position": {
						"0.0": [0, 0, 0],
						"0.5833": [0, 0.3, 0],
						"1.0": [0, 0, 0]
					}
				},
				"legl24": {
					"rotation": {
						"0.0": [0, 0, 0],
						"0.4583": [-14.60529, -13.41716, 11.12783],
						"0.75": [-1.55468, -9.81581, 21.85675],
						"1.0": [0, 0, 0]
					},
					"position": {
						"0.0": [0, 0, 0],
						"0.4583": [0.2, 0.4, -0.3],
						"0.75": [0.2, -0.1, 0.2],
						"1.0": [0, 0, 0]
					}
				},
				"Rotatehang": {
					"rotation": {
						"0.0": [0, 90, 0],
						"0.3333": [0, 90, -3],
						"0.6667": [0, 90, 2.5],
						"1.0": [0, 90, 0]
					},
					"position": {
						"0.0": [0, -9, 0],
						"0.3333": [0.7, -9, 0],
						"0.6667": [-0.5, -9, 0],
						"1.0": [0, -9, 0]
					}
				}
			}
		}
	}
}