{
	"format_version": "1.8.0",
	"animations": {
		"animation.longlegs.idle": {
			"animation_length": 0.95833,
			"bones": {
				"L4": {
					"rotation": {
						"0.0": {
							"vector": [-7.71924, -14.40437, 0.6492]
						},
						"0.4583": {
							"vector": [-10.07041, -12.11142, 7.66941]
						},
						"0.9583": {
							"vector": [-7.72, -14.4, 0.65]
						}
					}
				},
				"R4": {
					"rotation": {
						"0.0": {
							"vector": [-6.49757, 14.7775, -2.90864]
						},
						"0.4583": {
							"vector": [-9.49757, 14.7775, -2.90864]
						},
						"0.9583": {
							"vector": [-6.49757, 14.7775, -2.90864]
						}
					}
				},
				"longlegs": {
					"position": {
						"0.0": {
							"vector": [0, 0, 0]
						},
						"0.5": {
							"vector": [0, 0.6, 0]
						},
						"0.9583": {
							"vector": [0, 0, 0]
						}
					}
				},
				"face": {
					"position": {
						"0.0": {
							"vector": [0, 0, 0]
						},
						"0.5": {
							"vector": [0, 0.3, 0]
						},
						"0.9583": {
							"vector": [0, 0, 0]
						}
					}
				},
				"L3": {
					"rotation": {
						"0.0": {
							"vector": [0, 0, 0]
						},
						"0.4583": {
							"vector": [0, 0, 7]
						},
						"0.9583": {
							"vector": [0, 0, 0]
						}
					}
				},
				"R3": {
					"rotation": {
						"0.0": {
							"vector": [0, 0, 0]
						},
						"0.4583": {
							"vector": [0, 0, -4]
						},
						"0.9583": {
							"vector": [0, 0, 0]
						}
					}
				},
				"L2": {
					"rotation": {
						"0.0": {
							"vector": [0, 0, 0]
						},
						"0.4583": {
							"vector": [0, 0, 7]
						},
						"0.9583": {
							"vector": [0, 0, 0]
						}
					}
				},
				"R2": {
					"rotation": {
						"0.0": {
							"vector": [0, 0, 0]
						},
						"0.4583": {
							"vector": [0, 0, -5]
						},
						"0.9583": {
							"vector": [0, 0, 0]
						}
					}
				},
				"L1": {
					"rotation": {
						"0.0": {
							"vector": [0, 0, 0]
						},
						"0.4583": {
							"vector": [9, 0, 0]
						},
						"0.9583": {
							"vector": [0, 0, 0]
						}
					}
				},
				"R1": {
					"rotation": {
						"0.0": {
							"vector": [0, 0, 0]
						},
						"0.5": {
							"vector": [0, 0, -7]
						},
						"0.9583": {
							"vector": [0, 0, 0]
						}
					}
				}
			}
		},
		"animation.longlegs.grab": {
			"animation_length": 0.95833,
			"bones": {
				"petapalps": {
					"rotation": {
						"0.0": {
							"vector": [-4, 0, 0]
						},
						"0.2083": {
							"vector": [-8.25707, -1.03945, 0.4309]
						},
						"0.625": {
							"vector": [-6.98171, 1.01515, 0.3484]
						},
						"0.8333": {
							"vector": [-8, -1, 0]
						},
						"0.9583": {
							"vector": [-4, 0, 0]
						}
					},
					"position": {
						"0.0": {
							"vector": [0, 0.2, -0.2]
						},
						"0.2083": {
							"vector": [0, 0.5, -0.4]
						},
						"0.625": {
							"vector": [0, 0.42, -0.38]
						},
						"0.8333": {
							"vector": [0, 0.46, -0.44]
						},
						"0.9583": {
							"vector": [0, 0.2, -0.2]
						}
					}
				},
				"L4": {
					"rotation": {
						"0.0": {
							"vector": [-7.71924, -14.40437, 0.6492]
						},
						"0.375": {
							"vector": [-9.71924, -14.40437, 0.6492]
						},
						"0.9583": {
							"vector": [-7.71924, -14.40437, 0.6492]
						}
					}
				},
				"R4": {
					"rotation": {
						"0.0": {
							"vector": [-6.49757, 14.7775, -2.90864]
						},
						"0.375": {
							"vector": [-9.49757, 14.7775, -2.90864]
						},
						"0.9583": {
							"vector": [-6.49757, 14.7775, -2.90864]
						}
					}
				},
				"frontbody": {
					"rotation": {
						"0.0": {
							"vector": [0, 0, 0]
						},
						"0.4167": {
							"vector": [1, 0, 0]
						},
						"0.9583": {
							"vector": [0, 0, 0]
						}
					}
				},
				"mainabdomen": {
					"position": {
						"0.0": {
							"vector": [0, 0, 0]
						},
						"0.25": {
							"vector": [0, 0.1, 0.2]
						},
						"0.9583": {
							"vector": [0, 0, 0]
						}
					},
					"scale": {
						"0.0": {
							"vector": [1, 1, 1]
						},
						"0.4167": {
							"vector": [1, 0.95, 1.12]
						},
						"0.9583": {
							"vector": [1, 1, 1]
						}
					}
				},
				"longlegs": {
					"rotation": {
						"0.0": {
							"vector": [-90, 0, 0]
						},
						"0.9583": {
							"vector": [-90, 0, 0]
						}
					},
					"position": {
						"0.0": {
							"vector": [0, 4, -3.3]
						},
						"0.9583": {
							"vector": [0, 4, -3.3]
						}
					}
				},
				"L3": {
					"rotation": {
						"0.0": {
							"vector": [0, 0, 0]
						},
						"0.375": {
							"vector": [0, 0, 7]
						},
						"0.9583": {
							"vector": [0, 0, 0]
						}
					}
				},
				"R3": {
					"rotation": {
						"0.0": {
							"vector": [0, 0, 0]
						},
						"0.375": {
							"vector": [0, 0, -4]
						},
						"0.9583": {
							"vector": [0, 0, 0]
						}
					}
				},
				"L2": {
					"rotation": {
						"0.0": {
							"vector": [0, 0, 0]
						},
						"0.375": {
							"vector": [0, 0, 12]
						},
						"0.9583": {
							"vector": [0, 0, 0]
						}
					}
				},
				"R2": {
					"rotation": {
						"0.0": {
							"vector": [0, 0, 0]
						},
						"0.375": {
							"vector": [0, 0, -4]
						},
						"0.9583": {
							"vector": [0, 0, 0]
						}
					}
				},
				"L1": {
					"rotation": {
						"0.0": {
							"vector": [0, 0, 0]
						},
						"0.375": {
							"vector": [5.00683, -2.98857, -0.2617]
						},
						"0.9583": {
							"vector": [0, 0, 0]
						}
					},
					"position": {
						"0.0": {
							"vector": [0, 0, 0]
						},
						"0.375": {
							"vector": [0, -0.2, 0]
						},
						"0.9583": {
							"vector": [0, 0, 0]
						}
					}
				},
				"R1": {
					"rotation": {
						"0.0": {
							"vector": [0, 0, 0]
						},
						"0.375": {
							"vector": [-2.02198, 2.8688, -0.87785]
						},
						"0.9583": {
							"vector": [0, 0, 0]
						}
					}
				}
			}
		},
		"animation.longlegs.death": {
			"animation_length": 0.95833,
			"bones": {
				"petapalps": {
					"rotation": {
						"0.0": {
							"vector": [-4, 0, 0]
						},
						"0.125": {
							"vector": [-7.5, 0, 0]
						},
						"0.2083": {
							"vector": [-8.25707, -1.03945, 0.4309]
						},
						"0.625": {
							"vector": [-6.98171, 1.01515, 0.3484]
						},
						"0.8333": {
							"vector": [-8, -1, 0]
						},
						"0.9583": {
							"vector": [-4, 0, 0]
						}
					},
					"position": {
						"0.0": {
							"vector": [0, 0.4, -0.1]
						},
						"0.125": {
							"vector": [0, 0.6, -0.3]
						},
						"0.2083": {
							"vector": [0, 0.74, -0.4]
						},
						"0.625": {
							"vector": [0, 0.53, -0.28]
						},
						"0.8333": {
							"vector": [0, 0.5, -0.51]
						},
						"0.9583": {
							"vector": [0, 0.4, -0.1]
						}
					}
				},
				"L4": {
					"rotation": {
						"0.0": {
							"vector": [-7.71924, -14.40437, 0.6492]
						},
						"0.375": {
							"vector": [-9.71924, -14.40437, 0.6492]
						},
						"0.9583": {
							"vector": [-7.71924, -14.40437, 0.6492]
						}
					}
				},
				"R4": {
					"rotation": {
						"0.0": {
							"vector": [-6.49757, 14.7775, -2.90864]
						},
						"0.375": {
							"vector": [-9.49757, 14.7775, -2.90864]
						},
						"0.9583": {
							"vector": [-6.49757, 14.7775, -2.90864]
						}
					}
				},
				"frontbody": {
					"rotation": {
						"0.0": {
							"vector": [0, 0, 0]
						},
						"0.4167": {
							"vector": [1, 0, 0]
						},
						"0.9583": {
							"vector": [0, 0, 0]
						}
					}
				},
				"mainabdomen": {
					"scale": {
						"0.0": {
							"vector": [1, 1, 1]
						},
						"0.4167": {
							"vector": [1, 0.95, 1.12]
						},
						"0.9583": {
							"vector": [1, 1, 1]
						}
					}
				},
				"longlegs": {
					"rotation": {
						"0.0": {
							"vector": [-182.5, 0, 0]
						},
						"0.9583": {
							"vector": [-182.5, 0, 0]
						}
					},
					"position": {
						"0.0": {
							"vector": [0, 5.4, 0]
						},
						"0.3333": {
							"vector": [0, 5.8, 0]
						},
						"0.9583": {
							"vector": [0, 5.4, 0]
						}
					}
				},
				"L3": {
					"rotation": {
						"0.0": {
							"vector": [0, 0, 0]
						},
						"0.375": {
							"vector": [0, 0, 7]
						},
						"0.9583": {
							"vector": [0, 0, 0]
						}
					}
				},
				"R3": {
					"rotation": {
						"0.0": {
							"vector": [0, 0, 0]
						},
						"0.375": {
							"vector": [0, 0, -4]
						},
						"0.9583": {
							"vector": [0, 0, 0]
						}
					}
				},
				"L2": {
					"rotation": {
						"0.0": {
							"vector": [0, 0, 0]
						},
						"0.375": {
							"vector": [0, 0, 12]
						},
						"0.9583": {
							"vector": [0, 0, 0]
						}
					}
				},
				"R2": {
					"rotation": {
						"0.0": {
							"vector": [0, 0, 0]
						},
						"0.375": {
							"vector": [0, 0, -4]
						},
						"0.9583": {
							"vector": [0, 0, 0]
						}
					}
				},
				"L1": {
					"rotation": {
						"0.0": {
							"vector": [0, 0, 0]
						},
						"0.375": {
							"vector": [5.00683, -2.98857, -0.2617]
						},
						"0.9583": {
							"vector": [0, 0, 0]
						}
					}
				},
				"R1": {
					"rotation": {
						"0.0": {
							"vector": [0, 0, 0]
						},
						"0.375": {
							"vector": [-2.02198, 2.8688, -0.87785]
						},
						"0.9583": {
							"vector": [0, 0, 0]
						}
					}
				}
			}
		},
		"animation.longlegs.scurrying": {
			"animation_length": 1,
			"bones": {
				"longlegs": {
					"rotation": {
						"0.0": {
							"vector": [3, 0, 0]
						},
						"0.7917": {
							"vector": [5, 0, 0]
						},
						"1.0": {
							"vector": [3, 0, 0]
						}
					}
				},
				"face": {
					"rotation": {
						"0.0": {
							"vector": [-2, 0, 0]
						},
						"0.2917": {
							"vector": [-2.00069, 1.49909, -0.05236]
						},
						"0.5": {
							"vector": [-5, 0, 0]
						},
						"0.7917": {
							"vector": [-6.00363, -1.98904, 0.20914]
						},
						"1.0": {
							"vector": [-2, 0, 0]
						}
					},
					"position": {
						"0.0": {
							"vector": [0, 0, 0]
						},
						"0.4583": {
							"vector": [0, 0.3, 0]
						},
						"1.0": {
							"vector": [0, 0, 0]
						}
					},
					"scale": {
						"0.0": {
							"vector": [1, 1, 1]
						},
						"0.5": {
							"vector": [1.22, 1, 0.96]
						},
						"1.0": {
							"vector": [1, 1, 1]
						}
					}
				},
				"L4": {
					"rotation": {
						"0.0": {
							"vector": [0, 0, 0]
						},
						"0.3333": {
							"vector": [0.68534, 23.09929, -16.08204]
						},
						"0.5833": {
							"vector": [-15.97181, 13.98162, -3.9023]
						},
						"0.7917": {
							"vector": [-17.70093, 2.83496, -8.17405]
						},
						"1.0": {
							"vector": [0, 0, 0]
						}
					}
				},
				"L3": {
					"rotation": {
						"0.0": {
							"vector": [0, 19, -17.5]
						},
						"0.1667": {
							"vector": [5.88572, 27.81373, -1.70815]
						},
						"0.5833": {
							"vector": [2.39552, 7.45624, -0.8738]
						},
						"0.875": {
							"vector": [0, 0, 0]
						},
						"1.0": {
							"vector": [0, 19, -17.5]
						}
					}
				},
				"R3": {
					"rotation": {
						"0.0": {
							"vector": [0, 15, 0]
						},
						"0.3333": {
							"vector": [3.34071, -6.15009, 11.67581]
						},
						"0.5417": {
							"vector": [3.57506, -12.86473, 0.62151]
						},
						"0.9167": {
							"vector": [5.02451, -2.86949, -5.68285]
						},
						"1.0": {
							"vector": [0, 15, 0]
						}
					},
					"position": {
						"0.0": {
							"vector": [-0.2, 0, 0.1]
						},
						"0.5": {
							"vector": [0, 0, 0.1]
						},
						"0.9167": {
							"vector": [0.03, 0, 0.1]
						},
						"1.0": {
							"vector": [-0.2, 0, 0.1]
						}
					}
				},
				"L2": {
					"rotation": {
						"0.0": {
							"vector": [0, 0, 0]
						},
						"0.3333": {
							"vector": [0, 16, -11]
						},
						"0.5": {
							"vector": [2.95493, 21.68731, -1.00815]
						},
						"0.5417": {
							"vector": [2.04617, 20.17162, -3.55488]
						},
						"0.8333": {
							"vector": [4.07736, 8.60629, 0.25817]
						},
						"1.0": {
							"vector": [0, 0, 0]
						}
					}
				},
				"R2": {
					"rotation": {
						"0.0": {
							"vector": [0, -12, 0]
						},
						"0.3333": {
							"vector": [0, 3.5, -4]
						},
						"0.6667": {
							"vector": [-2.53726, -14.59224, 10.73416]
						},
						"0.8333": {
							"vector": [-2.28808, -23.79791, 13.3549]
						},
						"1.0": {
							"vector": [0, -12, 0]
						}
					}
				},
				"L1": {
					"rotation": {
						"0.0": {
							"vector": [-13.51785, 2.91704, -0.70094]
						},
						"0.2083": {
							"vector": [3.98215, 2.91704, -0.70094]
						},
						"0.5833": {
							"vector": [4.13828, -16.03616, -2.04893]
						},
						"0.8333": {
							"vector": [-5.73986, -11.06173, -2.56859]
						},
						"1.0": {
							"vector": [-13.51785, 2.91704, -0.70094]
						}
					},
					"position": {
						"0.0": {
							"vector": [0, 0, 0]
						},
						"0.625": {
							"vector": [0.5, 0, 0.5]
						},
						"1.0": {
							"vector": [0, 0, 0]
						}
					}
				},
				"R1": {
					"rotation": {
						"0.0": {
							"vector": [-9.82279, 14.03768, -0.65463]
						},
						"0.375": {
							"vector": [-7.5, -2.5, 0]
						},
						"0.5833": {
							"vector": [2.49999, 2.49525, 0.21803]
						},
						"0.9167": {
							"vector": [-4.82279, 14.03768, -0.65463]
						},
						"1.0": {
							"vector": [-9.82279, 14.03768, -0.65463]
						}
					},
					"position": {
						"0.0": {
							"vector": [-0.2, 0, 0]
						},
						"0.4167": {
							"vector": [-0.25, 0.4, -0.25]
						},
						"0.7917": {
							"vector": [-0.3, 0, 0.2]
						},
						"1.0": {
							"vector": [-0.2, 0, 0]
						}
					}
				},
				"R4": {
					"rotation": {
						"0.0": {
							"vector": [3, -18, 0]
						},
						"0.25": {
							"vector": [-0.57498, -18.83396, 0.13321]
						},
						"0.5": {
							"vector": [-14.83332, -11.07026, -1.00386]
						},
						"0.6667": {
							"vector": [-4, 0, 0]
						},
						"1.0": {
							"vector": [3, -18, 0]
						}
					}
				}
			}
		}
	},
	"geckolib_format_version": 2
}