{
	"format_version": "1.8.0",
	"animations": {
		"animation.maggot.idle": {
			"loop": true,
			"animation_length": 1,
			"bones": {
				"FrontSegment": {
					"rotation": {
						"0.0": {
							"vector": [0, 34, 0]
						},
						"0.5": {
							"vector": [0, -19, 0]
						},
						"1.0": {
							"vector": [0, 34, 0]
						}
					},
					"position": {
						"0.0": {
							"vector": [-0.1, 0, 0.1]
						},
						"0.5": {
							"vector": [-0.9, 0, -0.4]
						},
						"1.0": {
							"vector": [-0.1, 0, 0.1]
						}
					},
					"scale": {
						"0.0": {
							"vector": [1, 1, 0.92]
						},
						"0.5": {
							"vector": [0.92, 1, 1]
						},
						"1.0": {
							"vector": [1, 1, 0.92]
						}
					}
				},
				"MidFrontSegment": {
					"rotation": {
						"0.0": {
							"vector": [0, 24, 0]
						},
						"0.5": {
							"vector": [0, -13, 0]
						},
						"1.0": {
							"vector": [0, 24, 0]
						}
					},
					"position": {
						"0.0": {
							"vector": [-0.2, 0, -0.4]
						},
						"0.5": {
							"vector": [-0.3, 0, -0.1]
						},
						"1.0": {
							"vector": [-0.2, 0, -0.4]
						}
					},
					"scale": {
						"0.0": {
							"vector": [1, 1, 1]
						},
						"0.5": {
							"vector": [0.73, 1, 0.85]
						},
						"1.0": {
							"vector": [1, 1, 1]
						}
					}
				},
				"MidBackSegment": {
					"rotation": {
						"0.0": {
							"vector": [0, 2, 0]
						},
						"0.5": {
							"vector": [0, 7, 0]
						},
						"1.0": {
							"vector": [0, 2, 0]
						}
					},
					"position": {
						"0.0": {
							"vector": [0.1, 0, -0.3]
						},
						"0.5": {
							"vector": [0, 0, -0.3]
						},
						"1.0": {
							"vector": [0.1, 0, -0.3]
						}
					},
					"scale": {
						"0.0": {
							"vector": [1, 1, 1]
						},
						"0.5": {
							"vector": [0.8, 1, 0.92]
						},
						"1.0": {
							"vector": [1, 1, 1]
						}
					}
				},
				"BackSegment": {
					"rotation": {
						"0.0": {
							"vector": [0, -29, 0]
						},
						"0.5": {
							"vector": [0, 24, 0]
						},
						"1.0": {
							"vector": [0, -29, 0]
						}
					},
					"position": {
						"0.0": {
							"vector": [0.4, 0, -0.5]
						},
						"0.5": {
							"vector": [1.1, 0, 0.2]
						},
						"1.0": {
							"vector": [0.4, 0, -0.5]
						}
					},
					"scale": {
						"0.0": {
							"vector": [1, 1, 1]
						},
						"0.5": {
							"vector": [0.8, 1, 1]
						},
						"1.0": {
							"vector": [1, 1, 1]
						}
					}
				},
				"InnerSegment": {
					"rotation": {
						"0.0": {
							"vector": [0, 11, 0]
						},
						"0.5": {
							"vector": [0, -8, 0]
						},
						"1.0": {
							"vector": [0, 11, 0]
						}
					},
					"position": {
						"0.0": {
							"vector": [0, 0, -0.6]
						},
						"0.5": {
							"vector": [0, 0, 0.1]
						},
						"1.0": {
							"vector": [0, 0, -0.6]
						}
					},
					"scale": {
						"0.0": {
							"vector": [0.63, 0.9, 0.81]
						},
						"0.5": {
							"vector": [0.67, 0.91, 1]
						},
						"1.0": {
							"vector": [0.63, 0.9, 0.81]
						}
					}
				}
			}
		}
	},
	"geckolib_format_version": 2
}