{
	"format_version": "1.8.0",
	"animations": {
		"animation.spider_moth_dweller.staring": {
			"animation_length": 1.4167,
			"bones": {
				"torso": {
					"position": {
						"vector": [0, 4, 0]
					},
					"scale": {
						"0.0": {
							"vector": [1, 1, 1]
						},
						"0.7083": {
							"vector": [1, 1, 1.02]
						},
						"1.4167": {
							"vector": [1, 1, 1]
						}
					}
				},
				"rwing": {
					"rotation": {
						"0.0": {
							"vector": [0, 0, 1]
						},
						"0.7083": {
							"vector": [7.76796, -3.1956, 2.0402]
						},
						"0.9583": {
							"vector": [4.65732, -8.99943, 8.22103]
						},
						"1.4167": {
							"vector": [0, 0, 0]
						}
					},
					"position": {
						"0.0": {
							"vector": [0, 0.2, -0.6]
						},
						"0.7083": {
							"vector": [0, 0, 0]
						},
						"0.9583": {
							"vector": [0, 0.27, -0.21]
						},
						"1.4167": {
							"vector": [0, 0.2, -0.6]
						}
					}
				},
				"lwing": {
					"rotation": {
						"0.0": {
							"vector": [0, 0, 0]
						},
						"0.7083": {
							"vector": [7.89397, -1.7717, -3.83889]
						},
						"0.9583": {
							"vector": [6.10857, 5.66407, -9.8288]
						},
						"1.4167": {
							"vector": [0, 0, 0]
						}
					},
					"position": {
						"0.0": {
							"vector": [0, 0.4, -0.9]
						},
						"0.9583": {
							"vector": [0, 0.4, -0.6]
						},
						"1.4167": {
							"vector": [0, 0.4, -0.9]
						}
					}
				},
				"fill": {
					"scale": {
						"vector": [1, 0.96, 1]
					}
				}
			}
		},
		"animation.spider_moth_dweller.flying": {
			"animation_length": 1,
			"bones": {
				"torso": {
					"rotation": {
						"0.0": {
							"vector": [30, 0, 0]
						},
						"0.2083": {
							"vector": [32.5, 0, 0]
						},
						"0.4167": {
							"vector": [31.39, 0, 0]
						},
						"1.0": {
							"vector": [30, 0, 0]
						}
					},
					"position": {
						"0.0": {
							"vector": [0, -16, -1]
						},
						"0.2083": {
							"vector": [0, -19, -1]
						},
						"0.4167": {
							"vector": [0, -19, -1.8]
						},
						"0.5833": {
							"vector": [0, -17, -1]
						},
						"1.0": {
							"vector": [0, -16, -1]
						}
					},
					"scale": {
						"0.0": {
							"vector": [0.8, 1.1, 1]
						},
						"0.4167": {
							"vector": [0.8, 1.1, 1.2]
						},
						"0.5833": {
							"vector": [0.8, 1.1, 1.1]
						},
						"1.0": {
							"vector": [0.8, 1.1, 1]
						}
					}
				},
				"rwing": {
					"rotation": {
						"0.0": {
							"vector": [53.99234, 35.10256, 70.42061]
						},
						"0.0833": {
							"vector": [64.99577, -11.87687, -65.7916]
						},
						"0.1667": {
							"vector": [53.99234, 35.10256, 70.42061]
						},
						"0.25": {
							"vector": [64.99577, -11.87687, -65.7916]
						},
						"0.3333": {
							"vector": [53.47812, -12.3081, 67.37707]
						},
						"0.4167": {
							"vector": [64.99577, -11.87687, -65.7916]
						},
						"0.5": {
							"vector": [53.99234, 35.10256, 70.42061]
						},
						"0.5833": {
							"vector": [64.99577, -11.87687, -65.7916]
						},
						"0.6667": {
							"vector": [53.47812, -12.3081, 67.37707]
						},
						"0.75": {
							"vector": [64.99577, -11.87687, -65.7916]
						},
						"0.8333": {
							"vector": [53.99234, 35.10256, 70.42061]
						},
						"0.9167": {
							"vector": [64.99577, -11.87687, -65.7916]
						},
						"1.0": {
							"vector": [53.47812, -12.3081, 67.37707]
						}
					},
					"position": {
						"0.0": {
							"vector": [0, -11, -5]
						},
						"0.4583": {
							"vector": [0, -11.93, -4.93]
						},
						"1.0": {
							"vector": [0, -11, -5]
						}
					}
				},
				"lwing": {
					"rotation": {
						"0.0": {
							"vector": [55.92224, -35.94218, -76.28581]
						},
						"0.0833": {
							"vector": [59.2534, 10.10209, 57.92434]
						},
						"0.1667": {
							"vector": [55.92224, -35.94218, -76.28581]
						},
						"0.25": {
							"vector": [59.2534, 10.10209, 57.92434]
						},
						"0.3333": {
							"vector": [54.66433, 8.88738, -72.07571]
						},
						"0.4167": {
							"vector": [59.2534, 10.10209, 57.92434]
						},
						"0.5": {
							"vector": [55.92224, -35.94218, -76.28581]
						},
						"0.5833": {
							"vector": [59.2534, 10.10209, 57.92434]
						},
						"0.6667": {
							"vector": [54.66433, 8.88738, -72.07571]
						},
						"0.75": {
							"vector": [59.2534, 10.10209, 57.92434]
						},
						"0.8333": {
							"vector": [55.92224, -35.94218, -76.28581]
						},
						"0.9167": {
							"vector": [59.2534, 10.10209, 57.92434]
						},
						"1.0": {
							"vector": [54.66433, 8.88738, -72.07571]
						}
					},
					"position": {
						"0.0": {
							"vector": [0, -11, -5.8]
						},
						"0.4583": {
							"vector": [0, -12, -5.6]
						},
						"1.0": {
							"vector": [0, -11, -5.8]
						}
					}
				},
				"rleg": {
					"rotation": {
						"0.0": {
							"vector": [19.56283, 7.35559, -6.79333]
						},
						"0.5": {
							"vector": [22.06283, 7.35559, -6.79333]
						},
						"1.0": {
							"vector": [19.56283, 7.35559, -6.79333]
						}
					},
					"position": {
						"0.0": {
							"vector": [1, -3, -2]
						},
						"0.5": {
							"vector": [2, -2, -2]
						},
						"1.0": {
							"vector": [1, -3, -2]
						}
					},
					"scale": {
						"vector": [1, 0.8, 1]
					}
				},
				"lleg": {
					"rotation": {
						"0.0": {
							"vector": [14.12186, -0.32556, -0.77687]
						},
						"0.5417": {
							"vector": [41.68033, 7.87422, 21.56698]
						},
						"1.0": {
							"vector": [14.12186, -0.32556, -0.77687]
						}
					},
					"position": {
						"0.0": {
							"vector": [0, -6, 0]
						},
						"0.5417": {
							"vector": [0, -4, -1]
						},
						"1.0": {
							"vector": [0, -6, 0]
						}
					},
					"scale": {
						"vector": [1, 0.7, 0.9]
					}
				},
				"head": {
					"rotation": {
						"0.0": {
							"vector": [12.5, 0, 0]
						},
						"0.2917": {
							"vector": [0, 0, 0]
						},
						"0.7083": {
							"vector": [-0.15, 0, 0]
						},
						"1.0": {
							"vector": [12.5, 0, 0]
						}
					},
					"position": {
						"0.0": {
							"vector": [0, -13, -8]
						},
						"0.2917": {
							"vector": [0, -14, -8]
						},
						"1.0": {
							"vector": [0, -13, -8]
						}
					}
				},
				"larm": {
					"rotation": {
						"0.0": {
							"vector": [-22.5, 0, 0]
						},
						"0.2083": {
							"vector": [-26.47871, -0.11299, 1.11015]
						},
						"0.5417": {
							"vector": [-32.08897, -5.71617, -8.21888]
						},
						"0.7917": {
							"vector": [-29.58499, -9.83594, 2.69941]
						},
						"1.0": {
							"vector": [-22.5, 0, 0]
						}
					},
					"position": {
						"0.0": {
							"vector": [0, -12, 0]
						},
						"0.5417": {
							"vector": [0, -13, 0]
						},
						"1.0": {
							"vector": [0, -12, 0]
						}
					}
				},
				"larmstwo": {
					"rotation": {
						"0.0": {
							"vector": [0, 0, 2.5]
						},
						"0.375": {
							"vector": [5, 0, -5]
						},
						"0.6667": {
							"vector": [4.93851, 17.98209, 4.15579]
						},
						"1.0": {
							"vector": [0, 0, 2.5]
						}
					},
					"position": {
						"0.0": {
							"vector": [-2, -11, 0]
						},
						"0.6667": {
							"vector": [-2, -11, -1]
						},
						"1.0": {
							"vector": [-2, -11, 0]
						}
					},
					"scale": {
						"0.0": {
							"vector": [1, 0.9, 1]
						},
						"0.5833": {
							"vector": [1, 0.8, 1]
						},
						"1.0": {
							"vector": [1, 0.9, 1]
						}
					}
				},
				"larmsthree": {
					"rotation": {
						"0.0": {
							"vector": [-15.78879, -9.27217, 26.76507]
						},
						"0.4167": {
							"vector": [-22.11931, 8.01435, 33.20244]
						},
						"1.0": {
							"vector": [-15.78879, -9.27217, 26.76507]
						}
					},
					"position": {
						"0.0": {
							"vector": [-1, -14, -3]
						},
						"0.4167": {
							"vector": [-1, -13, -2]
						},
						"1.0": {
							"vector": [-1, -14, -3]
						}
					},
					"scale": {
						"0.0": {
							"vector": [1, 0.7, 1]
						},
						"0.4167": {
							"vector": [1, 0.7, 1]
						},
						"1.0": {
							"vector": [1, 0.7, 1]
						}
					}
				},
				"rarm": {
					"rotation": {
						"0.0": {
							"vector": [0, 0, 0]
						},
						"0.2083": {
							"vector": [-15.36925, -1.52344, 1.34637]
						},
						"0.4167": {
							"vector": [-13.99184, -14.19156, 12.54815]
						},
						"1.0": {
							"vector": [0, 0, 0]
						}
					},
					"position": {
						"0.0": {
							"vector": [0, -11.6, -3]
						},
						"0.4167": {
							"vector": [0, -11.5, -2]
						},
						"1.0": {
							"vector": [0, -11.6, -3]
						}
					}
				},
				"rarmstwo": {
					"rotation": {
						"0.0": {
							"vector": [0, 0, -12.5]
						},
						"0.4583": {
							"vector": [-1.02901, 6.61217, -1.2137]
						},
						"1.0": {
							"vector": [0, 0, -12.5]
						}
					},
					"position": {
						"0.0": {
							"vector": [1, -10.8, 0]
						},
						"0.4583": {
							"vector": [1, -11, 0]
						},
						"1.0": {
							"vector": [1, -10.8, 0]
						}
					},
					"scale": {
						"0.0": {
							"vector": [1, 0.8, 1]
						},
						"0.3333": {
							"vector": [1, 0.7, 1]
						},
						"1.0": {
							"vector": [1, 0.8, 1]
						}
					}
				},
				"rarmsthree": {
					"rotation": {
						"0.0": {
							"vector": [-31.339, -0.40924, -2.72585]
						},
						"0.2083": {
							"vector": [-38.84435, 7.08296, -7.54493]
						},
						"0.625": {
							"vector": [-40.08555, 2.19878, 3.836]
						},
						"1.0": {
							"vector": [-31.339, -0.40924, -2.72585]
						}
					},
					"position": {
						"0.0": {
							"vector": [1, -12, -1]
						},
						"1.0": {
							"vector": [1, -12, -1]
						}
					},
					"scale": {
						"0.0": {
							"vector": [1, 0.7, 1]
						},
						"1.0": {
							"vector": [1, 0.7, 1]
						}
					}
				},
				"torsodouble": {
					"position": {
						"vector": [0, 0, -1.1]
					}
				}
			}
		},
		"animation.spider_moth_dweller.walking": {
			"animation_length": 1.375,
			"bones": {
				"larm": {
					"rotation": {
						"0.0": {
							"vector": [0, 0, 0]
						},
						"0.4583": {
							"vector": [-39.89247, -3.21154, -3.83424]
						},
						"1.0417": {
							"vector": [-30.24525, -6.2987, 8.29827]
						},
						"1.375": {
							"vector": [0, 0, 0]
						}
					}
				},
				"rwing": {
					"rotation": {
						"0.0": {
							"vector": [0, 0, 0]
						},
						"0.0417": {
							"vector": [-1.21095, -45.95483, 1.67491]
						},
						"0.0833": {
							"vector": [0, 0, 0]
						},
						"0.125": {
							"vector": [-0.36584, -45.32222, 0.5286]
						},
						"0.1667": {
							"vector": [2.9104, 13.40263, 2.5966]
						},
						"0.2083": {
							"vector": [2.64134, -49.74614, -3.37147]
						},
						"0.25": {
							"vector": [2.59233, 14.76109, 1.09465]
						},
						"0.2917": {
							"vector": [-0.40239, -50.30645, 0.16491]
						},
						"0.3333": {
							"vector": [2.73637, 17.58157, 0.97209]
						},
						"0.375": {
							"vector": [3.77587, -52.61589, -5.52057]
						},
						"0.4167": {
							"vector": [2.59233, 14.76109, 1.09465]
						},
						"0.4583": {
							"vector": [1.31673, -50.41429, -2.13142]
						},
						"0.5": {
							"vector": [2.41892, 15.43714, 0.33766]
						},
						"0.5417": {
							"vector": [-0.63676, -48.13749, 0.93628]
						},
						"0.5833": {
							"vector": [3.74129, 15.98943, 6.51015]
						},
						"0.625": {
							"vector": [1.27018, -55.70705, -3.37626]
						},
						"0.6667": {
							"vector": [3.05525, 12.72047, 3.34202]
						},
						"0.7083": {
							"vector": [3.96603, -50.83731, -5.04901]
						},
						"0.75": {
							"vector": [11.17115, 5.53565, 5.54371]
						},
						"0.7917": {
							"vector": [-2.33673, -53.23501, -4.15874]
						},
						"0.8333": {
							"vector": [10.59233, 14.76109, 1.09465]
						},
						"0.875": {
							"vector": [4.54927, -52.60377, -5.61692]
						},
						"0.9167": {
							"vector": [18.25064, 16.19509, 5.66387]
						},
						"0.9583": {
							"vector": [-4.29693, -62.09939, 1.75016]
						},
						"1.0": {
							"vector": [13.31698, 11.35091, 4.82286]
						},
						"1.0417": {
							"vector": [-5.55468, -60.58913, 4.24154]
						},
						"1.0833": {
							"vector": [13.9104, 13.40263, 2.5966]
						},
						"1.125": {
							"vector": [-1.16419, -50.94842, 1.4103]
						},
						"1.1667": {
							"vector": [10.54743, 13.41453, 1.12326]
						},
						"1.2083": {
							"vector": [-0.93817, -57.35326, 1.30473]
						},
						"1.25": {
							"vector": [13.4077, 13.12904, 11.67092]
						},
						"1.2917": {
							"vector": [-7.53303, -62.55753, 6.70341]
						},
						"1.3333": {
							"vector": [13.38539, 16.95083, 5.3656]
						},
						"1.375": {
							"vector": [0, 0, 0]
						}
					}
				},
				"lwing": {
					"rotation": {
						"0.0": {
							"vector": [0, 0, 0]
						},
						"0.0417": {
							"vector": [0, 55, 0]
						},
						"0.0833": {
							"vector": [11.62312, -17.00735, -3.52564]
						},
						"0.125": {
							"vector": [0, 55, 0]
						},
						"0.1667": {
							"vector": [11.62312, -17.00735, -3.52564]
						},
						"0.2083": {
							"vector": [0, 55, 0]
						},
						"0.25": {
							"vector": [11.62312, -17.00735, -3.52564]
						},
						"0.2917": {
							"vector": [0, 55, 0]
						},
						"0.3333": {
							"vector": [11.62312, -17.00735, -3.52564]
						},
						"0.375": {
							"vector": [0, 55, 0]
						},
						"0.4167": {
							"vector": [11.62312, -17.00735, -3.52564]
						},
						"0.4583": {
							"vector": [0, 55, 0]
						},
						"0.5": {
							"vector": [11.62312, -17.00735, -3.52564]
						},
						"0.5417": {
							"vector": [0, 55, 0]
						},
						"0.5833": {
							"vector": [11.62312, -17.00735, -3.52564]
						},
						"0.625": {
							"vector": [0, 55, 0]
						},
						"0.6667": {
							"vector": [11.62312, -17.00735, -3.52564]
						},
						"0.7083": {
							"vector": [0, 55, 0]
						},
						"0.75": {
							"vector": [11.62312, -17.00735, -3.52564]
						},
						"0.7917": {
							"vector": [0, 55, 0]
						},
						"0.8333": {
							"vector": [11.62312, -17.00735, -3.52564]
						},
						"0.875": {
							"vector": [0, 55, 0]
						},
						"0.9167": {
							"vector": [11.62312, -17.00735, -3.52564]
						},
						"0.9583": {
							"vector": [0, 55, 0]
						},
						"1.0": {
							"vector": [11.62312, -17.00735, -3.52564]
						},
						"1.0417": {
							"vector": [0, 55, 0]
						},
						"1.0833": {
							"vector": [11.62312, -17.00735, -3.52564]
						},
						"1.125": {
							"vector": [0, 55, 0]
						},
						"1.1667": {
							"vector": [11.62312, -17.00735, -3.52564]
						},
						"1.2083": {
							"vector": [0, 55, 0]
						},
						"1.25": {
							"vector": [11.62312, -17.00735, -3.52564]
						},
						"1.2917": {
							"vector": [0, 55, 0]
						},
						"1.3333": {
							"vector": [11.62312, -17.00735, -3.52564]
						},
						"1.375": {
							"vector": [0, 55, 0]
						}
					}
				},
				"torso": {
					"rotation": {
						"0.0": {
							"vector": [12.5, 0, 0]
						},
						"0.125": {
							"vector": [32.5, 0, 0]
						},
						"0.2917": {
							"vector": [17.5, 0, 0]
						},
						"0.5": {
							"vector": [22.5, 0, 0]
						},
						"0.6667": {
							"vector": [27.5, 0, 0]
						},
						"0.8333": {
							"vector": [22.5, 0, 0]
						},
						"1.0": {
							"vector": [17.5, 0, 0]
						},
						"1.1667": {
							"vector": [32.5, 0, 0]
						},
						"1.375": {
							"vector": [12.5, 0, 0]
						}
					},
					"position": {
						"0.0": {
							"vector": [0, 0, 0]
						},
						"0.125": {
							"vector": [0, -4, 4]
						},
						"0.2917": {
							"vector": [0, -2, -1]
						},
						"0.5": {
							"vector": [0, -1, 3]
						},
						"0.6667": {
							"vector": [0, -1, 4]
						},
						"0.8333": {
							"vector": [0, -1, 5]
						},
						"1.0": {
							"vector": [0, -3, 1]
						},
						"1.1667": {
							"vector": [0, -4, 4]
						},
						"1.375": {
							"vector": [0, 0, 0]
						}
					},
					"scale": {
						"0.0": {
							"vector": [1, 1, 1.1]
						},
						"0.125": {
							"vector": [1, 1, 1]
						},
						"0.2917": {
							"vector": [1, 1, 1.2]
						},
						"0.5": {
							"vector": [1, 1, 0.9]
						},
						"0.6667": {
							"vector": [1, 1, 0.7]
						},
						"0.8333": {
							"vector": [1, 1, 0.9]
						},
						"1.0": {
							"vector": [1, 1, 1.2]
						},
						"1.1667": {
							"vector": [1, 1, 1]
						},
						"1.375": {
							"vector": [1, 1, 1.1]
						}
					}
				},
				"rleg": {
					"rotation": {
						"0.0": {
							"vector": [0, 0, 0]
						},
						"0.2917": {
							"vector": [17.73, 0, 0]
						},
						"0.375": {
							"vector": [21.37, 0, 0]
						},
						"0.4583": {
							"vector": [22.5, 0, 0]
						},
						"0.6667": {
							"vector": [22.5, 0, 0]
						},
						"0.875": {
							"vector": [15, 0, 0]
						},
						"1.0833": {
							"vector": [26.25, 0, 0]
						},
						"1.2083": {
							"vector": [7.5, 0, 0]
						},
						"1.25": {
							"vector": [10.62, 0, 0]
						},
						"1.375": {
							"vector": [0, 0, 0]
						}
					},
					"position": {
						"0.0": {
							"vector": [0, 0, 0]
						},
						"0.0833": {
							"vector": [0, 2.88, 1.09]
						},
						"0.125": {
							"vector": [0, 2.82, 1.64]
						},
						"0.2083": {
							"vector": [0, 3.87, 2.73]
						},
						"0.4583": {
							"vector": [0, 3, 6]
						},
						"0.875": {
							"vector": [0, 3, 4]
						},
						"1.0833": {
							"vector": [0, 5, 3.33]
						},
						"1.1667": {
							"vector": [0, 4.67, 2]
						},
						"1.2083": {
							"vector": [0, 2.99, 1.71]
						},
						"1.25": {
							"vector": [0, 3.24, 2.28]
						},
						"1.375": {
							"vector": [0, 0, 0]
						}
					},
					"scale": {
						"0.0": {
							"vector": [1, 1, 1]
						},
						"0.0833": {
							"vector": [1, 1.1, 1]
						}
					}
				},
				"lleg": {
					"rotation": {
						"0.0": {
							"vector": [0, 0, 0]
						},
						"0.375": {
							"vector": [9.91615, -1.29876, 7.38733]
						},
						"0.875": {
							"vector": [14.91615, -1.29876, 7.38733]
						},
						"1.2083": {
							"vector": [15.08353, -8.54391, 5.44032]
						},
						"1.375": {
							"vector": [0, 0, 0]
						}
					},
					"position": {
						"0.0": {
							"vector": [0, 1, 0]
						},
						"0.0833": {
							"vector": [0, 3.33, 0.45]
						},
						"0.125": {
							"vector": [0, 4.33, 1.67]
						},
						"0.2083": {
							"vector": [0, 3.33, 1.11]
						},
						"0.375": {
							"vector": [0, 2, 2]
						},
						"0.5417": {
							"vector": [0, 3.4, 2]
						},
						"1.1667": {
							"vector": [0, 5.96, 2]
						},
						"1.2083": {
							"vector": [0, 4, 2]
						},
						"1.25": {
							"vector": [0, 4.25, 1.5]
						},
						"1.375": {
							"vector": [0, 1, 0]
						}
					},
					"scale": {
						"0.0": {
							"vector": [1, 1, 1]
						},
						"0.0833": {
							"vector": [1, 1.1, 1]
						}
					}
				},
				"head": {
					"rotation": {
						"0.0": {
							"vector": [17.5, 0, 0]
						},
						"0.125": {
							"vector": [7.5, 0, 0]
						},
						"0.375": {
							"vector": [25, 0, 0]
						},
						"0.75": {
							"vector": [12.5, 0, 0]
						},
						"1.125": {
							"vector": [10, 0, 0]
						}
					}
				},
				"larmstwo": {
					"rotation": {
						"0.0": {
							"vector": [0, 0, 0]
						},
						"0.375": {
							"vector": [-66.39729, 47.29211, -13.94137]
						},
						"0.875": {
							"vector": [-51.30217, 88.7683, -1.19337]
						},
						"1.125": {
							"vector": [28.79719, 92.21765, 61.98148]
						},
						"1.375": {
							"vector": [0, 0, 0]
						}
					},
					"position": {
						"vector": [0, 0, 0]
					}
				},
				"larmsthree": {
					"rotation": {
						"0.0": {
							"vector": [0, 9, 0]
						},
						"0.4583": {
							"vector": [-45.44134, 69.63187, -16.40556]
						},
						"1.125": {
							"vector": [44.36202, 78.26069, 70.62122]
						},
						"1.375": {
							"vector": [0, 9, 0]
						}
					},
					"position": {
						"0.0": {
							"vector": [0, 0, 0]
						},
						"1.375": {
							"vector": [0, 0, 0]
						}
					}
				},
				"rarm": {
					"rotation": {
						"0.0": {
							"vector": [0, 0, 0]
						},
						"0.4583": {
							"vector": [-46.85932, 9.34335, 2.26935]
						},
						"0.6667": {
							"vector": [-31.00891, 23.82912, -7.42215]
						},
						"1.0": {
							"vector": [-37.52104, -0.28153, 6.3498]
						},
						"1.375": {
							"vector": [0, 0, 0]
						}
					}
				},
				"rarmstwo": {
					"rotation": {
						"0.0": {
							"vector": [0, 0, 0]
						},
						"0.4583": {
							"vector": [-89.85287, -38.19404, 69.57519]
						},
						"1.0": {
							"vector": [52.26911, -34.70644, -64.35196]
						},
						"1.25": {
							"vector": [47.86723, -16.46037, -39.18541]
						},
						"1.375": {
							"vector": [0, 0, 0]
						}
					},
					"position": {
						"vector": [0, 0, 0]
					}
				},
				"rarmsthree": {
					"rotation": {
						"0.0": {
							"vector": [0, 0, 0]
						},
						"0.375": {
							"vector": [-4.58193, 65.32025, 40.77763]
						},
						"0.75": {
							"vector": [11.82834, -13.41453, -6.92354]
						},
						"1.0417": {
							"vector": [-20.77505, 17.46877, 14.62868]
						},
						"1.375": {
							"vector": [0, 0, 0]
						}
					},
					"position": {
						"vector": [0, 0, 0]
					}
				},
				"FullBody": {
					"rotation": {
						"0.0": {
							"vector": [-6, 0, 0]
						},
						"1.375": {
							"vector": [-6, 0, 0]
						}
					},
					"position": {
						"0.0": {
							"vector": [0, 0.6, -3.6]
						},
						"0.625": {
							"vector": [0, 1, -7.1]
						},
						"1.375": {
							"vector": [0, 0.6, -3.6]
						}
					}
				},
				"wings": {
					"rotation": {
						"0.0": {
							"vector": [0, 0, 0]
						},
						"0.6667": {
							"vector": [13, 0, 0]
						},
						"1.375": {
							"vector": [0, 0, 0]
						}
					}
				},
				"rlegmain": {
					"rotation": {
						"0.0": {
							"vector": [3, 0, 0]
						},
						"0.7083": {
							"vector": [-23, 0, 0]
						},
						"1.0417": {
							"vector": [-4.82027, -1.75923, -14.25235]
						},
						"1.375": {
							"vector": [2.92325, 0.67456, -12.98279]
						}
					},
					"position": {
						"0.0": {
							"vector": [0, 0, -1]
						},
						"0.7083": {
							"vector": [0, 0, -3.1]
						},
						"1.0417": {
							"vector": [1.7, 0, -2.02]
						},
						"1.375": {
							"vector": [1, 0, -1]
						}
					},
					"scale": {
						"0.0": {
							"vector": [1, 1, 1]
						},
						"1.375": {
							"vector": [1, 1, 1]
						}
					}
				},
				"llegmain": {
					"rotation": {
						"0.0": {
							"vector": [-56.00302, -10.89784, 15.65938]
						},
						"0.6667": {
							"vector": [-13.42873, -1.39825, -5.83538]
						},
						"1.375": {
							"vector": [-56.00302, -10.89784, 15.65938]
						}
					},
					"position": {
						"0.0": {
							"vector": [-1.2, -0.3, -6.2]
						},
						"0.6667": {
							"vector": [0, -1.7, -1.5]
						},
						"1.375": {
							"vector": [-1.2, -0.3, -6.2]
						}
					},
					"scale": {
						"0.0": {
							"vector": [1, 1, 1]
						},
						"0.1667": {
							"vector": [1, 0.88, 1]
						},
						"1.375": {
							"vector": [1, 1, 1]
						}
					}
				},
				"fill": {
					"position": {
						"vector": [0, -3.9, 0]
					},
					"scale": {
						"vector": [1, 1, 0.75]
					}
				}
			}
		},
		"animation.spider_moth_dweller.stalking": {
			"animation_length": 1.375,
			"bones": {
				"larm": {
					"rotation": {
						"vector": [-55, 0, 0]
					}
				},
				"rwing": {
					"rotation": {
						"0.0": {
							"vector": [0, 0, 0]
						},
						"0.0417": {
							"vector": [2.00118, -43.35943, -2.75012]
						},
						"0.0833": {
							"vector": [0, 0, 0]
						},
						"0.125": {
							"vector": [2.00118, -43.35943, -2.75012]
						},
						"0.1667": {
							"vector": [1.40418, 18.78025, -3.5168]
						},
						"0.2083": {
							"vector": [2.00118, -43.35943, -2.75012]
						},
						"0.25": {
							"vector": [1.40418, 18.78025, -3.5168]
						},
						"0.2917": {
							"vector": [2.00118, -43.35943, -2.75012]
						},
						"0.3333": {
							"vector": [1.40418, 18.78025, -3.5168]
						},
						"0.375": {
							"vector": [2.00118, -43.35943, -2.75012]
						},
						"0.4167": {
							"vector": [1.40418, 18.78025, -3.5168]
						},
						"0.4583": {
							"vector": [2.00118, -43.35943, -2.75012]
						},
						"0.5": {
							"vector": [1.40418, 18.78025, -3.5168]
						},
						"0.5417": {
							"vector": [2.00118, -43.35943, -2.75012]
						},
						"0.5833": {
							"vector": [1.40418, 18.78025, -3.5168]
						},
						"0.625": {
							"vector": [2.00118, -43.35943, -2.75012]
						},
						"0.6667": {
							"vector": [1.40418, 18.78025, -3.5168]
						},
						"0.7083": {
							"vector": [2.00118, -43.35943, -2.75012]
						},
						"0.75": {
							"vector": [0, 0, 0]
						},
						"0.7917": {
							"vector": [2.00118, -43.35943, -2.75012]
						},
						"0.8333": {
							"vector": [1.40418, 18.78025, -3.5168]
						},
						"0.875": {
							"vector": [2.00118, -43.35943, -2.75012]
						},
						"0.9167": {
							"vector": [1.40418, 18.78025, -3.5168]
						},
						"0.9583": {
							"vector": [2.00118, -43.35943, -2.75012]
						},
						"1.0": {
							"vector": [1.40418, 18.78025, -3.5168]
						},
						"1.0417": {
							"vector": [2.00118, -43.35943, -2.75012]
						},
						"1.0833": {
							"vector": [1.40418, 18.78025, -3.5168]
						},
						"1.125": {
							"vector": [2.00118, -43.35943, -2.75012]
						},
						"1.1667": {
							"vector": [1.40418, 18.78025, -3.5168]
						},
						"1.2083": {
							"vector": [2.00118, -43.35943, -2.75012]
						},
						"1.25": {
							"vector": [1.40418, 18.78025, -3.5168]
						},
						"1.2917": {
							"vector": [2.00118, -43.35943, -2.75012]
						},
						"1.3333": {
							"vector": [1.40418, 18.78025, -3.5168]
						},
						"1.375": {
							"vector": [2.00118, -43.35943, -2.75012]
						}
					}
				},
				"lwing": {
					"rotation": {
						"0.0": {
							"vector": [0, 0, 0]
						},
						"0.0417": {
							"vector": [0, 55, 0]
						},
						"0.0833": {
							"vector": [11.62312, -17.00735, -3.52564]
						},
						"0.125": {
							"vector": [0, 55, 0]
						},
						"0.1667": {
							"vector": [11.62312, -17.00735, -3.52564]
						},
						"0.2083": {
							"vector": [0, 55, 0]
						},
						"0.25": {
							"vector": [11.62312, -17.00735, -3.52564]
						},
						"0.2917": {
							"vector": [0, 55, 0]
						},
						"0.3333": {
							"vector": [11.62312, -17.00735, -3.52564]
						},
						"0.375": {
							"vector": [0, 55, 0]
						},
						"0.4167": {
							"vector": [11.62312, -17.00735, -3.52564]
						},
						"0.4583": {
							"vector": [0, 55, 0]
						},
						"0.5": {
							"vector": [11.62312, -17.00735, -3.52564]
						},
						"0.5417": {
							"vector": [0, 55, 0]
						},
						"0.5833": {
							"vector": [11.62312, -17.00735, -3.52564]
						},
						"0.625": {
							"vector": [0, 55, 0]
						},
						"0.6667": {
							"vector": [11.62312, -17.00735, -3.52564]
						},
						"0.7083": {
							"vector": [0, 55, 0]
						},
						"0.75": {
							"vector": [11.62312, -17.00735, -3.52564]
						},
						"0.7917": {
							"vector": [0, 55, 0]
						},
						"0.8333": {
							"vector": [11.62312, -17.00735, -3.52564]
						},
						"0.875": {
							"vector": [0, 55, 0]
						},
						"0.9167": {
							"vector": [11.62312, -17.00735, -3.52564]
						},
						"0.9583": {
							"vector": [0, 55, 0]
						},
						"1.0": {
							"vector": [11.62312, -17.00735, -3.52564]
						},
						"1.0417": {
							"vector": [0, 55, 0]
						},
						"1.0833": {
							"vector": [11.62312, -17.00735, -3.52564]
						},
						"1.125": {
							"vector": [0, 55, 0]
						},
						"1.1667": {
							"vector": [11.62312, -17.00735, -3.52564]
						},
						"1.2083": {
							"vector": [0, 55, 0]
						},
						"1.25": {
							"vector": [11.62312, -17.00735, -3.52564]
						},
						"1.2917": {
							"vector": [0, 55, 0]
						},
						"1.3333": {
							"vector": [11.62312, -17.00735, -3.52564]
						},
						"1.375": {
							"vector": [0, 55, 0]
						}
					}
				},
				"torso": {
					"rotation": {
						"0.0": {
							"vector": [12.5, 0, 0]
						},
						"0.6667": {
							"vector": [27.5, 0, 0]
						},
						"1.375": {
							"vector": [12.5, 0, 0]
						}
					},
					"position": {
						"0.0": {
							"vector": [0, 0, 0]
						},
						"0.6667": {
							"vector": [0, -1.9, 4]
						},
						"1.375": {
							"vector": [0, 0, 0]
						}
					},
					"scale": {
						"0.0": {
							"vector": [1, 1, 1.1]
						},
						"0.6667": {
							"vector": [1, 1, 0.84]
						},
						"1.375": {
							"vector": [1, 1, 1.1]
						}
					}
				},
				"rleg": {
					"rotation": {
						"vector": [0, 0, 0]
					},
					"position": {
						"vector": [0, 0, 0]
					},
					"scale": {
						"vector": [1, 1.15, 1]
					}
				},
				"lleg": {
					"rotation": {
						"vector": [0, 0, 0]
					},
					"position": {
						"vector": [0, 1, 0]
					},
					"scale": {
						"vector": [1, 1.19, 1]
					}
				},
				"head": {
					"rotation": {
						"vector": [137.49622, -0.86601, -179.49996]
					}
				},
				"larmstwo": {
					"rotation": {
						"vector": [-35.13081, 2.3411, 15.09803]
					},
					"position": {
						"vector": [0, 0, 0]
					}
				},
				"larmsthree": {
					"rotation": {
						"vector": [0, 9, 0]
					},
					"position": {
						"vector": [0, 0, 0]
					}
				},
				"rarm": {
					"rotation": {
						"vector": [-49, 0, 0]
					}
				},
				"rarmstwo": {
					"rotation": {
						"vector": [-19, 0, 0]
					},
					"position": {
						"vector": [0, 0, 0]
					}
				},
				"rarmsthree": {
					"rotation": {
						"vector": [0, 0, 0]
					},
					"position": {
						"vector": [0, 0, 0]
					}
				},
				"FullBody": {
					"rotation": {
						"0.0": {
							"vector": [-6, 0, 0]
						},
						"1.375": {
							"vector": [-6, 0, 0]
						}
					},
					"position": {
						"0.0": {
							"vector": [0, 0.6, -3.6]
						},
						"1.375": {
							"vector": [0, 0.6, -3.6]
						}
					}
				},
				"wings": {
					"rotation": {
						"0.0": {
							"vector": [0, 0, 0]
						},
						"0.6667": {
							"vector": [13, 0, 0]
						},
						"1.375": {
							"vector": [0, 0, 0]
						}
					}
				},
				"rlegmain": {
					"rotation": {
						"vector": [3, 0, 0]
					},
					"position": {
						"vector": [0, 0, -1]
					},
					"scale": {
						"vector": [1, 1, 1]
					}
				},
				"llegmain": {
					"rotation": {
						"vector": [-56.00302, -10.89784, 15.65938]
					},
					"position": {
						"vector": [-1.2, -0.3, -6.2]
					},
					"scale": {
						"vector": [1, 1, 1]
					}
				}
			}
		},
		"animation.spider_moth_dweller.grabbing": {
			"animation_length": 1.375,
			"bones": {
				"larm": {
					"rotation": {
						"0.0": {
							"vector": [-82.61267, -1.29876, 9.91615]
						},
						"0.4167": {
							"vector": [-82.59941, 3.65972, 10.55954]
						},
						"0.625": {
							"vector": [-82.39771, 13.53318, 11.87351]
						},
						"1.375": {
							"vector": [-82.61267, -1.29876, 9.91615]
						}
					},
					"scale": {
						"0.0": {
							"vector": [1, 1.13, 1]
						},
						"1.375": {
							"vector": [1, 1.13, 1]
						}
					}
				},
				"rwing": {
					"rotation": {
						"0.0": {
							"vector": [0, 0, 0]
						},
						"0.0417": {
							"vector": [2.00118, -43.35943, -2.75012]
						},
						"0.0833": {
							"vector": [0, 0, 0]
						},
						"0.125": {
							"vector": [2.00118, -43.35943, -2.75012]
						},
						"0.1667": {
							"vector": [1.40418, 18.78025, -3.5168]
						},
						"0.2083": {
							"vector": [2.00118, -43.35943, -2.75012]
						},
						"0.25": {
							"vector": [1.40418, 18.78025, -3.5168]
						},
						"0.2917": {
							"vector": [2.00118, -43.35943, -2.75012]
						},
						"0.3333": {
							"vector": [1.40418, 18.78025, -3.5168]
						},
						"0.375": {
							"vector": [2.00118, -43.35943, -2.75012]
						},
						"0.4167": {
							"vector": [1.40418, 18.78025, -3.5168]
						},
						"0.4583": {
							"vector": [2.00118, -43.35943, -2.75012]
						},
						"0.5": {
							"vector": [1.40418, 18.78025, -3.5168]
						},
						"0.5417": {
							"vector": [2.00118, -43.35943, -2.75012]
						},
						"0.5833": {
							"vector": [1.40418, 18.78025, -3.5168]
						},
						"0.625": {
							"vector": [2.00118, -43.35943, -2.75012]
						},
						"0.6667": {
							"vector": [1.40418, 18.78025, -3.5168]
						},
						"0.7083": {
							"vector": [2.00118, -43.35943, -2.75012]
						},
						"0.75": {
							"vector": [0, 0, 0]
						},
						"0.7917": {
							"vector": [2.00118, -43.35943, -2.75012]
						},
						"0.8333": {
							"vector": [1.40418, 18.78025, -3.5168]
						},
						"0.875": {
							"vector": [2.00118, -43.35943, -2.75012]
						},
						"0.9167": {
							"vector": [1.40418, 18.78025, -3.5168]
						},
						"0.9583": {
							"vector": [2.00118, -43.35943, -2.75012]
						},
						"1.0": {
							"vector": [1.40418, 18.78025, -3.5168]
						},
						"1.0417": {
							"vector": [2.00118, -43.35943, -2.75012]
						},
						"1.0833": {
							"vector": [1.40418, 18.78025, -3.5168]
						},
						"1.125": {
							"vector": [2.00118, -43.35943, -2.75012]
						},
						"1.1667": {
							"vector": [1.40418, 18.78025, -3.5168]
						},
						"1.2083": {
							"vector": [2.00118, -43.35943, -2.75012]
						},
						"1.25": {
							"vector": [1.40418, 18.78025, -3.5168]
						},
						"1.2917": {
							"vector": [2.00118, -43.35943, -2.75012]
						},
						"1.3333": {
							"vector": [1.40418, 18.78025, -3.5168]
						},
						"1.375": {
							"vector": [2.00118, -43.35943, -2.75012]
						}
					}
				},
				"lwing": {
					"rotation": {
						"0.0": {
							"vector": [0, 0, 0]
						},
						"0.0417": {
							"vector": [0, 55, 0]
						},
						"0.0833": {
							"vector": [11.62312, -17.00735, -3.52564]
						},
						"0.125": {
							"vector": [0, 55, 0]
						},
						"0.1667": {
							"vector": [11.62312, -17.00735, -3.52564]
						},
						"0.2083": {
							"vector": [0, 55, 0]
						},
						"0.25": {
							"vector": [11.62312, -17.00735, -3.52564]
						},
						"0.2917": {
							"vector": [0, 55, 0]
						},
						"0.3333": {
							"vector": [11.62312, -17.00735, -3.52564]
						},
						"0.375": {
							"vector": [0, 55, 0]
						},
						"0.4167": {
							"vector": [11.62312, -17.00735, -3.52564]
						},
						"0.4583": {
							"vector": [0, 55, 0]
						},
						"0.5": {
							"vector": [11.62312, -17.00735, -3.52564]
						},
						"0.5417": {
							"vector": [0, 55, 0]
						},
						"0.5833": {
							"vector": [11.62312, -17.00735, -3.52564]
						},
						"0.625": {
							"vector": [0, 55, 0]
						},
						"0.6667": {
							"vector": [11.62312, -17.00735, -3.52564]
						},
						"0.7083": {
							"vector": [0, 55, 0]
						},
						"0.75": {
							"vector": [11.62312, -17.00735, -3.52564]
						},
						"0.7917": {
							"vector": [0, 55, 0]
						},
						"0.8333": {
							"vector": [11.62312, -17.00735, -3.52564]
						},
						"0.875": {
							"vector": [0, 55, 0]
						},
						"0.9167": {
							"vector": [11.62312, -17.00735, -3.52564]
						},
						"0.9583": {
							"vector": [0, 55, 0]
						},
						"1.0": {
							"vector": [11.62312, -17.00735, -3.52564]
						},
						"1.0417": {
							"vector": [0, 55, 0]
						},
						"1.0833": {
							"vector": [11.62312, -17.00735, -3.52564]
						},
						"1.125": {
							"vector": [0, 55, 0]
						},
						"1.1667": {
							"vector": [11.62312, -17.00735, -3.52564]
						},
						"1.2083": {
							"vector": [0, 55, 0]
						},
						"1.25": {
							"vector": [11.62312, -17.00735, -3.52564]
						},
						"1.2917": {
							"vector": [0, 55, 0]
						},
						"1.3333": {
							"vector": [11.62312, -17.00735, -3.52564]
						},
						"1.375": {
							"vector": [0, 55, 0]
						}
					}
				},
				"torso": {
					"rotation": {
						"0.0": {
							"vector": [12.5, 0, 0]
						},
						"0.125": {
							"vector": [32.5, 0, 0]
						},
						"0.2917": {
							"vector": [13.5, 0, 0]
						},
						"0.5": {
							"vector": [22.5, 0, 0]
						},
						"0.6667": {
							"vector": [27.5, 0, 0]
						},
						"0.8333": {
							"vector": [22.5, 0, 0]
						},
						"1.0": {
							"vector": [17.5, 0, 0]
						},
						"1.1667": {
							"vector": [32.5, 0, 0]
						},
						"1.375": {
							"vector": [12.5, 0, 0]
						}
					},
					"position": {
						"0.0": {
							"vector": [0, -0.7, 0.5]
						},
						"0.125": {
							"vector": [0, -4, 4]
						},
						"0.2917": {
							"vector": [0, -2, -1]
						},
						"0.5": {
							"vector": [0, -1, 3]
						},
						"0.6667": {
							"vector": [0, -1, 4]
						},
						"0.8333": {
							"vector": [0, -1, 5]
						},
						"1.0": {
							"vector": [0, -3, 1]
						},
						"1.1667": {
							"vector": [0, -4, 4]
						},
						"1.375": {
							"vector": [0, -0.7, 0.5]
						}
					},
					"scale": {
						"0.0": {
							"vector": [1, 1, 1.1]
						},
						"0.125": {
							"vector": [1, 1, 1]
						},
						"0.2917": {
							"vector": [1, 1, 1.2]
						},
						"0.5": {
							"vector": [1, 1, 0.9]
						},
						"0.6667": {
							"vector": [1, 1, 0.7]
						},
						"0.8333": {
							"vector": [1, 1, 0.9]
						},
						"1.0": {
							"vector": [1, 1, 1.2]
						},
						"1.1667": {
							"vector": [1, 1, 1]
						},
						"1.375": {
							"vector": [1, 1, 1.1]
						}
					}
				},
				"rleg": {
					"rotation": {
						"0.0": {
							"vector": [0, 0, 0]
						},
						"0.2917": {
							"vector": [17.73, 0, 0]
						},
						"0.375": {
							"vector": [21.37, 0, 0]
						},
						"0.4583": {
							"vector": [22.5, 0, 0]
						},
						"0.6667": {
							"vector": [22.5, 0, 0]
						},
						"0.875": {
							"vector": [15, 0, 0]
						},
						"1.0833": {
							"vector": [26.25, 0, 0]
						},
						"1.2083": {
							"vector": [7.5, 0, 0]
						},
						"1.25": {
							"vector": [10.62, 0, 0]
						},
						"1.375": {
							"vector": [0, 0, 0]
						}
					},
					"position": {
						"0.0": {
							"vector": [0, 0, -0.9]
						},
						"0.0833": {
							"vector": [0, 2.88, 1.09]
						},
						"0.125": {
							"vector": [0, 2.82, 1.64]
						},
						"0.2083": {
							"vector": [0, 3.87, 2.73]
						},
						"0.2917": {
							"vector": [0, 3.58, 1.12]
						},
						"0.3333": {
							"vector": [0, 3.43, 1.82]
						},
						"0.4583": {
							"vector": [0, 3, 3.1]
						},
						"0.875": {
							"vector": [0, 3, 2.8]
						},
						"1.0833": {
							"vector": [0, 5, 3.33]
						},
						"1.1667": {
							"vector": [0, 4.67, 2]
						},
						"1.2083": {
							"vector": [0, 2.99, 1.71]
						},
						"1.25": {
							"vector": [0, 3.24, 2.28]
						},
						"1.375": {
							"vector": [0, 0, -0.9]
						}
					},
					"scale": {
						"vector": [1, 1, 1]
					}
				},
				"lleg": {
					"rotation": {
						"0.0": {
							"vector": [0, 0, 0]
						},
						"0.375": {
							"vector": [9.91615, -1.29876, 7.38733]
						},
						"0.875": {
							"vector": [14.91615, -1.29876, 7.38733]
						},
						"1.2083": {
							"vector": [15.08353, -8.54391, 5.44032]
						},
						"1.375": {
							"vector": [0, 0, 0]
						}
					},
					"position": {
						"0.0": {
							"vector": [0, 1, -0.7]
						},
						"0.0833": {
							"vector": [0, 3.33, 0.45]
						},
						"0.2083": {
							"vector": [0, 3.33, 0.11]
						},
						"0.2917": {
							"vector": [0, 2.61, -1.35]
						},
						"0.375": {
							"vector": [0, 1.9, -0.6]
						},
						"0.6667": {
							"vector": [0, 3.4, -0.54]
						},
						"1.1667": {
							"vector": [0, 5.96, 2]
						},
						"1.2083": {
							"vector": [0, 4, 2]
						},
						"1.25": {
							"vector": [0, 4.25, 1.5]
						},
						"1.375": {
							"vector": [0, 1, -0.7]
						}
					},
					"scale": {
						"vector": [1, 1, 1]
					}
				},
				"head": {
					"rotation": {
						"0.0": {
							"vector": [17.5, 0, 0]
						},
						"0.125": {
							"vector": [7.5, 0, 0]
						},
						"0.375": {
							"vector": [25, 0, 0]
						},
						"0.6667": {
							"vector": [-10.72, 0, 0]
						},
						"0.75": {
							"vector": [12.5, 0, 0]
						},
						"1.125": {
							"vector": [10, 0, 0]
						},
						"1.375": {
							"vector": [17.5, 0, 0]
						}
					},
					"position": {
						"0.0": {
							"vector": [0, 1.8, -0.9]
						},
						"1.375": {
							"vector": [0, 1.8, -0.9]
						}
					},
					"scale": {
						"0.0": {
							"vector": [1, 0.87, 0.89]
						},
						"1.375": {
							"vector": [1, 0.87, 0.89]
						}
					}
				},
				"larmstwo": {
					"rotation": {
						"0.0": {
							"vector": [0, 0, 0]
						},
						"0.5": {
							"vector": [-78.40353, 41.63963, -19.94946]
						},
						"0.75": {
							"vector": [-51.30217, 88.7683, -1.19337]
						},
						"1.125": {
							"vector": [37.97755, 85.5695, 72.1825]
						},
						"1.375": {
							"vector": [0, 0, 0]
						}
					},
					"position": {
						"vector": [0, 0, 0]
					}
				},
				"larmsthree": {
					"rotation": {
						"0.0": {
							"vector": [0, 0, 0]
						},
						"0.4583": {
							"vector": [-40.44134, 69.63187, -16.40556]
						},
						"1.125": {
							"vector": [44.36202, 78.26069, 70.62122]
						},
						"1.375": {
							"vector": [0, 0, 0]
						}
					},
					"position": {
						"vector": [0, 0, 0]
					}
				},
				"rarm": {
					"rotation": {
						"0.0": {
							"vector": [-82.78074, 2.54837, 0.61896]
						},
						"0.625": {
							"vector": [-86.78129, -7.43593, 0.05815]
						},
						"1.1667": {
							"vector": [-87.3174, 3.52001, -14.12342]
						},
						"1.375": {
							"vector": [-82.78074, 2.54837, 0.61896]
						}
					},
					"scale": {
						"0.0": {
							"vector": [1, 1.13, 1]
						},
						"1.375": {
							"vector": [1, 1.13, 1]
						}
					}
				},
				"rarmstwo": {
					"rotation": {
						"0.0": {
							"vector": [0, 0, 0]
						},
						"0.375": {
							"vector": [-79.75477, -24.75529, 64.71718]
						},
						"0.4167": {
							"vector": [-89.85287, -38.19404, 69.57519]
						},
						"0.9167": {
							"vector": [52.26911, -34.70644, -64.35196]
						},
						"1.25": {
							"vector": [47.86723, -16.46037, -39.18541]
						},
						"1.375": {
							"vector": [0, 0, 0]
						}
					},
					"position": {
						"vector": [0, 0, 0]
					}
				},
				"rarmsthree": {
					"rotation": {
						"0.0": {
							"vector": [0, 0, 0]
						},
						"0.375": {
							"vector": [-4.58193, 65.32025, 40.77763]
						},
						"0.75": {
							"vector": [11.82834, -13.41453, -6.92354]
						},
						"1.0417": {
							"vector": [-20.77505, 17.46877, 14.62868]
						},
						"1.375": {
							"vector": [0, 0, 0]
						}
					},
					"position": {
						"vector": [0, 0, 0]
					}
				},
				"FullBody": {
					"rotation": {
						"0.0": {
							"vector": [28.5, 0, 0]
						},
						"0.375": {
							"vector": [32.49605, 0.53728, -0.84342]
						},
						"0.75": {
							"vector": [28.46706, -1.43097, 2.637]
						},
						"1.0833": {
							"vector": [28.5, 0, 0]
						},
						"1.375": {
							"vector": [28.5, 0, 0]
						}
					},
					"position": {
						"0.0": {
							"vector": [0, 6.1, 0]
						},
						"0.375": {
							"vector": [0, 6.1, 0]
						},
						"0.7083": {
							"vector": [0, 6.8, 0]
						},
						"1.125": {
							"vector": [0, 7.41, -5.2]
						},
						"1.375": {
							"vector": [0, 6.1, 0]
						}
					}
				},
				"torsodouble": {
					"rotation": {
						"vector": [-28, 0, 0]
					},
					"position": {
						"vector": [0, 3.6, -9.3]
					}
				},
				"maw": {
					"rotation": {
						"0.0": {
							"vector": [0, 0, 0]
						},
						"0.6667": {
							"vector": [-36, 0, 0]
						},
						"1.375": {
							"vector": [0, 0, 0]
						}
					},
					"position": {
						"0.0": {
							"vector": [0, 0, 0]
						},
						"0.3333": {
							"vector": [0, 0.9, -0.8]
						}
					},
					"scale": {
						"0.0": {
							"vector": [1, 1, 1]
						},
						"0.3333": {
							"vector": [1, 1, 2.32]
						},
						"1.125": {
							"vector": [1, 1, 2.32]
						},
						"1.375": {
							"vector": [1, 1, 1]
						}
					}
				},
				"wings": {
					"rotation": {
						"0.0": {
							"vector": [0, 0, -2]
						},
						"0.6667": {
							"vector": [0, 0, 2]
						},
						"1.375": {
							"vector": [0, 0, -2]
						}
					}
				},
				"fill": {
					"scale": {
						"vector": [1, 1, 0.53]
					}
				}
			}
		},
		"animation.spider_moth_dweller.charging": {
			"animation_length": 0.75,
			"bones": {
				"larm": {
					"rotation": {
						"0.0": {
							"vector": [-82.61267, -1.29876, 9.91615]
						},
						"0.3333": {
							"vector": [-82.39771, 13.53318, 11.87351]
						},
						"0.75": {
							"vector": [-82.61267, -1.29876, 9.91615]
						}
					},
					"scale": {
						"0.0": {
							"vector": [1, 1.13, 1]
						},
						"0.75": {
							"vector": [1, 1.13, 1]
						}
					}
				},
				"rwing": {
					"rotation": {
						"0.0": {
							"vector": [0, 0, 0]
						},
						"0.0417": {
							"vector": [2.00118, -43.35943, -2.75012]
						},
						"0.0833": {
							"vector": [0, 0, 0]
						},
						"0.125": {
							"vector": [2.00118, -43.35943, -2.75012]
						},
						"0.1667": {
							"vector": [1.40418, 18.78025, -3.5168]
						},
						"0.2083": {
							"vector": [2.00118, -43.35943, -2.75012]
						},
						"0.25": {
							"vector": [1.40418, 18.78025, -3.5168]
						},
						"0.2917": {
							"vector": [2.00118, -43.35943, -2.75012]
						},
						"0.3333": {
							"vector": [1.40418, 18.78025, -3.5168]
						},
						"0.375": {
							"vector": [2.00118, -43.35943, -2.75012]
						},
						"0.4167": {
							"vector": [1.40418, 18.78025, -3.5168]
						},
						"0.4583": {
							"vector": [2.00118, -43.35943, -2.75012]
						},
						"0.5": {
							"vector": [1.40418, 18.78025, -3.5168]
						},
						"0.5417": {
							"vector": [2.00118, -43.35943, -2.75012]
						},
						"0.5833": {
							"vector": [1.40418, 18.78025, -3.5168]
						},
						"0.625": {
							"vector": [2.00118, -43.35943, -2.75012]
						},
						"0.6667": {
							"vector": [1.40418, 18.78025, -3.5168]
						},
						"0.7083": {
							"vector": [2.00118, -43.35943, -2.75012]
						},
						"0.75": {
							"vector": [0, 0, 0]
						}
					}
				},
				"lwing": {
					"rotation": {
						"0.0": {
							"vector": [0, 0, 0]
						},
						"0.0417": {
							"vector": [0, 55, 0]
						},
						"0.0833": {
							"vector": [11.62312, -17.00735, -3.52564]
						},
						"0.125": {
							"vector": [0, 55, 0]
						},
						"0.1667": {
							"vector": [11.62312, -17.00735, -3.52564]
						},
						"0.2083": {
							"vector": [0, 55, 0]
						},
						"0.25": {
							"vector": [11.62312, -17.00735, -3.52564]
						},
						"0.2917": {
							"vector": [0, 55, 0]
						},
						"0.3333": {
							"vector": [11.62312, -17.00735, -3.52564]
						},
						"0.375": {
							"vector": [0, 55, 0]
						},
						"0.4167": {
							"vector": [11.62312, -17.00735, -3.52564]
						},
						"0.4583": {
							"vector": [0, 55, 0]
						},
						"0.5": {
							"vector": [11.62312, -17.00735, -3.52564]
						},
						"0.5417": {
							"vector": [0, 55, 0]
						},
						"0.5833": {
							"vector": [11.62312, -17.00735, -3.52564]
						},
						"0.625": {
							"vector": [0, 55, 0]
						},
						"0.6667": {
							"vector": [11.62312, -17.00735, -3.52564]
						},
						"0.7083": {
							"vector": [0, 55, 0]
						},
						"0.75": {
							"vector": [11.62312, -17.00735, -3.52564]
						}
					}
				},
				"torso": {
					"rotation": {
						"0.0": {
							"vector": [12.5, 0, 0]
						},
						"0.0833": {
							"vector": [32.5, 0, 0]
						},
						"0.1667": {
							"vector": [13.5, 0, 0]
						},
						"0.2917": {
							"vector": [22.5, 0, 0]
						},
						"0.375": {
							"vector": [27.5, 0, 0]
						},
						"0.4583": {
							"vector": [22.5, 0, 0]
						},
						"0.5417": {
							"vector": [17.5, 0, 0]
						},
						"0.625": {
							"vector": [32.5, 0, 0]
						},
						"0.75": {
							"vector": [12.5, 0, 0]
						}
					},
					"position": {
						"0.0": {
							"vector": [0, 0, 0]
						},
						"0.0833": {
							"vector": [0, -4, 4]
						},
						"0.1667": {
							"vector": [0, -2, -1]
						},
						"0.2917": {
							"vector": [0, -1, 3]
						},
						"0.375": {
							"vector": [0, -1, 4]
						},
						"0.4583": {
							"vector": [0, -1, 5]
						},
						"0.5417": {
							"vector": [0, -3, 1]
						},
						"0.625": {
							"vector": [0, -4, 4]
						},
						"0.75": {
							"vector": [0, 0, 0]
						}
					},
					"scale": {
						"0.0": {
							"vector": [1, 1, 1.1]
						},
						"0.0833": {
							"vector": [1, 1, 1]
						},
						"0.1667": {
							"vector": [1, 1, 1.2]
						},
						"0.2917": {
							"vector": [1, 1, 0.9]
						},
						"0.375": {
							"vector": [1, 1, 0.7]
						},
						"0.4583": {
							"vector": [1, 1, 0.9]
						},
						"0.5417": {
							"vector": [1, 1, 1.2]
						},
						"0.625": {
							"vector": [1, 1, 1]
						},
						"0.75": {
							"vector": [1, 1, 1.1]
						}
					}
				},
				"rleg": {
					"rotation": {
						"0.0": {
							"vector": [17.73, 0, 0]
						},
						"0.25": {
							"vector": [22.5, 0, 0]
						},
						"0.375": {
							"vector": [22.5, 0, 0]
						},
						"0.4583": {
							"vector": [15, 0, 0]
						},
						"0.5833": {
							"vector": [26.25, 0, 0]
						},
						"0.6667": {
							"vector": [7.5, 0, 0]
						},
						"0.7083": {
							"vector": [10.62, 0, 0]
						},
						"0.75": {
							"vector": [0, 0, 0]
						}
					},
					"position": {
						"0.0": {
							"vector": [0, 2.82, 1.64]
						},
						"0.25": {
							"vector": [0, 3, 3.1]
						},
						"0.4583": {
							"vector": [0, 3, 2.8]
						},
						"0.5833": {
							"vector": [0, 5, 3.33]
						},
						"0.625": {
							"vector": [0, 4.67, 2]
						},
						"0.6667": {
							"vector": [0, 2.99, 1.71]
						},
						"0.7083": {
							"vector": [0, 3.24, 2.28]
						},
						"0.75": {
							"vector": [0, 0, -0.9]
						}
					},
					"scale": {
						"vector": [1, 1, 1]
					}
				},
				"lleg": {
					"rotation": {
						"0.0": {
							"vector": [0, 0, 0]
						},
						"0.4583": {
							"vector": [14.91615, -1.29876, 7.38733]
						},
						"0.6667": {
							"vector": [15.08353, -8.54391, 5.44032]
						},
						"0.75": {
							"vector": [0, 0, 0]
						}
					},
					"position": {
						"0.0": {
							"vector": [0, 1, -0.7]
						},
						"0.375": {
							"vector": [0, 3.4, -0.54]
						},
						"0.625": {
							"vector": [0, 5.96, 2]
						},
						"0.6667": {
							"vector": [0, 4, 2]
						},
						"0.7083": {
							"vector": [0, 4.25, 1.5]
						},
						"0.75": {
							"vector": [0, 1, -0.7]
						}
					},
					"scale": {
						"vector": [1, 1, 1]
					}
				},
				"head": {
					"rotation": {
						"0.0": {
							"vector": [17.5, 0, 0]
						},
						"0.0833": {
							"vector": [7.5, 0, 0]
						},
						"0.2083": {
							"vector": [25, 0, 0]
						},
						"0.375": {
							"vector": [-10.72, 0, 0]
						},
						"0.4167": {
							"vector": [12.5, 0, 0]
						},
						"0.625": {
							"vector": [10, 0, 0]
						},
						"0.75": {
							"vector": [17.5, 0, 0]
						}
					},
					"position": {
						"0.0": {
							"vector": [0, 1.8, -0.9]
						},
						"0.75": {
							"vector": [0, 1.8, -0.9]
						}
					},
					"scale": {
						"0.0": {
							"vector": [1, 0.87, 0.89]
						},
						"0.75": {
							"vector": [1, 0.87, 0.89]
						}
					}
				},
				"larmstwo": {
					"rotation": {
						"0.0": {
							"vector": [0, 0, 0]
						},
						"0.2917": {
							"vector": [-77.65499, 44.93779, -17.56539]
						},
						"0.4167": {
							"vector": [-51.30217, 88.7683, -1.19337]
						},
						"0.625": {
							"vector": [37.97755, 85.5695, 72.1825]
						},
						"0.75": {
							"vector": [0, 0, 0]
						}
					},
					"position": {
						"vector": [0, 0, 0]
					}
				},
				"larmsthree": {
					"rotation": {
						"0.0": {
							"vector": [0, 0, 0]
						},
						"0.25": {
							"vector": [-40.44134, 69.63187, -16.40556]
						},
						"0.625": {
							"vector": [44.36202, 78.26069, 70.62122]
						},
						"0.75": {
							"vector": [0, 0, 0]
						}
					},
					"position": {
						"vector": [0, 0, 0]
					}
				},
				"rarm": {
					"rotation": {
						"0.0": {
							"vector": [-82.78074, 2.54837, 0.61896]
						},
						"0.3333": {
							"vector": [-86.78129, -7.43593, 0.05815]
						},
						"0.625": {
							"vector": [-87.3174, 3.52001, -14.12342]
						},
						"0.75": {
							"vector": [-82.78074, 2.54837, 0.61896]
						}
					},
					"scale": {
						"0.0": {
							"vector": [1, 1.13, 1]
						},
						"0.75": {
							"vector": [1, 1.13, 1]
						}
					}
				},
				"rarmstwo": {
					"rotation": {
						"0.0": {
							"vector": [0, 0, 0]
						},
						"0.2083": {
							"vector": [-89.85287, -38.19404, 69.57519]
						},
						"0.5": {
							"vector": [52.26911, -34.70644, -64.35196]
						},
						"0.7083": {
							"vector": [47.86723, -16.46037, -39.18541]
						},
						"0.75": {
							"vector": [0, 0, 0]
						}
					},
					"position": {
						"vector": [0, 0, 0]
					}
				},
				"rarmsthree": {
					"rotation": {
						"0.0": {
							"vector": [0, 0, 0]
						},
						"0.25": {
							"vector": [-75.87274, 19.92398, 45.49352]
						},
						"0.4167": {
							"vector": [11.82834, -13.41453, -6.92354]
						},
						"0.5833": {
							"vector": [11.91417, -6.70726, -3.46177]
						},
						"0.75": {
							"vector": [0, 0, 0]
						}
					},
					"position": {
						"vector": [0, 0, 0]
					}
				},
				"FullBody": {
					"rotation": {
						"0.0": {
							"vector": [33.5, 0, 0]
						},
						"0.2083": {
							"vector": [32.49605, 0.53728, -0.84342]
						},
						"0.25": {
							"vector": [31.61928, 2.24345, -3.55279]
						},
						"0.2917": {
							"vector": [30.83444, -1.23903, 2.28764]
						},
						"0.3333": {
							"vector": [35.06352, 0.70089, -1.05798]
						},
						"0.4167": {
							"vector": [28.46706, -1.43097, 2.637]
						},
						"0.5833": {
							"vector": [41.5, 0, 0]
						},
						"0.75": {
							"vector": [33.5, 0, 0]
						}
					},
					"position": {
						"0.0": {
							"vector": [0, 6.1, 0]
						},
						"0.2083": {
							"vector": [0, 6.1, 0]
						},
						"0.25": {
							"vector": [-0.7, 6.28, 0]
						},
						"0.2917": {
							"vector": [0.83, 6.45, 0]
						},
						"0.375": {
							"vector": [0, 6.8, 0]
						},
						"0.625": {
							"vector": [0, 7.41, -5.2]
						},
						"0.75": {
							"vector": [0, 6.1, 0]
						}
					}
				},
				"torsodouble": {
					"rotation": {
						"vector": [-28, 0, 0]
					},
					"position": {
						"vector": [0, 3.6, -9.3]
					}
				},
				"maw": {
					"rotation": {
						"0.0": {
							"vector": [0, 0, 0]
						},
						"0.375": {
							"vector": [-36, 0, 0]
						},
						"0.75": {
							"vector": [0, 0, 0]
						}
					},
					"position": {
						"vector": [0, 0, 0]
					},
					"scale": {
						"0.0": {
							"vector": [1, 1, 1]
						},
						"0.625": {
							"vector": [1, 1, 2.32]
						},
						"0.75": {
							"vector": [1, 1, 1]
						}
					}
				},
				"wings": {
					"rotation": {
						"0.0": {
							"vector": [0, 0, -2]
						},
						"0.4167": {
							"vector": [0, 0, 2]
						},
						"0.75": {
							"vector": [0, 0, -2]
						}
					}
				},
				"fill": {
					"scale": {
						"vector": [1, 1, 0.53]
					}
				}
			}
		},
		"animation.spider_moth_dweller.crouching": {
			"animation_length": 1.1667,
			"bones": {
				"torso": {
					"rotation": {
						"vector": [30, 0, 0]
					},
					"position": {
						"vector": [0, -13, 2]
					},
					"scale": {
						"vector": [0.6, 0.8, 1]
					}
				},
				"rwing": {
					"rotation": {
						"vector": [-46.52652, 78.79419, -125.97968]
					},
					"position": {
						"vector": [0, -10, -4]
					},
					"scale": {
						"vector": [0.93, 1, 1]
					}
				},
				"lwing": {
					"rotation": {
						"vector": [-29.04303, -75.72941, 129.69863]
					},
					"position": {
						"vector": [0, -10, -3]
					},
					"scale": {
						"vector": [0.9, 1, 1]
					}
				},
				"rleg": {
					"rotation": {
						"vector": [17.5, 0, 0]
					},
					"position": {
						"vector": [0, -1, 2]
					}
				},
				"lleg": {
					"rotation": {
						"vector": [5, 0, 0]
					},
					"position": {
						"vector": [0, -2, -1]
					}
				},
				"head": {
					"rotation": {
						"0.0": {
							"vector": [-2.5, 0, 0]
						},
						"0.625": {
							"vector": [2.5, 0, 0]
						},
						"1.1667": {
							"vector": [-2.5, 0, 0]
						}
					},
					"position": {
						"vector": [0, -14, -4]
					},
					"scale": {
						"vector": [1, 1, 1.24]
					}
				},
				"larm": {
					"rotation": {
						"vector": [-50, 0, 0]
					},
					"position": {
						"vector": [0, -16, 0]
					}
				},
				"larmstwo": {
					"rotation": {
						"vector": [-19.23388, -13.95718, 19.16114]
					},
					"position": {
						"vector": [0, -4.8, 0]
					},
					"scale": {
						"vector": [1, 0.71, 1]
					}
				},
				"larmsthree": {
					"position": {
						"vector": [-2, -7, 0]
					},
					"scale": {
						"vector": [1, 0.7, 1]
					}
				},
				"rarm": {
					"rotation": {
						"vector": [-35, 7.5, 0]
					},
					"position": {
						"vector": [0, -14, 0]
					}
				},
				"rarmstwo": {
					"rotation": {
						"vector": [-0.75764, -49.12384, -17.0156]
					},
					"position": {
						"vector": [0, -5, 0]
					},
					"scale": {
						"vector": [1, 0.7, 1]
					}
				},
				"rarmsthree": {
					"rotation": {
						"vector": [10, 0, 0]
					},
					"position": {
						"vector": [3, -7, 0]
					},
					"scale": {
						"vector": [0.8, 0.6, 1]
					}
				},
				"maw": {
					"rotation": {
						"vector": [-16, 0, 0]
					},
					"position": {
						"vector": [0, 3.5, -4.1]
					},
					"scale": {
						"vector": [1, 1, 1.93]
					}
				},
				"llegmain": {
					"position": {
						"vector": [0, 0.5, 2]
					},
					"scale": {
						"vector": [1, 0.97, 1]
					}
				},
				"fill": {
					"rotation": {
						"vector": [6, 0, 0]
					},
					"position": {
						"vector": [-6.4, -42.2, 7.2]
					},
					"scale": {
						"vector": [3.35, 3.57, 1.36]
					}
				}
			}
		},
		"animation.spider_moth_dweller.wall": {
			"animation_length": 1.1667,
			"bones": {
				"torso": {
					"rotation": {
						"vector": [30, 0, 0]
					},
					"position": {
						"vector": [0, -13, 2]
					},
					"scale": {
						"vector": [0.8, 0.8, 1]
					}
				},
				"rwing": {
					"rotation": {
						"vector": [-46.52652, 78.79419, -125.97968]
					},
					"position": {
						"vector": [0, -9, -4]
					},
					"scale": {
						"vector": [1.1, 1, 1]
					}
				},
				"lwing": {
					"rotation": {
						"vector": [-48.71575, -77.5944, 120.74948]
					},
					"position": {
						"vector": [0, -9.3, -3]
					},
					"scale": {
						"vector": [1, 1, 1]
					}
				},
				"rleg": {
					"rotation": {
						"vector": [17.5, 0, 0]
					},
					"position": {
						"vector": [0, -1, -1]
					}
				},
				"lleg": {
					"rotation": {
						"vector": [5, 0, 0]
					},
					"position": {
						"vector": [0, -2, -1]
					}
				},
				"head": {
					"rotation": {
						"vector": [182.5, 0, 0]
					},
					"position": {
						"vector": [0, -14.7, -3.4]
					},
					"scale": {
						"vector": [1, 0.8, 2]
					}
				},
				"larm": {
					"rotation": {
						"vector": [-48, 0, 0]
					},
					"position": {
						"vector": [0, -15.1, 2.2]
					},
					"scale": {
						"vector": [1, 1.25, 1]
					}
				},
				"larmstwo": {
					"rotation": {
						"vector": [-19.23388, -13.95718, 19.16114]
					},
					"position": {
						"vector": [0, -5, 0]
					},
					"scale": {
						"vector": [1, 0.8, 1]
					}
				},
				"larmsthree": {
					"position": {
						"vector": [-2, -7, 0]
					},
					"scale": {
						"vector": [1, 0.7, 1]
					}
				},
				"rarm": {
					"rotation": {
						"vector": [-35, 7.5, 0]
					},
					"position": {
						"vector": [0, -14, 0]
					}
				},
				"rarmstwo": {
					"rotation": {
						"vector": [-0.75764, -49.12384, -17.0156]
					},
					"position": {
						"vector": [0, -5, 0]
					},
					"scale": {
						"vector": [1, 0.7, 1]
					}
				},
				"rarmsthree": {
					"rotation": {
						"vector": [10, 0, 0]
					},
					"position": {
						"vector": [3, -7, 0]
					},
					"scale": {
						"vector": [0.8, 0.6, 1]
					}
				},
				"FullBody": {
					"rotation": {
						"vector": [-90, 0, 0]
					},
					"position": {
						"vector": [0, 15.1, 0.1]
					}
				},
				"fill": {
					"position": {
						"vector": [-0.8, 0, -1]
					},
					"scale": {
						"vector": [1.4, 1, 0.92]
					}
				}
			}
		},
		"animation.spider_moth_dweller.crawling": {
			"animation_length": 1,
			"bones": {
				"torso": {
					"rotation": {
						"0.0": {
							"vector": [20, 0, 0]
						},
						"0.2917": {
							"vector": [18.7576, 14.6914, -9.61518]
						},
						"0.3333": {
							"vector": [26.72052, 6.5674, -5.17096]
						},
						"0.625": {
							"vector": [34.09341, -12.60837, 8.19252]
						},
						"0.7083": {
							"vector": [28.04136, -9.68586, 6.65595]
						},
						"0.9167": {
							"vector": [26.49748, -1.95451, 1.42165]
						},
						"1.0": {
							"vector": [20, 0, 0]
						}
					},
					"position": {
						"0.0": {
							"vector": [0, -11, -1]
						},
						"0.2917": {
							"vector": [-3, -12, -2.15]
						},
						"0.3333": {
							"vector": [-2.51, -12.94, -1.27]
						},
						"0.625": {
							"vector": [1.88, -15.37, 4.69]
						},
						"0.7083": {
							"vector": [1.25, -12.58, 1.46]
						},
						"0.8333": {
							"vector": [0.47, -13.09, -0.32]
						},
						"0.9167": {
							"vector": [0, -13, 1.05]
						},
						"1.0": {
							"vector": [0, -11, -1]
						}
					},
					"scale": {
						"0.0": {
							"vector": [0.6, 0.8, 1]
						},
						"1.0": {
							"vector": [0.6, 0.8, 1]
						}
					}
				},
				"rwing": {
					"rotation": {
						"0.0": {
							"vector": [-46.52652, 78.79419, -125.97968]
						},
						"0.7083": {
							"vector": [-47.95182, 81.27446, -127.43905]
						},
						"1.0": {
							"vector": [-46.52652, 78.79419, -125.97968]
						}
					},
					"position": {
						"0.0": {
							"vector": [0, -10, -4]
						},
						"0.7083": {
							"vector": [0, -9, -5]
						},
						"1.0": {
							"vector": [0, -10, -4]
						}
					},
					"scale": {
						"0.0": {
							"vector": [0.84, 1, 1]
						},
						"1.0": {
							"vector": [0.84, 1, 1]
						}
					}
				},
				"lwing": {
					"rotation": {
						"0.0": {
							"vector": [-58.42639, -73.26716, 131.63108]
						},
						"0.7083": {
							"vector": [-29.04303, -75.72941, 129.69863]
						},
						"1.0": {
							"vector": [-58.42639, -73.26716, 131.63108]
						}
					},
					"position": {
						"0.0": {
							"vector": [0, -11, -3]
						},
						"0.7083": {
							"vector": [0, -10, -4]
						},
						"1.0": {
							"vector": [0, -11, -3]
						}
					},
					"scale": {
						"0.0": {
							"vector": [0.78, 1, 1]
						},
						"1.0": {
							"vector": [0.78, 1, 1]
						}
					}
				},
				"rleg": {
					"rotation": {
						"0.0": {
							"vector": [17.5, 0, 0]
						},
						"0.4583": {
							"vector": [32.5, 0, 0]
						},
						"1.0": {
							"vector": [17.5, 0, 0]
						}
					},
					"position": {
						"0.0": {
							"vector": [0, -1, -1]
						},
						"0.4583": {
							"vector": [0, 1, 3]
						},
						"1.0": {
							"vector": [0, -1, -1]
						}
					}
				},
				"lleg": {
					"rotation": {
						"0.0": {
							"vector": [5, 0, 0]
						},
						"0.4583": {
							"vector": [27.86082, 8.86042, 4.65468]
						},
						"1.0": {
							"vector": [5, 0, 0]
						}
					},
					"position": {
						"0.0": {
							"vector": [0, -2, -1]
						},
						"0.4583": {
							"vector": [0, -2, 0]
						},
						"1.0": {
							"vector": [0, -2, -1]
						}
					}
				},
				"head": {
					"rotation": {
						"0.0": {
							"vector": [-2.5, 0, 0]
						},
						"0.2917": {
							"vector": [-5.5, 0, 0]
						},
						"0.375": {
							"vector": [12.5, 0, 0]
						},
						"0.4583": {
							"vector": [0, 0, 0]
						},
						"0.7917": {
							"vector": [12.5, 0, 0]
						},
						"1.0": {
							"vector": [-2.5, 0, 0]
						}
					},
					"position": {
						"0.0": {
							"vector": [0, -14, -4.8]
						},
						"0.2917": {
							"vector": [0, -15, -4.6]
						},
						"0.375": {
							"vector": [0, -14, -3]
						},
						"0.625": {
							"vector": [0, -13, -4]
						},
						"0.9583": {
							"vector": [0, -14, -4]
						},
						"1.0": {
							"vector": [0, -14, -4.8]
						}
					},
					"scale": {
						"0.0": {
							"vector": [1, 1, 1.22]
						},
						"1.0": {
							"vector": [1, 1, 1.22]
						}
					}
				},
				"larm": {
					"rotation": {
						"0.0": {
							"vector": [-45, 0, 0]
						},
						"0.75": {
							"vector": [-55, 0, 0]
						},
						"1.0": {
							"vector": [-45, 0, 0]
						}
					},
					"position": {
						"0.0": {
							"vector": [0, -16, 0]
						},
						"0.75": {
							"vector": [-1, -16, -2]
						},
						"1.0": {
							"vector": [0, -16, 0]
						}
					}
				},
				"larmstwo": {
					"rotation": {
						"0.0": {
							"vector": [-19.23388, -13.95718, 19.16114]
						},
						"0.1667": {
							"vector": [-51.04527, 56.96481, 2.22966]
						},
						"0.25": {
							"vector": [-78.46241, 78.25717, -31.16003]
						},
						"0.375": {
							"vector": [-49.79932, 92.30215, -1.41593]
						},
						"0.6667": {
							"vector": [-38.1246, 94.14212, 11.14753]
						},
						"1.0": {
							"vector": [-19.23388, -13.95718, 19.16114]
						}
					},
					"position": {
						"0.0": {
							"vector": [0, -5, 0]
						},
						"0.6667": {
							"vector": [0, -9, 0]
						},
						"1.0": {
							"vector": [0, -5, 0]
						}
					},
					"scale": {
						"0.0": {
							"vector": [1, 0.8, 1]
						},
						"0.6667": {
							"vector": [1, 0.5, 1]
						},
						"1.0": {
							"vector": [1, 0.8, 1]
						}
					}
				},
				"larmsthree": {
					"rotation": {
						"0.0": {
							"vector": [0, 0, 0]
						},
						"0.25": {
							"vector": [-24.78977, -1.76041, 10.94504]
						},
						"0.625": {
							"vector": [2.92608, 89.25744, 62.36762]
						},
						"1.0": {
							"vector": [0, 0, 0]
						}
					},
					"position": {
						"0.0": {
							"vector": [-2, -7, 0]
						},
						"1.0": {
							"vector": [-2, -7, 0]
						}
					},
					"scale": {
						"0.0": {
							"vector": [1, 0.7, 1]
						},
						"0.25": {
							"vector": [1, 0.6, 1]
						},
						"1.0": {
							"vector": [1, 0.7, 1]
						}
					}
				},
				"rarm": {
					"rotation": {
						"0.0": {
							"vector": [-35, 7.5, 0]
						},
						"0.1667": {
							"vector": [-45, 7.5, 0]
						},
						"1.0": {
							"vector": [-35, 7.5, 0]
						}
					},
					"position": {
						"0.0": {
							"vector": [0, -14, 0]
						},
						"0.1667": {
							"vector": [0, -14, -3]
						},
						"1.0": {
							"vector": [0, -14, 0]
						}
					}
				},
				"rarmstwo": {
					"rotation": {
						"0.0": {
							"vector": [-16.179, 4.6637, -6.6611]
						},
						"0.1667": {
							"vector": [3.49695, -12.25784, -3.90551]
						},
						"0.75": {
							"vector": [-35.35902, -24.14238, 19.37106]
						},
						"1.0": {
							"vector": [-16.179, 4.6637, -6.6611]
						}
					},
					"position": {
						"0.0": {
							"vector": [0, -4, 0]
						},
						"0.1667": {
							"vector": [0, -7, 0]
						},
						"0.75": {
							"vector": [0, -6, 0]
						},
						"1.0": {
							"vector": [0, -4, 0]
						}
					},
					"scale": {
						"0.0": {
							"vector": [1, 0.7, 1]
						},
						"0.1667": {
							"vector": [1, 0.6, 1]
						},
						"1.0": {
							"vector": [1, 0.7, 1]
						}
					}
				},
				"rarmsthree": {
					"rotation": {
						"0.0": {
							"vector": [10, 0, 0]
						},
						"0.2917": {
							"vector": [2.726, 17.37076, -28.484]
						},
						"0.5417": {
							"vector": [-49.47285, 34.17268, -6.63293]
						},
						"0.8333": {
							"vector": [-24.80945, 33.03208, -8.88292]
						},
						"1.0": {
							"vector": [10, 0, 0]
						}
					},
					"position": {
						"0.0": {
							"vector": [3, -7, 0]
						},
						"1.0": {
							"vector": [3, -7, 0]
						}
					},
					"scale": {
						"0.0": {
							"vector": [0.8, 0.6, 1]
						},
						"0.2917": {
							"vector": [0.8, 0.5, 1]
						},
						"1.0": {
							"vector": [0.8, 0.6, 1]
						}
					}
				},
				"FullBody": {
					"rotation": {
						"0.0": {
							"vector": [0, 0, 0]
						},
						"0.2917": {
							"vector": [2.5, 0, 0]
						},
						"0.8333": {
							"vector": [7, 0, 0]
						},
						"1.0": {
							"vector": [0, 0, 0]
						}
					},
					"position": {
						"0.0": {
							"vector": [0, 0, 0]
						},
						"0.2917": {
							"vector": [0, 0.2, 0.8]
						},
						"0.8333": {
							"vector": [0, 0, -1]
						},
						"1.0": {
							"vector": [0, 0, 0]
						}
					}
				},
				"maw": {
					"position": {
						"vector": [0, 0, -3.2]
					},
					"scale": {
						"vector": [1, 1, 1.48]
					}
				},
				"wings": {
					"position": {
						"vector": [0, 0, 2.3]
					}
				},
				"fill": {
					"rotation": {
						"0.0": {
							"vector": [13.54275, -4.89938, -0.99928]
						},
						"0.2083": {
							"vector": [12.53323, -2.80673, 13.37957]
						},
						"0.25": {
							"vector": [14.67206, -2.50236, 11.80434]
						},
						"0.2917": {
							"vector": [14.8437, -1.68725, 8.44865]
						},
						"0.625": {
							"vector": [7.2168, 4.83366, -18.39686]
						},
						"0.8333": {
							"vector": [9.73122, -0.57358, -8.73154]
						},
						"1.0": {
							"vector": [13.54275, -4.89938, -0.99928]
						}
					},
					"position": {
						"0.0": {
							"vector": [-8.3, -27.9, 10.6]
						},
						"0.1667": {
							"vector": [-20.07, -26.7, 12.17]
						},
						"0.25": {
							"vector": [-18.76, -27.05, 13.52]
						},
						"0.2917": {
							"vector": [-17.45, -27.4, 13.88]
						},
						"0.3333": {
							"vector": [-16.14, -27.75, 10.63]
						},
						"0.625": {
							"vector": [3.3, -27.9, 7.9]
						},
						"0.75": {
							"vector": [0, -30, 8.9]
						},
						"0.8333": {
							"vector": [-2.83, -29.3, 8.93]
						},
						"0.9167": {
							"vector": [-6.56, -28.6, 9.26]
						},
						"1.0": {
							"vector": [-8.3, -27.9, 10.6]
						}
					},
					"scale": {
						"0.0": {
							"vector": [3.63, 2.45, 1.88]
						},
						"1.0": {
							"vector": [3.63, 2.45, 1.88]
						}
					}
				}
			}
		},
		"animation.spider_moth_dweller.fullgrab": {
			"animation_length": 1.375,
			"bones": {
				"larm": {
					"rotation": {
						"vector": [-90.61267, -1.29876, 9.91615]
					},
					"scale": {
						"vector": [1, 1.13, 1]
					}
				},
				"rwing": {
					"rotation": {
						"0.0": {
							"vector": [0, 0, 0]
						},
						"0.0417": {
							"vector": [2.00118, -43.35943, -2.75012]
						},
						"0.0833": {
							"vector": [0, 0, 0]
						},
						"0.125": {
							"vector": [2.00118, -43.35943, -2.75012]
						},
						"0.1667": {
							"vector": [1.40418, 18.78025, -3.5168]
						},
						"0.2083": {
							"vector": [2.00118, -43.35943, -2.75012]
						},
						"0.25": {
							"vector": [1.40418, 18.78025, -3.5168]
						},
						"0.2917": {
							"vector": [2.00118, -43.35943, -2.75012]
						},
						"0.3333": {
							"vector": [1.40418, 18.78025, -3.5168]
						},
						"0.375": {
							"vector": [2.00118, -43.35943, -2.75012]
						},
						"0.4167": {
							"vector": [1.40418, 18.78025, -3.5168]
						},
						"0.4583": {
							"vector": [2.00118, -43.35943, -2.75012]
						},
						"0.5": {
							"vector": [1.40418, 18.78025, -3.5168]
						},
						"0.5417": {
							"vector": [2.00118, -43.35943, -2.75012]
						},
						"0.5833": {
							"vector": [1.40418, 18.78025, -3.5168]
						},
						"0.625": {
							"vector": [2.00118, -43.35943, -2.75012]
						},
						"0.6667": {
							"vector": [1.40418, 18.78025, -3.5168]
						},
						"0.7083": {
							"vector": [2.00118, -43.35943, -2.75012]
						},
						"0.75": {
							"vector": [0, 0, 0]
						},
						"0.7917": {
							"vector": [2.00118, -43.35943, -2.75012]
						},
						"0.8333": {
							"vector": [1.40418, 18.78025, -3.5168]
						},
						"0.875": {
							"vector": [2.00118, -43.35943, -2.75012]
						},
						"0.9167": {
							"vector": [1.40418, 18.78025, -3.5168]
						},
						"0.9583": {
							"vector": [2.00118, -43.35943, -2.75012]
						},
						"1.0": {
							"vector": [1.40418, 18.78025, -3.5168]
						},
						"1.0417": {
							"vector": [2.00118, -43.35943, -2.75012]
						},
						"1.0833": {
							"vector": [1.40418, 18.78025, -3.5168]
						},
						"1.125": {
							"vector": [2.00118, -43.35943, -2.75012]
						},
						"1.1667": {
							"vector": [1.40418, 18.78025, -3.5168]
						},
						"1.2083": {
							"vector": [2.00118, -43.35943, -2.75012]
						},
						"1.25": {
							"vector": [1.40418, 18.78025, -3.5168]
						},
						"1.2917": {
							"vector": [2.00118, -43.35943, -2.75012]
						},
						"1.3333": {
							"vector": [1.40418, 18.78025, -3.5168]
						},
						"1.375": {
							"vector": [2.00118, -43.35943, -2.75012]
						}
					}
				},
				"lwing": {
					"rotation": {
						"0.0": {
							"vector": [0, 0, 0]
						},
						"0.0417": {
							"vector": [0, 55, 0]
						},
						"0.0833": {
							"vector": [11.62312, -17.00735, -3.52564]
						},
						"0.125": {
							"vector": [0, 55, 0]
						},
						"0.1667": {
							"vector": [11.62312, -17.00735, -3.52564]
						},
						"0.2083": {
							"vector": [0, 55, 0]
						},
						"0.25": {
							"vector": [11.62312, -17.00735, -3.52564]
						},
						"0.2917": {
							"vector": [0, 55, 0]
						},
						"0.3333": {
							"vector": [11.62312, -17.00735, -3.52564]
						},
						"0.375": {
							"vector": [0, 55, 0]
						},
						"0.4167": {
							"vector": [11.62312, -17.00735, -3.52564]
						},
						"0.4583": {
							"vector": [0, 55, 0]
						},
						"0.5": {
							"vector": [11.62312, -17.00735, -3.52564]
						},
						"0.5417": {
							"vector": [0, 55, 0]
						},
						"0.5833": {
							"vector": [11.62312, -17.00735, -3.52564]
						},
						"0.625": {
							"vector": [0, 55, 0]
						},
						"0.6667": {
							"vector": [11.62312, -17.00735, -3.52564]
						},
						"0.7083": {
							"vector": [0, 55, 0]
						},
						"0.75": {
							"vector": [11.62312, -17.00735, -3.52564]
						},
						"0.7917": {
							"vector": [0, 55, 0]
						},
						"0.8333": {
							"vector": [11.62312, -17.00735, -3.52564]
						},
						"0.875": {
							"vector": [0, 55, 0]
						},
						"0.9167": {
							"vector": [11.62312, -17.00735, -3.52564]
						},
						"0.9583": {
							"vector": [0, 55, 0]
						},
						"1.0": {
							"vector": [11.62312, -17.00735, -3.52564]
						},
						"1.0417": {
							"vector": [0, 55, 0]
						},
						"1.0833": {
							"vector": [11.62312, -17.00735, -3.52564]
						},
						"1.125": {
							"vector": [0, 55, 0]
						},
						"1.1667": {
							"vector": [11.62312, -17.00735, -3.52564]
						},
						"1.2083": {
							"vector": [0, 55, 0]
						},
						"1.25": {
							"vector": [11.62312, -17.00735, -3.52564]
						},
						"1.2917": {
							"vector": [0, 55, 0]
						},
						"1.3333": {
							"vector": [11.62312, -17.00735, -3.52564]
						},
						"1.375": {
							"vector": [0, 55, 0]
						}
					}
				},
				"torso": {
					"rotation": {
						"0.0": {
							"vector": [12.5, 0, 0]
						},
						"0.125": {
							"vector": [24.5, 0, 0]
						},
						"0.2917": {
							"vector": [13.5, 0, 0]
						},
						"0.5": {
							"vector": [22.5, 0, 0]
						},
						"0.6667": {
							"vector": [27.5, 0, 0]
						},
						"0.8333": {
							"vector": [22.5, 0, 0]
						},
						"1.0": {
							"vector": [17.5, 0, 0]
						},
						"1.1667": {
							"vector": [25.5, 0, 0]
						},
						"1.375": {
							"vector": [12.5, 0, 0]
						}
					},
					"position": {
						"0.0": {
							"vector": [0, 0, 0]
						},
						"0.125": {
							"vector": [0, -4, 4]
						},
						"0.2917": {
							"vector": [0, -2, -1]
						},
						"0.5": {
							"vector": [0, -1, 3]
						},
						"0.6667": {
							"vector": [0, -1, 4]
						},
						"0.8333": {
							"vector": [0, -1, 5]
						},
						"1.0": {
							"vector": [0, -3, 2.2]
						},
						"1.1667": {
							"vector": [0, -4, 4]
						},
						"1.375": {
							"vector": [0, 0, 0]
						}
					},
					"scale": {
						"0.0": {
							"vector": [1, 1, 1.1]
						},
						"0.125": {
							"vector": [1, 1, 1]
						},
						"0.2917": {
							"vector": [1, 1, 1.2]
						},
						"0.5": {
							"vector": [1, 1, 0.9]
						},
						"0.6667": {
							"vector": [1, 1, 0.7]
						},
						"0.8333": {
							"vector": [1, 1, 0.9]
						},
						"1.0": {
							"vector": [1, 1, 1.2]
						},
						"1.1667": {
							"vector": [1, 1, 1]
						},
						"1.375": {
							"vector": [1, 1, 1.1]
						}
					}
				},
				"rleg": {
					"rotation": {
						"vector": [-86.97326, -7.4595, -0.39335]
					},
					"position": {
						"vector": [0, 0, -15.3]
					},
					"scale": {
						"vector": [1, 1, 1]
					}
				},
				"lleg": {
					"rotation": {
						"vector": [-83, 0, 0]
					},
					"position": {
						"vector": [0, -3.7, -6.9]
					},
					"scale": {
						"vector": [1, 1, 1]
					}
				},
				"head": {
					"rotation": {
						"0.0": {
							"vector": [17.5, 0, 0]
						},
						"0.125": {
							"vector": [7.5, 0, 0]
						},
						"0.375": {
							"vector": [25, 0, 0]
						},
						"0.75": {
							"vector": [12.5, 0, 0]
						},
						"1.125": {
							"vector": [10, 0, 0]
						},
						"1.375": {
							"vector": [17.5, 0, 0]
						}
					},
					"position": {
						"0.0": {
							"vector": [0, 1.8, -0.9]
						},
						"1.375": {
							"vector": [0, 1.8, -0.9]
						}
					},
					"scale": {
						"0.0": {
							"vector": [1, 0.87, 0.89]
						},
						"1.375": {
							"vector": [1, 0.87, 0.89]
						}
					}
				},
				"larmstwo": {
					"rotation": {
						"0.0": {
							"vector": [-106.1799, 17.55309, 4.17208]
						},
						"0.75": {
							"vector": [-106.23139, 23.5153, 4.83047]
						},
						"1.375": {
							"vector": [-106.18, 17.55, 4.17]
						}
					},
					"position": {
						"vector": [0, 0, 0]
					}
				},
				"larmsthree": {
					"rotation": {
						"0.0": {
							"vector": [-111.0622, 5.99803, 0.16581]
						},
						"0.625": {
							"vector": [-121.6137, 5.32936, -0.37107]
						},
						"1.375": {
							"vector": [-111.0622, 5.99803, 0.16581]
						}
					},
					"position": {
						"0.0": {
							"vector": [0, 0, 0]
						},
						"1.375": {
							"vector": [0, 0, 0]
						}
					}
				},
				"rarm": {
					"rotation": {
						"vector": [-101.78074, 2.54837, 0.61896]
					},
					"scale": {
						"vector": [1, 1.13, 1]
					}
				},
				"rarmstwo": {
					"rotation": {
						"0.0": {
							"vector": [-98.30679, 39.57659, 50.46944]
						},
						"0.75": {
							"vector": [-102.45361, 34.57442, 48.44608]
						},
						"1.375": {
							"vector": [-98.30679, 39.57659, 50.46944]
						}
					},
					"position": {
						"0.0": {
							"vector": [1.6, -1.6, 0]
						},
						"0.75": {
							"vector": [1.7, -1.6, 0]
						},
						"1.375": {
							"vector": [1.6, -1.6, 0]
						}
					}
				},
				"rarmsthree": {
					"rotation": {
						"0.0": {
							"vector": [-125.4168, 43.29889, -0.80035]
						},
						"0.625": {
							"vector": [-127.3782, 34.25115, 1.50814]
						},
						"1.375": {
							"vector": [-125.4168, 43.29889, -0.80035]
						}
					},
					"position": {
						"0.0": {
							"vector": [0, 0, 0]
						},
						"1.375": {
							"vector": [0, 0, 0]
						}
					}
				},
				"FullBody": {
					"rotation": {
						"0.0": {
							"vector": [28.5, 0, 0]
						},
						"0.375": {
							"vector": [32.49605, 0.53728, -0.84342]
						},
						"0.625": {
							"vector": [29.82, -0.46, 0.89]
						},
						"0.75": {
							"vector": [32.48536, -0.95417, 1.7578]
						},
						"0.9167": {
							"vector": [35.5, 0, 0]
						},
						"1.375": {
							"vector": [28.5, 0, 0]
						}
					},
					"position": {
						"0.0": {
							"vector": [0, 5, 0]
						},
						"0.375": {
							"vector": [0, 5.6, 0]
						},
						"0.625": {
							"vector": [0, 6.73, -1.81]
						},
						"0.75": {
							"vector": [0, 7.64, -2.71]
						},
						"0.9167": {
							"vector": [0, 8.19, -2.55]
						},
						"1.375": {
							"vector": [0, 5, 0]
						}
					}
				},
				"torsodouble": {
					"rotation": {
						"vector": [-28, 0, 0]
					},
					"position": {
						"vector": [0, 3.6, -9.3]
					}
				},
				"maw": {
					"rotation": {
						"0.0": {
							"vector": [-23, 0, 0]
						},
						"0.6667": {
							"vector": [-36, 0, 0]
						},
						"1.375": {
							"vector": [-23, 0, 0]
						}
					},
					"position": {
						"0.0": {
							"vector": [0, 1, -0.5]
						},
						"1.375": {
							"vector": [0, 1, -0.5]
						}
					},
					"scale": {
						"0.0": {
							"vector": [1, 1, 1.96]
						},
						"1.375": {
							"vector": [1, 1, 1.96]
						}
					}
				},
				"llegmain": {
					"rotation": {
						"0.0": {
							"vector": [-21.5, 0, 0]
						},
						"0.7917": {
							"vector": [-38.05277, 7.35444, 9.18353]
						},
						"1.375": {
							"vector": [-21.5, 0, 0]
						}
					},
					"position": {
						"0.0": {
							"vector": [-1.4, -4.2, -7.3]
						},
						"0.7917": {
							"vector": [-2.5, -4.2, -6]
						},
						"1.375": {
							"vector": [-1.4, -4.2, -7.3]
						}
					}
				},
				"rlegmain": {
					"rotation": {
						"0.0": {
							"vector": [-198.42967, 19.70137, 45.31496]
						},
						"0.7917": {
							"vector": [-199.61924, 16.62836, 39.02051]
						},
						"1.375": {
							"vector": [-198.42967, 19.70137, 45.31496]
						}
					},
					"position": {
						"0.0": {
							"vector": [2.9, -2.5, -5.1]
						},
						"0.7917": {
							"vector": [3.4, -0.9, -2.5]
						},
						"1.375": {
							"vector": [2.9, -2.5, -5.1]
						}
					}
				},
				"wings": {
					"rotation": {
						"vector": [-61, 0, 0]
					}
				},
				"fill": {
					"position": {
						"vector": [0.4, 0, 0]
					},
					"scale": {
						"vector": [0.84, 1, 0.77]
					}
				}
			}
		}
	},
	"geckolib_format_version": 2
}