{
  "type": "minecraft:crafting_shapeless",
  "group": "spidermoth",
  "ingredients": [
    {
      "item": "minecraft:fermented_spider_eye"
    },
    {
      "item": "minecraft:fermented_spider_eye"
    },
    {
      "item": "minecraft:fermented_spider_eye"
    },
    {
      "item": "minecraft:fermented_spider_eye"
    },
    {
      "item": "minecraft:fermented_spider_eye"
    },
    {
      "item": "minecraft:fermented_spider_eye"
    },
    {
      "item": "minecraft:fermented_spider_eye"
    },
    {
      "item": "minecraft:fermented_spider_eye"
    },
    {
      "item": "minecraft:fermented_spider_eye"
    }
  ],
  "result": {
    "item": "arphex:mangled_spider_flesh",
    "count": 1
  }
}