{
	"format_version": "1.12.0",
	"minecraft:geometry": [
		{
			"description": {
				"identifier": "geometry.antgiant",
				"texture_width": 32,
				"texture_height": 32,
				"visible_bounds_width": 4,
				"visible_bounds_height": 2.5,
				"visible_bounds_offset": [0, 0.75, 0]
			},
			"bones": [
				{
					"name": "horrorant",
					"pivot": [0, 1.3, 0]
				},
				{
					"name": "legs",
					"parent": "horrorant",
					"pivot": [1.77734, -0.29975, 1.32243]
				},
				{
					"name": "L4",
					"parent": "legs",
					"pivot": [1.3, 2.7, 1.7],
					"rotation": [-9.15953, 2.59918, -1.87967],
					"cubes": [
						{
							"origin": [-0.92989, 4.34986, 3.56151],
							"size": [3.3, 0.175, 0.1],
							"pivot": [2.42011, 3.83736, 3.01151],
							"rotation": [35.53665, -28.85817, -62.94964],
							"uv": {
								"north": {"uv": [10, 9], "uv_size": [3, 1]},
								"east": {"uv": [2, 15], "uv_size": [1, 1]},
								"south": {"uv": [10, 10], "uv_size": [3, 1]},
								"west": {"uv": [15, 2], "uv_size": [1, 1]},
								"up": {"uv": [0, 11], "uv_size": [3, 1]},
								"down": {"uv": [11, 1], "uv_size": [3, -1]}
							}
						},
						{
							"origin": [1.83057, 1.10715, 6.26634],
							"size": [5, 0.075, 0.1],
							"pivot": [4.43057, 3.79465, 5.61634],
							"rotation": [-42.38532, -34.79024, 66.80277],
							"uv": {
								"north": {"uv": [2, 2], "uv_size": [5, 1]},
								"east": {"uv": [15, 3], "uv_size": [1, 1]},
								"south": {"uv": [2, 3], "uv_size": [5, 1]},
								"west": {"uv": [4, 15], "uv_size": [1, 1]},
								"up": {"uv": [2, 4], "uv_size": [5, 1]},
								"down": {"uv": [2, 6], "uv_size": [5, -1]}
							}
						}
					]
				},
				{
					"name": "L3",
					"parent": "legs",
					"pivot": [0.9, 2.7, 1.3],
					"cubes": [
						{
							"origin": [3.12266, 0.59809, 1.92159],
							"size": [3.9, 0.075, 0.1],
							"pivot": [4.37266, 2.88559, 2.07159],
							"rotation": [-11.80371, -4.14317, 70.92847],
							"uv": {
								"north": {"uv": [7, 2], "uv_size": [4, 1]},
								"east": {"uv": [5, 15], "uv_size": [1, 1]},
								"south": {"uv": [7, 3], "uv_size": [4, 1]},
								"west": {"uv": [6, 15], "uv_size": [1, 1]},
								"up": {"uv": [7, 4], "uv_size": [4, 1]},
								"down": {"uv": [7, 6], "uv_size": [4, -1]}
							}
						},
						{
							"origin": [2.32734, 1.40025, 1.27243],
							"size": [2.4, 0.175, 0.1],
							"pivot": [1.47734, -0.29975, 1.12243],
							"rotation": [10.51848, -8.23328, -54.21113],
							"uv": {
								"north": {"uv": [6, 9], "uv_size": [2, 1]},
								"east": {"uv": [15, 6], "uv_size": [1, 1]},
								"south": {"uv": [0, 13], "uv_size": [2, 1]},
								"west": {"uv": [7, 15], "uv_size": [1, 1]},
								"up": {"uv": [2, 13], "uv_size": [2, 1]},
								"down": {"uv": [4, 14], "uv_size": [2, -1]}
							}
						}
					]
				},
				{
					"name": "R3",
					"parent": "legs",
					"pivot": [-0.8, 2.7, 1.2],
					"cubes": [
						{
							"origin": [-4.59143, 1.51308, 1.2689],
							"size": [2.7, 0.175, 0.1],
							"pivot": [-1.34143, -0.28692, 1.1189],
							"rotation": [9.60751, 9.28263, 48.23376],
							"uv": {
								"north": {"uv": [11, 1], "uv_size": [3, 1]},
								"east": {"uv": [15, 7], "uv_size": [1, 1]},
								"south": {"uv": [11, 2], "uv_size": [3, 1]},
								"west": {"uv": [9, 15], "uv_size": [1, 1]},
								"up": {"uv": [3, 11], "uv_size": [3, 1]},
								"down": {"uv": [11, 4], "uv_size": [3, -1]}
							}
						},
						{
							"origin": [-2.29143, 1.68808, 1.2689],
							"size": [4.1, 0.1, 0.1],
							"pivot": [-1.34143, -0.28692, 1.1189],
							"rotation": [-11.73104, 4.34712, -69.9468],
							"uv": {
								"north": {"uv": [7, 6], "uv_size": [4, 1]},
								"east": {"uv": [15, 9], "uv_size": [1, 1]},
								"south": {"uv": [7, 7], "uv_size": [4, 1]},
								"west": {"uv": [10, 15], "uv_size": [1, 1]},
								"up": {"uv": [0, 8], "uv_size": [4, 1]},
								"down": {"uv": [4, 9], "uv_size": [4, -1]}
							}
						}
					]
				},
				{
					"name": "L2",
					"parent": "legs",
					"pivot": [0.9, 2.7, 0.4],
					"rotation": [0, -14, 0],
					"cubes": [
						{
							"origin": [2.15, 1.60393, 0.79838],
							"size": [2.5, 0.175, 0.1],
							"pivot": [1.5, -0.29607, 0.74838],
							"rotation": [-9.54165, 42.03622, -55.02913],
							"uv": {
								"north": {"uv": [6, 13], "uv_size": [2, 1]},
								"east": {"uv": [15, 10], "uv_size": [1, 1]},
								"south": {"uv": [8, 13], "uv_size": [2, 1]},
								"west": {"uv": [11, 15], "uv_size": [1, 1]},
								"up": {"uv": [13, 9], "uv_size": [2, 1]},
								"down": {"uv": [10, 14], "uv_size": [2, -1]}
							}
						},
						{
							"origin": [3.42891, -1.23382, -0.12474],
							"size": [3.3, 0.175, 0.1],
							"pivot": [4.72891, 2.10368, -0.27474],
							"rotation": [-22.52022, 10.87363, 78.86081],
							"uv": {
								"north": {"uv": [11, 4], "uv_size": [3, 1]},
								"east": {"uv": [15, 11], "uv_size": [1, 1]},
								"south": {"uv": [11, 5], "uv_size": [3, 1]},
								"west": {"uv": [12, 15], "uv_size": [1, 1]},
								"up": {"uv": [6, 11], "uv_size": [3, 1]},
								"down": {"uv": [11, 7], "uv_size": [3, -1]}
							}
						}
					]
				},
				{
					"name": "R2",
					"parent": "legs",
					"pivot": [-0.9, 2.7, 0.6],
					"rotation": [-3.07119, 12.9765, -0.89973],
					"cubes": [
						{
							"origin": [-4.55, 1.6, 0.75],
							"size": [2.5, 0.175, 0.1],
							"pivot": [-1.5, -0.3, 0.9],
							"rotation": [-12.05623, -43.48453, 50.53984],
							"uv": {
								"north": {"uv": [11, 7], "uv_size": [3, 1]},
								"east": {"uv": [15, 12], "uv_size": [1, 1]},
								"south": {"uv": [9, 11], "uv_size": [3, 1]},
								"west": {"uv": [13, 15], "uv_size": [1, 1]},
								"up": {"uv": [0, 12], "uv_size": [3, 1]},
								"down": {"uv": [3, 13], "uv_size": [3, -1]}
							}
						},
						{
							"origin": [-1.85, 0.7, -1.15],
							"size": [3.2, 0.175, 0.1],
							"pivot": [-1.5, -0.3, 0.9],
							"rotation": [12.23682, -6.80593, -77.65692],
							"uv": {
								"north": {"uv": [6, 12], "uv_size": [3, 1]},
								"east": {"uv": [15, 13], "uv_size": [1, 1]},
								"south": {"uv": [9, 12], "uv_size": [3, 1]},
								"west": {"uv": [14, 15], "uv_size": [1, 1]},
								"up": {"uv": [12, 11], "uv_size": [3, 1]},
								"down": {"uv": [12, 13], "uv_size": [3, -1]}
							}
						}
					]
				},
				{
					"name": "L1",
					"parent": "legs",
					"pivot": [1.2, 2.7, -0.1],
					"rotation": [0, 3, -8]
				},
				{
					"name": "R1",
					"parent": "legs",
					"pivot": [-0.9, 2.7, -0.2],
					"rotation": [0, 0, -3]
				},
				{
					"name": "R4",
					"parent": "legs",
					"pivot": [-1.2, 2.4, 1.7],
					"rotation": [0.58747, -6.95686, 3.47357],
					"cubes": [
						{
							"origin": [-2.21899, 4.45522, 3.33833],
							"size": [3.8, 0.1, 0.175],
							"pivot": [-2.01899, 3.94272, 3.18833],
							"rotation": [-50.4402, 42.47288, 54.91393],
							"uv": {
								"north": {"uv": [2, 9], "uv_size": [4, 1]},
								"east": {"uv": [15, 16], "uv_size": [1, 1]},
								"south": {"uv": [2, 10], "uv_size": [4, 1]},
								"west": {"uv": [16, 15], "uv_size": [1, 1]},
								"up": {"uv": [6, 10], "uv_size": [4, 1]},
								"down": {"uv": [10, 9], "uv_size": [4, -1]}
							}
						},
						{
							"origin": [-6.30805, -0.28045, 7.20523],
							"size": [4.8, 0.075, 0.1],
							"pivot": [-4.55805, 2.05705, 5.95523],
							"rotation": [-55.57241, 21.78602, -77.65215],
							"uv": {
								"north": {"uv": [6, 0], "uv_size": [5, 1]},
								"east": {"uv": [0, 16], "uv_size": [1, 1]},
								"south": {"uv": [6, 1], "uv_size": [5, 1]},
								"west": {"uv": [16, 0], "uv_size": [1, 1]},
								"up": {"uv": [2, 6], "uv_size": [5, 1]},
								"down": {"uv": [2, 8], "uv_size": [5, -1]}
							}
						}
					]
				},
				{
					"name": "frontbody",
					"parent": "horrorant",
					"pivot": [0, 0.6, 1.5],
					"cubes": [
						{
							"origin": [-0.7, 2.415, -2],
							"size": [1.4, 0.96, 1.4],
							"pivot": [0, 0.4, 0],
							"rotation": [5, 0, 0],
							"uv": {
								"north": {"uv": [11, 14], "uv_size": [1, 1]},
								"east": {"uv": [14, 13], "uv_size": [1, 1]},
								"south": {"uv": [14, 14], "uv_size": [1, 1]},
								"west": {"uv": [15, 0], "uv_size": [1, 1]},
								"up": {"uv": [1, 15], "uv_size": [1, 1]},
								"down": {"uv": [15, 2], "uv_size": [1, -1]}
							}
						},
						{
							"origin": [-0.8, 2.15128, -1.68139],
							"size": [1.6, 0.36, 0.4],
							"pivot": [-0.05, 2.33128, -2.08139],
							"rotation": [68.5, 0, 0],
							"uv": {
								"north": {"uv": [31, 2], "uv_size": [1, 1]},
								"east": {"uv": [31, 0], "uv_size": [1, 1]},
								"south": {"uv": [31, 1], "uv_size": [1, 1]},
								"west": {"uv": [30, 0], "uv_size": [1, 1]},
								"up": {"uv": [30, 2], "uv_size": [1, 1]},
								"down": {"uv": [30, 2], "uv_size": [1, -1]}
							}
						},
						{
							"origin": [-0.5, 1.615, 0.4],
							"size": [1, 0.96, 1.2],
							"pivot": [0, 0.4, 0],
							"rotation": [-7, 0, 0],
							"uv": {
								"north": {"uv": [8, 16], "uv_size": [1, 1]},
								"east": {"uv": [16, 8], "uv_size": [1, 1]},
								"south": {"uv": [9, 16], "uv_size": [1, 1]},
								"west": {"uv": [16, 9], "uv_size": [1, 1]},
								"up": {"uv": [10, 16], "uv_size": [1, 1]},
								"down": {"uv": [16, 11], "uv_size": [1, -1]}
							}
						},
						{
							"origin": [-0.4, 1.815, -1.1],
							"size": [0.8, 0.76, 1],
							"pivot": [0, 0.4, 0],
							"rotation": [-15, 0, 0],
							"uv": {
								"north": {"uv": [12, 16], "uv_size": [1, 1]},
								"east": {"uv": [16, 12], "uv_size": [1, 1]},
								"south": {"uv": [13, 16], "uv_size": [1, 1]},
								"west": {"uv": [16, 13], "uv_size": [1, 1]},
								"up": {"uv": [14, 16], "uv_size": [1, 1]},
								"down": {"uv": [16, 15], "uv_size": [1, -1]}
							}
						}
					]
				},
				{
					"name": "face",
					"parent": "frontbody",
					"pivot": [0, 2, -0.2],
					"rotation": [-7, 0, 0]
				},
				{
					"name": "jaws",
					"parent": "face",
					"pivot": [-0.9, 1.8, -1.2],
					"rotation": [22, 0, 0],
					"cubes": [
						{
							"origin": [-0.80326, 3.29395, -3.15231],
							"size": [0, 0.06, 1.6],
							"pivot": [-0.80326, 2.77395, -1.85231],
							"rotation": [-38.90425, 26.04199, -10.94409],
							"uv": {
								"north": {"uv": [0, 0], "uv_size": [0, 1]},
								"east": {"uv": [4, 14], "uv_size": [2, 1]},
								"south": {"uv": [0, 0], "uv_size": [0, 1]},
								"west": {"uv": [14, 4], "uv_size": [2, 1]},
								"up": {"uv": [0, 0], "uv_size": [0, 2]},
								"down": {"uv": [0, 2], "uv_size": [0, -2]}
							}
						},
						{
							"origin": [0.49674, 3.39395, -3.75231],
							"size": [0, 0.06, 1.9],
							"pivot": [-0.80326, 2.77395, -1.85231],
							"rotation": [-41.2803, -22.18434, 19.47957],
							"uv": {
								"north": {"uv": [0, 0], "uv_size": [0, 1]},
								"east": {"uv": [14, 8], "uv_size": [2, 1]},
								"south": {"uv": [0, 0], "uv_size": [0, 1]},
								"west": {"uv": [9, 14], "uv_size": [2, 1]},
								"up": {"uv": [0, 0], "uv_size": [0, 2]},
								"down": {"uv": [0, 2], "uv_size": [0, -2]}
							}
						},
						{
							"origin": [-0.48575, 2.52499, -1.85231],
							"size": [0.95747, 0.55747, 0.77242],
							"pivot": [0.89298, 2.00372, -1.7161],
							"rotation": [32, 1.5, 0],
							"uv": {
								"north": {"uv": [1, 16], "uv_size": [1, 1]},
								"east": {"uv": [16, 1], "uv_size": [1, 1]},
								"south": {"uv": [2, 16], "uv_size": [1, 1]},
								"west": {"uv": [16, 2], "uv_size": [1, 1]},
								"up": {"uv": [3, 16], "uv_size": [1, 1]},
								"down": {"uv": [16, 4], "uv_size": [1, -1]}
							}
						},
						{
							"origin": [-0.28575, 2.42499, -2.35231],
							"size": [0.55747, 0.35747, 0.27242],
							"pivot": [0.89298, 2.00372, -1.7161],
							"rotation": [3, 1.5, 0],
							"uv": {
								"north": {"uv": [17, 5], "uv_size": [1, 1]},
								"east": {"uv": [6, 17], "uv_size": [1, 1]},
								"south": {"uv": [17, 6], "uv_size": [1, 1]},
								"west": {"uv": [7, 17], "uv_size": [1, 1]},
								"up": {"uv": [17, 7], "uv_size": [1, 1]},
								"down": {"uv": [8, 18], "uv_size": [1, -1]}
							}
						},
						{
							"origin": [-0.18575, 2.82499, -1.85231],
							"size": [0.05747, 0.15747, 0.57242],
							"pivot": [0.89298, 2.00372, -1.6161],
							"rotation": [38.56254, -15.1743, -12.78224],
							"uv": {
								"north": {"uv": [16, 16], "uv_size": [1, 1]},
								"east": {"uv": [0, 17], "uv_size": [1, 1]},
								"south": {"uv": [17, 0], "uv_size": [1, 1]},
								"west": {"uv": [1, 17], "uv_size": [1, 1]},
								"up": {"uv": [17, 1], "uv_size": [1, 1]},
								"down": {"uv": [2, 18], "uv_size": [1, -1]}
							}
						},
						{
							"origin": [0.31425, 2.82499, -2.55231],
							"size": [0.05747, 0.15747, 0.57242],
							"pivot": [0.89298, 2.00372, -1.6161],
							"rotation": [39.93245, 20.398, 15.27006],
							"uv": {
								"north": {"uv": [17, 2], "uv_size": [1, 1]},
								"east": {"uv": [3, 17], "uv_size": [1, 1]},
								"south": {"uv": [17, 3], "uv_size": [1, 1]},
								"west": {"uv": [4, 17], "uv_size": [1, 1]},
								"up": {"uv": [17, 4], "uv_size": [1, 1]},
								"down": {"uv": [5, 18], "uv_size": [1, -1]}
							}
						}
					]
				},
				{
					"name": "mainabdomen",
					"parent": "frontbody",
					"pivot": [-0.05, 2.18013, 3.23025],
					"cubes": [
						{
							"origin": [-0.65, 1.06821, 2.5929],
							"size": [1.3, 1.775, 2.4],
							"pivot": [0, 2.85571, 2.5429],
							"rotation": [-4.5, 0, 0],
							"uv": {
								"north": {"uv": [12, 13], "uv_size": [1, 2]},
								"east": {"uv": [8, 8], "uv_size": [2, 2]},
								"south": {"uv": [13, 13], "uv_size": [1, 2]},
								"west": {"uv": [0, 9], "uv_size": [2, 2]},
								"up": {"uv": [0, 14], "uv_size": [1, 2]},
								"down": {"uv": [14, 2], "uv_size": [1, -2]}
							}
						},
						{
							"origin": [-0.75, 1.46821, 2.6929],
							"size": [1.5, 0.875, 1.6],
							"uv": {
								"north": {"uv": [4, 16], "uv_size": [1, 1]},
								"east": {"uv": [13, 10], "uv_size": [2, 1]},
								"south": {"uv": [16, 4], "uv_size": [1, 1]},
								"west": {"uv": [1, 14], "uv_size": [2, 1]},
								"up": {"uv": [14, 2], "uv_size": [1, 2]},
								"down": {"uv": [3, 16], "uv_size": [1, -2]}
							}
						},
						{
							"origin": [-0.25, 1.78433, -0.80184],
							"size": [0.5, 0.475, 6.2],
							"pivot": [-0.1, 2.42183, 1.39816],
							"rotation": [-7, 0, 0],
							"uv": {
								"north": {"uv": [15, 14], "uv_size": [1, 1]},
								"east": {"uv": [0, 0], "uv_size": [6, 1]},
								"south": {"uv": [15, 15], "uv_size": [1, 1]},
								"west": {"uv": [0, 1], "uv_size": [6, 1]},
								"up": {"uv": [0, 2], "uv_size": [1, 6]},
								"down": {"uv": [1, 8], "uv_size": [1, -6]}
							}
						},
						{
							"origin": [-0.35, 1.78433, 2.99816],
							"size": [0.7, 0.975, 2.3],
							"pivot": [-0.1, 2.42183, 1.39816],
							"rotation": [-8, 0, 0],
							"uv": {
								"north": {"uv": [11, 16], "uv_size": [1, 1]},
								"east": {"uv": [14, 5], "uv_size": [2, 1]},
								"south": {"uv": [16, 11], "uv_size": [1, 1]},
								"west": {"uv": [6, 14], "uv_size": [2, 1]},
								"up": {"uv": [14, 6], "uv_size": [1, 2]},
								"down": {"uv": [8, 16], "uv_size": [1, -2]}
							}
						},
						{
							"origin": [-0.45, 1.38433, 3.69816],
							"size": [0.9, 1.275, 0.2],
							"uv": {
								"north": {"uv": [5, 16], "uv_size": [1, 1]},
								"east": {"uv": [16, 5], "uv_size": [1, 1]},
								"south": {"uv": [6, 16], "uv_size": [1, 1]},
								"west": {"uv": [16, 6], "uv_size": [1, 1]},
								"up": {"uv": [7, 16], "uv_size": [1, 1]},
								"down": {"uv": [16, 8], "uv_size": [1, -1]}
							}
						}
					]
				}
			]
		}
	]
}