{
	"format_version": "1.12.0",
	"minecraft:geometry": [
		{
			"description": {
				"identifier": "geometry.spidermothentity",
				"texture_width": 64,
				"texture_height": 64,
				"visible_bounds_width": 7,
				"visible_bounds_height": 5,
				"visible_bounds_offset": [0, 1.5, 0]
			},
			"bones": [
				{
					"name": "FullBody",
					"pivot": [0, 0, 0]
				},
				{
					"name": "rarmsthree",
					"parent": "FullBody",
					"pivot": [-5.94245, 18.29488, 0.06873],
					"rotation": [22.5, -25, 25],
					"cubes": [
						{"origin": [-6.60912, -0.03846, -0.59794], "size": [1, 21, 2], "uv": [6, 21]},
						{"origin": [-2.60912, -8.03846, 0.00206], "size": [1, 6, 1.1], "pivot": [-10.60912, -9.03846, 0.40206], "rotation": [0, 0, -27.5], "uv": [1, 22]},
						{"origin": [-2.40912, -12.03846, 0.10206], "size": [0.1, 5, 0.5], "pivot": [-10.60912, -9.03846, 0.40206], "rotation": [0, 0, -30], "uv": [2, 23]}
					]
				},
				{
					"name": "rarmstwo",
					"parent": "FullBody",
					"pivot": [-2.94617, 20.23844, -0.58445],
					"rotation": [22.5, -25, 15],
					"cubes": [
						{"origin": [-3.61284, -0.09489, -1.25111], "size": [1, 19, 2], "uv": [6, 21]},
						{"origin": [-3.61284, -6.19489, -6.25111], "size": [1, 4.1, 1], "pivot": [-7.61284, -9.09489, -0.25111], "rotation": [-35, -2.5, 0], "uv": [1, 22]},
						{"origin": [-2.71284, -8.49489, -5.75111], "size": [0.1, 6, 0.5], "pivot": [-7.61284, -9.09489, -0.25111], "rotation": [-32.24661, -4.28845, -6.75978], "uv": [2, 23]}
					]
				},
				{
					"name": "rarm",
					"parent": "FullBody",
					"pivot": [-2.67676, 21.33333, -2.12946],
					"rotation": [0, 2.5, 0],
					"cubes": [
						{"origin": [-4.50819, 7.2361, -5.97245], "size": [0.2, 3, 0.5], "pivot": [-5.05819, 8.7361, -5.77245], "rotation": [-8.62165, -4.98093, -8.6822], "uv": [2, 23]},
						{"origin": [-5.40819, 9, -7.88336], "size": [1, 4, 1], "pivot": [-0.00819, 2, -1.88336], "rotation": [-15, 0, 0], "uv": [1, 22]},
						{"origin": [-8.00819, 9, -9.88336], "size": [1, 10, 2], "pivot": [-0.00819, 2, -1.88336], "rotation": [-24.91818, 2.74672, 14.65352], "uv": [0, 21]}
					]
				},
				{
					"name": "larmsthree",
					"parent": "FullBody",
					"pivot": [3.4141, 21.04009, 0.06873],
					"rotation": [22.5, -25, -47.5],
					"cubes": [
						{"origin": [2.74744, -0.29325, -0.59794], "size": [1, 21, 2], "uv": [6, 21]},
						{"origin": [-4.75256, -5.29325, -0.19794], "size": [1, 6.1, 1], "pivot": [-1.25256, -9.29325, 0.40206], "rotation": [0, 0, 43], "uv": [1, 22]},
						{"origin": [-3.75256, -8.29325, -3.09794], "size": [0.1, 6, 0.5], "pivot": [-1.25256, -9.29325, 0.40206], "rotation": [-2.57567, 48.00596, 54.35693], "uv": [2, 23]}
					]
				},
				{
					"name": "larmstwo",
					"parent": "FullBody",
					"pivot": [4.94539, 18.78267, 0.06873],
					"rotation": [22.5, -25, -32.5],
					"cubes": [
						{"origin": [4.27872, 1.44934, -0.59794], "size": [1, 19, 2], "uv": [6, 21]},
						{"origin": [-0.72128, -1.55066, 0.10206], "size": [1, 5, 0.7], "pivot": [0.27872, -7.55066, 0.40206], "rotation": [2.5, 0, 25], "uv": [2, 23]},
						{"origin": [-0.62128, -3.75066, 0.30206], "size": [0.1, 7.2, 0.3], "pivot": [0.27872, -7.55066, 0.40206], "rotation": [2.5, 0, 27.5], "uv": [5, 26]}
					]
				},
				{
					"name": "larm",
					"parent": "FullBody",
					"pivot": [2.66667, 21.33333, -1.33333],
					"cubes": [
						{"origin": [2, 13, -2], "size": [1, 8, 2], "pivot": [2.5, 21.5, -1], "rotation": [-32.5, 0, -12.5], "uv": [6, 21]},
						{"origin": [3.5, 11, -6], "size": [1, 4, 1], "uv": [1, 22]},
						{"origin": [3.9, 8, -7.3], "size": [0.2, 4, 0.6], "pivot": [0, 0, 0], "rotation": [-6, 0, 0], "uv": [2, 23]}
					]
				},
				{
					"name": "head",
					"parent": "FullBody",
					"pivot": [0.07738, 22.17982, -2.41284],
					"rotation": [12.5, 0, 0],
					"cubes": [
						{"origin": [-5, 18.77317, -2.11449], "size": [10, 1, 4], "uv": [-1, 12]},
						{"origin": [-2, 19.97317, -3.01449], "size": [4, 4, 3], "pivot": [0, 21.97317, -1.51449], "rotation": [11, 0, 0], "uv": [17, 20]},
						{"origin": [-1.6, 19.67317, -3.41449], "size": [2.6, 3.5, 3.7], "pivot": [0, 21.97317, -1.51449], "rotation": [-92.44022, -66.77513, -86.63927], "uv": [17, 20]},
						{"origin": [-2.6, 19.67317, -3.41449], "size": [2.6, 3.5, 3.7], "pivot": [0, 21.97317, -1.51449], "rotation": [-91.06847, -25.79006, -88.41705], "uv": [17, 20]},
						{"origin": [-2, 12.97317, -17.01449], "size": [4, 6, 3], "pivot": [0, -1.02683, -2.01449], "rotation": [-37.5, 0, 0], "uv": [17, 20]},
						{"origin": [0, 19.17722, -4.99643], "size": [1, 0.8, -1], "pivot": [0.5, 19.72722, -4.99643], "rotation": [62.5, 0, 0], "uv": [22, 29]},
						{"origin": [0.1641, 24.04536, -3.0268], "size": [0.7, 0.9, 0.8], "pivot": [0.5141, 24.34536, -2.5768], "rotation": [-48.9311, -26.6232, 96.6371], "uv": [61, 2]},
						{"origin": [-1.0719, 23.64316, -2.8951], "size": [0.9, 1.1, 0.9], "pivot": [-0.6219, 24.19316, -2.4451], "rotation": [30.323, -37.9118, -22.9094], "uv": [61, 2]},
						{"origin": [0.4, 19.57722, -8.29643], "size": [0.3, 0.2, 3.2], "pivot": [0.5, 19.72722, -4.99643], "rotation": [71.5, 0, 0], "uv": [30, 52]},
						{"origin": [0, 19.57722, -6.89643], "size": [0.3, 0.2, 3.2], "pivot": [0.5, 19.72722, -4.99643], "rotation": [71.5, 0, 0], "uv": [30, 52]},
						{"origin": [-1, 23.97317, -2.71449], "size": [2, 1, 2], "pivot": [0, 24.47317, -2.01449], "rotation": [0, -40, 0], "uv": [0, 14]},
						{"origin": [-1.1, 23.97317, -2.71449], "size": [2, 1, 2], "pivot": [0, 24.47317, -2.01449], "rotation": [0, 44, 0], "uv": [0, 10]},
						{"origin": [-1, 23.37317, -2.11449], "size": [2, 1, 2], "pivot": [0, 23.87317, -1.41449], "rotation": [-99.97528, 7.57131, 36.83829], "uv": [26, 10]},
						{"origin": [-0.9, 23.27317, -2.01449], "size": [2, 1, 2], "pivot": [0, 23.87317, -1.41449], "rotation": [-97.52151, -7.51768, -36.55879], "uv": [26, 10]},
						{"origin": [-1, 23.37317, -1.91449], "size": [2, 1, 2], "pivot": [0, 23.87317, -1.21449], "rotation": [143.95534, 31.81666, -20.98998], "uv": [26, 10]},
						{"origin": [-1, 23.37317, -1.81449], "size": [2, 1, 2], "pivot": [0, 23.87317, -1.21449], "rotation": [144.13605, -31.41191, 20.64526], "uv": [26, 10]}
					]
				},
				{
					"name": "lleg",
					"parent": "FullBody",
					"pivot": [2.5, 9.94044, 10.01172],
					"cubes": [
						{"origin": [5, -1, 8], "size": [1, 8, 1], "pivot": [0, 1, 1], "rotation": [17.49524, 9.84655, -28.48124], "uv": [13, 22]},
						{"origin": [3.7, -0.75956, 7.21172], "size": [0.7, 4.7, 0.7], "pivot": [2.5, 9.94044, 10.01172], "rotation": [0, 0, -15], "uv": [2, 2]}
					]
				},
				{
					"name": "llegmain",
					"parent": "lleg",
					"pivot": [6.57056, 5.11911, 5.29119],
					"cubes": [
						{"origin": [7.71651, -8.12408, 7.19857], "size": [1, 8, 1], "pivot": [0.11651, 1.87592, 0.39857], "rotation": [33.32553, 0.5292, -13.32282], "uv": [13, 22]},
						{"origin": [7.21651, -1.42408, 7.39857], "size": [1, 14, 1], "pivot": [0.11651, 1.87592, 0.39857], "rotation": [25.03777, 6.56592, -25.98473], "uv": [13, 22]}
					]
				},
				{
					"name": "rleg",
					"parent": "FullBody",
					"pivot": [-2.5, 5.94044, 13.01172],
					"cubes": [
						{"origin": [-7, -1, 9], "size": [1, 10, 1], "pivot": [0, 0, 4], "rotation": [17.89244, -9.08661, 26.06663], "uv": [19, 28]},
						{"origin": [-6.3, -0.45956, 8.21172], "size": [0.6, 4.4, 0.8], "pivot": [-2.5, 5.94044, 13.01172], "rotation": [0, -5, 10], "uv": [2, 2]}
					]
				},
				{
					"name": "rlegmain",
					"parent": "rleg",
					"pivot": [-7.62769, 6.41903, 7.94256],
					"cubes": [
						{"origin": [-7.9, -4.7, 8], "size": [1, 6.7, 1], "pivot": [-16, 1, 1], "rotation": [31.18091, -12.41623, 7.04179], "uv": [13, 22]},
						{"origin": [-8.9, 5, 8], "size": [1, 15, 1], "pivot": [-16, 1, 1], "rotation": [20.80525, -15.66174, 23.16322], "uv": [13, 22]}
					]
				},
				{
					"name": "wings",
					"parent": "FullBody",
					"pivot": [3.51281, 19.90052, 1.80234]
				},
				{
					"name": "lwing",
					"parent": "wings",
					"pivot": [3.51281, 19.90052, 1.00234],
					"rotation": [40, -2.5, 2.5],
					"cubes": [
						{"origin": [4.28219, 14.90052, 1.88376], "size": [26, 10, 0.2], "pivot": [-0.71781, -1.89948, -1.01624], "rotation": [0.26017, -0.61253, -2.51627], "uv": [1, 18]},
						{"origin": [6.28219, 22.10052, 1.98376], "size": [24.6, 2.3, 0], "pivot": [-0.71781, -1.89948, -1.01624], "rotation": [0.26017, -0.61253, -2.51627], "uv": [1, 19]},
						{"origin": [19.5141, 16.345, 2.22656], "size": [11, 4.3, 0], "pivot": [28.5141, 18.645, 1.92656], "rotation": [5.84485, -11.06861, 154.43319], "uv": [1, 19]},
						{"origin": [26.86541, 20.92826, 0.84436], "size": [10.7, 4.1, 0], "pivot": [33.56541, 22.42826, 0.84436], "rotation": [0, 12.5, 2.5], "uv": [1, 20]}
					]
				},
				{
					"name": "rwing",
					"parent": "wings",
					"pivot": [-5.10781, 20.24586, 0.46172],
					"rotation": [40.02914, -1.85701, 1.73357],
					"cubes": [
						{"origin": [-28.83628, 15.44586, 1.4813], "size": [26, 9.8, 0.2], "pivot": [0, -0.1, -0.8], "rotation": [0, 0, -2], "uv": [1, 18]},
						{"origin": [-30.73628, 19.74586, 1.4813], "size": [25.4, 4.9, 0], "pivot": [0, -0.1, -0.8], "rotation": [0, 0, -2], "uv": [0, 20]},
						{"origin": [-29.43628, 23.84586, 7.4813], "size": [10, 3.5, 0], "pivot": [-2.03628, 3.44586, -20.5187], "rotation": [0.53577, -14.99065, -9.57049], "uv": [1, 18]},
						{"origin": [-38.33628, 14.90088, 1.50613], "size": [10.2, 4.2, 0], "pivot": [-30.13628, 17.80088, 1.50613], "rotation": [-6.40938, -13.05346, 22.18451], "uv": [1, 18]}
					]
				},
				{
					"name": "torsodouble",
					"parent": "FullBody",
					"pivot": [0, 0, 0]
				},
				{
					"name": "torso",
					"parent": "torsodouble",
					"pivot": [0.16667, 14.22731, -15.81844],
					"rotation": [37.5, 0, 0],
					"cubes": [
						{"origin": [-11, 1.32295, -1.7112], "size": [22, 5, 1], "uv": [0, 19]},
						{"origin": [-3, -5.67705, -4.7112], "size": [6, 11, 3], "uv": [0, 0]},
						{"origin": [-1, -14.67705, -1.7112], "size": [2, 13, 4], "pivot": [0, -16.47705, -3.7112], "rotation": [17.5, 0, 0], "uv": [-1, -1]},
						{"origin": [-2, -2.67705, -5.7112], "size": [5, 9, 5], "pivot": [0, -16.47705, -3.7112], "rotation": [0, -45, 0], "uv": [16, -2]},
						{"origin": [-6, 5.32295, -1.7112], "size": [12, 4, 1], "uv": [0, 20]},
						{"origin": [-5, 1.72295, -1.4112], "size": [9, 6, 1], "pivot": [0, 7.32295, 0.3888], "rotation": [-11.5, 0, 0], "uv": [0, 17]},
						{"origin": [-5, 0.32295, -1.2112], "size": [9, 6, 1], "pivot": [0, 7.32295, 0.3888], "rotation": [-11.5, 0, 0], "uv": [0, 17]}
					]
				},
				{
					"name": "end",
					"parent": "torso",
					"pivot": [0, -16.47705, -3.7112],
					"cubes": [
						{"origin": [-1.4, -20.97705, -0.9112], "size": [2.8, 11.3, 4.5], "pivot": [0, -16.47705, -3.7112], "rotation": [17.5, 0, 0], "uv": [0, 0]},
						{"origin": [-2, -22.67705, -0.7112], "size": [4, 15, 4], "pivot": [0, -16.47705, -3.7112], "rotation": [17.5, 0, 0], "uv": [0, 45]}
					]
				},
				{
					"name": "fill",
					"parent": "torso",
					"pivot": [-2.52809, -7.90173, -2.87129],
					"cubes": [
						{"origin": [-0.5, 0.88087, -6.36081], "size": [3.5, 7.8, 3.6], "pivot": [0, -16.01913, -5.76081], "rotation": [0, -45, 0], "uv": [18, 0]}
					]
				},
				{
					"name": "maw",
					"parent": "torso",
					"pivot": [1.10925, 3.14051, -6.88991],
					"cubes": [
						{"origin": [-0.33333, 4.22731, -6.81844], "size": [0.5, 0.5, 1.8], "pivot": [0.16667, 15.22731, -15.81844], "rotation": [0, 7.5, 0], "uv": [1, 1]},
						{"origin": [-2.33333, 4.52731, -6.81844], "size": [0.5, 0.5, 1.8], "pivot": [0.16667, 15.22731, -15.81844], "rotation": [0, 7.5, 0], "uv": [2, 1]},
						{"origin": [-2.33333, 9.22731, -0.81844], "size": [0.5, 0.5, 1.8], "pivot": [0.16667, 15.22731, -15.81844], "rotation": [-32.5, 7.5, 0], "uv": [2, 1]},
						{"origin": [-0.7198, 2.55937, -7.06643], "size": [0.1, 0.1, 1.2], "pivot": [-0.6698, 2.80937, -6.46643], "rotation": [-32.20608, -1.80064, 5.88731], "uv": [2, 1]},
						{"origin": [-2.33333, 10.22731, -1.81844], "size": [0.5, 0.5, 1.8], "pivot": [0.16667, 15.22731, -15.81844], "rotation": [-32.19677, 8.83782, 2.13363], "uv": [2, 1]},
						{"origin": [0.77184, 2.97845, -6.72189], "size": [0.5, 0.5, 1.8], "pivot": [1.02184, 3.22845, -5.82189], "rotation": [-22.19677, 8.83782, 2.13363], "uv": [1, 1]},
						{"origin": [0.97184, 3.27845, -7.72189], "size": [0.1, 0.1, 1], "pivot": [1.02184, 3.22845, -5.82189], "rotation": [-23.54032, 20.82457, -3.08312], "uv": [2, 1]},
						{"origin": [0.86187, 4.22731, -7.85745], "size": [0.3, 0.3, 1.8], "pivot": [1.11187, 4.37731, -6.95745], "rotation": [0, 19.5, 0], "uv": [1, 1]},
						{"origin": [1.06187, 4.42731, -8.65745], "size": [0.1, 0.1, 0.8], "pivot": [1.11187, 4.37731, -6.95745], "rotation": [0, 29.5, 0], "uv": [3, 2]},
						{"origin": [-1.02016, 4.62731, -7.88335], "size": [0.3, 0.3, 1.9], "pivot": [-0.97016, 4.77731, -6.68335], "rotation": [-13, -9.5, 0], "uv": [2, 1]},
						{"origin": [-0.82016, 4.82731, -8.58335], "size": [0.1, 0.1, 0.7], "pivot": [-0.97016, 4.77731, -6.68335], "rotation": [-13, -9.5, 0], "uv": [3, 2]},
						{"origin": [-0.77486, 1.60041, -7.25892], "size": [0.3, 0.3, 1.8], "pivot": [-0.62486, 1.75041, -6.35892], "rotation": [-32.48295, -7.29384, 9.37452], "uv": [2, 1]},
						{"origin": [-0.97486, 1.80041, -7.65892], "size": [0.1, 0.1, 0.5], "pivot": [-0.62486, 1.75041, -6.35892], "rotation": [-34.10264, -18.17536, 16.67967], "uv": [3, 2]},
						{"origin": [0.6495, 1.6571, -7.84247], "size": [0.3, 0.3, 1.8], "pivot": [1.7995, 1.8071, -5.94247], "rotation": [-20.85205, 23.80539, -6.63435], "uv": [1, 1]},
						{"origin": [-0.01987, 2.3863, -7.4614], "size": [0.1, 0.1, 0.4], "pivot": [-0.06987, 2.4363, -7.2614], "rotation": [-23.40527, 34.92997, -11.81344], "uv": [2, 2]},
						{"origin": [-1.24388, 3.58068, -7.12064], "size": [0.3, 0.3, 1.8], "pivot": [-1.09388, 3.73068, -6.22064], "rotation": [-31.80257, 2.47485, 6.12539], "uv": [2, 2]},
						{"origin": [-1.04388, 3.68068, -8.12064], "size": [0.1, 0.1, 1], "pivot": [-1.09388, 3.73068, -6.22064], "rotation": [-31.80257, 2.47485, 6.12539], "uv": [2, 1]},
						{"origin": [0.85925, 3.99051, -5.78991], "size": [0.3, 0.3, 1.8], "pivot": [1.10925, 3.14051, -6.88991], "rotation": [-33.45578, 17.24777, -3.42598], "uv": [1, 1]}
					]
				}
			]
		}
	]
}