{
	"format_version": "1.12.0",
	"minecraft:geometry": [
		{
			"description": {
				"identifier": "geometry.waterroach",
				"texture_width": 32,
				"texture_height": 32,
				"visible_bounds_width": 4,
				"visible_bounds_height": 2.5,
				"visible_bounds_offset": [0, 0.75, 0]
			},
			"bones": [
				{
					"name": "cockroach",
					"pivot": [0, 0, -2.2]
				},
				{
					"name": "L4",
					"parent": "cockroach",
					"pivot": [3.1, 1.6, -0.2],
					"rotation": [-11.85746, 1.46368, 50.04328],
					"cubes": [
						{
							"origin": [1.67011, 3.24986, 1.26151],
							"size": [2.2, 0.375, 0.5],
							"pivot": [3.72011, 2.73736, 1.91151],
							"rotation": [19.08157, -5.23205, -69.65278],
							"uv": {
								"north": {"uv": [21, 21], "uv_size": [2.5, 0.5]},
								"east": {"uv": [26, 28], "uv_size": [0.5, 0.5]},
								"south": {"uv": [22, 0], "uv_size": [2.5, 0.5]},
								"west": {"uv": [28, 26], "uv_size": [0.5, 0.5]},
								"up": {"uv": [22, 1], "uv_size": [2.5, 0.5]},
								"down": {"uv": [2, 22.5], "uv_size": [2.5, -0.5]}
							}
						},
						{
							"origin": [3.27011, 3.44986, 1.26151],
							"size": [0.1, 0.075, 0.8],
							"pivot": [3.72011, 2.73736, 1.91151],
							"rotation": [23.47006, -35.17313, -81.88848],
							"uv": {
								"north": {"uv": [21, 21], "uv_size": [2.5, 0.5]},
								"east": {"uv": [26, 28], "uv_size": [0.5, 0.5]},
								"south": {"uv": [22, 0], "uv_size": [2.5, 0.5]},
								"west": {"uv": [28, 26], "uv_size": [0.5, 0.5]},
								"up": {"uv": [22, 1], "uv_size": [2.5, 0.5]},
								"down": {"uv": [2, 22.5], "uv_size": [2.5, -0.5]}
							}
						},
						{
							"origin": [4.47011, 2.74986, 0.96151],
							"size": [0.1, 0.075, 0.9],
							"pivot": [3.72011, 2.73736, 1.91151],
							"rotation": [80.04223, -70.69899, -147.30816],
							"uv": {
								"north": {"uv": [21, 21], "uv_size": [2.5, 0.5]},
								"east": {"uv": [26, 28], "uv_size": [0.5, 0.5]},
								"south": {"uv": [22, 0], "uv_size": [2.5, 0.5]},
								"west": {"uv": [28, 26], "uv_size": [0.5, 0.5]},
								"up": {"uv": [22, 1], "uv_size": [2.5, 0.5]},
								"down": {"uv": [2, 22.5], "uv_size": [2.5, -0.5]}
							}
						},
						{
							"origin": [5.47011, 1.54986, 0.66151],
							"size": [0.1, 0.075, 0.8],
							"pivot": [3.72011, 2.73736, 1.91151],
							"rotation": [117.96807, -68.37063, 172.41831],
							"uv": {
								"north": {"uv": [21, 21], "uv_size": [2.5, 0.5]},
								"east": {"uv": [26, 28], "uv_size": [0.5, 0.5]},
								"south": {"uv": [22, 0], "uv_size": [2.5, 0.5]},
								"west": {"uv": [28, 26], "uv_size": [0.5, 0.5]},
								"up": {"uv": [22, 1], "uv_size": [2.5, 0.5]},
								"down": {"uv": [2, 22.5], "uv_size": [2.5, -0.5]}
							}
						},
						{
							"origin": [2.62182, 3.02328, 2.17619],
							"size": [1.6, 0.375, 0.3],
							"pivot": [3.67182, 3.66078, 2.32619],
							"rotation": [21.93174, -77.82554, -17.99344],
							"uv": {
								"north": {"uv": [17, 25], "uv_size": [1.5, 0.5]},
								"east": {"uv": [27, 28], "uv_size": [0.5, 0.5]},
								"south": {"uv": [25, 18], "uv_size": [1.5, 0.5]},
								"west": {"uv": [28, 27], "uv_size": [0.5, 0.5]},
								"up": {"uv": [19, 25], "uv_size": [1.5, 0.5]},
								"down": {"uv": [25, 19.5], "uv_size": [1.5, -0.5]}
							}
						},
						{
							"origin": [3.11467, 2.82596, 4.46404],
							"size": [2.8, 0.275, 0.3],
							"pivot": [4.86467, 0.56346, 3.81404],
							"rotation": [-12.25858, -61.39234, 20.02078],
							"uv": {
								"north": {"uv": [19, 12], "uv_size": [3, 0.5]},
								"east": {"uv": [29, 11], "uv_size": [0.5, 0.5]},
								"south": {"uv": [13, 19], "uv_size": [3, 0.5]},
								"west": {"uv": [12, 29], "uv_size": [0.5, 0.5]},
								"up": {"uv": [19, 13], "uv_size": [3, 0.5]},
								"down": {"uv": [19, 14.5], "uv_size": [3, -0.5]}
							}
						},
						{
							"origin": [6.02068, 2.59235, 5.46174],
							"size": [0.8, 0.275, 0.3],
							"pivot": [5.52068, 1.62985, 4.91174],
							"rotation": [34.59336, -37.56317, -46.24946],
							"uv": {
								"north": {"uv": [27, 14], "uv_size": [1, 0.5]},
								"east": {"uv": [29, 12], "uv_size": [0.5, 0.5]},
								"south": {"uv": [15, 27], "uv_size": [1, 0.5]},
								"west": {"uv": [13, 29], "uv_size": [0.5, 0.5]},
								"up": {"uv": [27, 15], "uv_size": [1, 0.5]},
								"down": {"uv": [16, 27.5], "uv_size": [1, -0.5]}
							}
						}
					]
				},
				{
					"name": "L3",
					"parent": "cockroach",
					"pivot": [1.2, 1.4, -1.9],
					"cubes": [
						{
							"origin": [4.12266, 0.79809, -1.17841],
							"size": [2.2, 0.275, 0.2],
							"pivot": [4.67266, 1.58559, -1.12841],
							"rotation": [-8.47415, 18.0308, 54.97822],
							"uv": {
								"north": {"uv": [23, 18], "uv_size": [2, 0.5]},
								"east": {"uv": [28, 28], "uv_size": [0.5, 0.5]},
								"south": {"uv": [21, 23], "uv_size": [2, 0.5]},
								"west": {"uv": [0, 29], "uv_size": [0.5, 0.5]},
								"up": {"uv": [23, 23], "uv_size": [2, 0.5]},
								"down": {"uv": [0, 24.5], "uv_size": [2, -0.5]}
							}
						},
						{
							"origin": [4.97365, -0.09736, -1.62383],
							"size": [0.8, 0.175, 0.3],
							"pivot": [5.37365, -0.10986, -1.77383],
							"rotation": [-20.03721, -25.18954, 24.98668],
							"uv": {
								"north": {"uv": [27, 11], "uv_size": [1, 0.5]},
								"east": {"uv": [29, 10], "uv_size": [0.5, 0.5]},
								"south": {"uv": [27, 12], "uv_size": [1, 0.5]},
								"west": {"uv": [11, 29], "uv_size": [0.5, 0.5]},
								"up": {"uv": [27, 13], "uv_size": [1, 0.5]},
								"down": {"uv": [14, 27.5], "uv_size": [1, -0.5]}
							}
						},
						{
							"origin": [1.02607, 1.36576, -1.58224],
							"size": [2.9, 0.375, 0.4],
							"pivot": [2.47607, 1.95326, -1.33224],
							"rotation": [-1.16156, -21.39214, -7.61801],
							"uv": {
								"north": {"uv": [19, 2], "uv_size": [3, 0.5]},
								"east": {"uv": [29, 0], "uv_size": [0.5, 0.5]},
								"south": {"uv": [19, 3], "uv_size": [3, 0.5]},
								"west": {"uv": [1, 29], "uv_size": [0.5, 0.5]},
								"up": {"uv": [19, 5], "uv_size": [3, 0.5]},
								"down": {"uv": [19, 6.5], "uv_size": [3, -0.5]}
							}
						},
						{
							"origin": [3.22607, 1.56576, -1.78224],
							"size": [0.1, 0.075, 0.7],
							"pivot": [2.47607, 1.95326, -1.33224],
							"rotation": [-1.16156, -21.39214, -7.61801],
							"uv": {
								"north": {"uv": [19, 2], "uv_size": [3, 0.5]},
								"east": {"uv": [29, 0], "uv_size": [0.5, 0.5]},
								"south": {"uv": [19, 3], "uv_size": [3, 0.5]},
								"west": {"uv": [1, 29], "uv_size": [0.5, 0.5]},
								"up": {"uv": [19, 5], "uv_size": [3, 0.5]},
								"down": {"uv": [19, 6.5], "uv_size": [3, -0.5]}
							}
						},
						{
							"origin": [4.10078, 1.0888, -1.4273],
							"size": [0.1, 0.075, 0.5],
							"pivot": [4.15078, 1.1263, -1.1773],
							"rotation": [-1.11763, 14.6012, -8.32351],
							"uv": {
								"north": {"uv": [19, 2], "uv_size": [3, 0.5]},
								"east": {"uv": [29, 0], "uv_size": [0.5, 0.5]},
								"south": {"uv": [19, 3], "uv_size": [3, 0.5]},
								"west": {"uv": [1, 29], "uv_size": [0.5, 0.5]},
								"up": {"uv": [19, 5], "uv_size": [3, 0.5]},
								"down": {"uv": [19, 6.5], "uv_size": [3, -0.5]}
							}
						},
						{
							"origin": [4.50078, 0.4888, -1.5273],
							"size": [0.1, 0.075, 0.5],
							"pivot": [4.15078, 1.1263, -1.1773],
							"rotation": [-1.11763, 14.6012, -8.32351],
							"uv": {
								"north": {"uv": [19, 2], "uv_size": [3, 0.5]},
								"east": {"uv": [29, 0], "uv_size": [0.5, 0.5]},
								"south": {"uv": [19, 3], "uv_size": [3, 0.5]},
								"west": {"uv": [1, 29], "uv_size": [0.5, 0.5]},
								"up": {"uv": [19, 5], "uv_size": [3, 0.5]},
								"down": {"uv": [19, 6.5], "uv_size": [3, -0.5]}
							}
						}
					]
				},
				{
					"name": "R3",
					"parent": "cockroach",
					"pivot": [-1.4, 1.4, -2.1],
					"cubes": [
						{
							"origin": [-3.79565, 1.69618, -1.42553],
							"size": [2.5, 0.275, 0.4],
							"pivot": [-2.64565, 2.03368, -1.57553],
							"rotation": [2.25662, 28.94575, 15.51948],
							"uv": {
								"north": {"uv": [22, 2], "uv_size": [2.5, 0.5]},
								"east": {"uv": [29, 1], "uv_size": [0.5, 0.5]},
								"south": {"uv": [22, 3], "uv_size": [2.5, 0.5]},
								"west": {"uv": [2, 29], "uv_size": [0.5, 0.5]},
								"up": {"uv": [22, 4], "uv_size": [2.5, 0.5]},
								"down": {"uv": [5, 22.5], "uv_size": [2.5, -0.5]}
							}
						},
						{
							"origin": [-5.61825, 0.22082, -0.96074],
							"size": [2.2, 0.375, 0.2],
							"pivot": [-5.11825, 1.15832, -0.81074],
							"rotation": [-8.29612, -8.45502, -52.59875],
							"uv": {
								"north": {"uv": [2, 24], "uv_size": [2, 0.5]},
								"east": {"uv": [29, 2], "uv_size": [0.5, 0.5]},
								"south": {"uv": [4, 24], "uv_size": [2, 0.5]},
								"west": {"uv": [3, 29], "uv_size": [0.5, 0.5]},
								"up": {"uv": [6, 24], "uv_size": [2, 0.5]},
								"down": {"uv": [24, 7.5], "uv_size": [2, -0.5]}
							}
						},
						{
							"origin": [-4.11825, 0.42082, -1.16074],
							"size": [0.1, 0.075, 0.6],
							"pivot": [-5.11825, 1.15832, -0.81074],
							"rotation": [-8.29612, -8.45502, -52.59875],
							"uv": {
								"north": {"uv": [2, 24], "uv_size": [2, 0.5]},
								"east": {"uv": [29, 2], "uv_size": [0.5, 0.5]},
								"south": {"uv": [4, 24], "uv_size": [2, 0.5]},
								"west": {"uv": [3, 29], "uv_size": [0.5, 0.5]},
								"up": {"uv": [6, 24], "uv_size": [2, 0.5]},
								"down": {"uv": [24, 7.5], "uv_size": [2, -0.5]}
							}
						},
						{
							"origin": [-4.61825, 0.42082, -1.06074],
							"size": [0.1, 0.075, 0.4],
							"pivot": [-5.11825, 1.15832, -0.81074],
							"rotation": [-8.29612, -8.45502, -52.59875],
							"uv": {
								"north": {"uv": [2, 24], "uv_size": [2, 0.5]},
								"east": {"uv": [29, 2], "uv_size": [0.5, 0.5]},
								"south": {"uv": [4, 24], "uv_size": [2, 0.5]},
								"west": {"uv": [3, 29], "uv_size": [0.5, 0.5]},
								"up": {"uv": [6, 24], "uv_size": [2, 0.5]},
								"down": {"uv": [24, 7.5], "uv_size": [2, -0.5]}
							}
						},
						{
							"origin": [-5.31825, 0.42082, -1.06074],
							"size": [0.1, 0.075, 0.4],
							"pivot": [-5.11825, 1.15832, -0.81074],
							"rotation": [-8.29612, -8.45502, -52.59875],
							"uv": {
								"north": {"uv": [2, 24], "uv_size": [2, 0.5]},
								"east": {"uv": [29, 2], "uv_size": [0.5, 0.5]},
								"south": {"uv": [4, 24], "uv_size": [2, 0.5]},
								"west": {"uv": [3, 29], "uv_size": [0.5, 0.5]},
								"up": {"uv": [6, 24], "uv_size": [2, 0.5]},
								"down": {"uv": [24, 7.5], "uv_size": [2, -0.5]}
							}
						},
						{
							"origin": [-5.71825, 0.22082, -0.96074],
							"size": [0.8, 0.275, 0.3],
							"pivot": [-5.11825, 1.15832, -0.81074],
							"rotation": [-14.3868, 34.54567, -18.55087],
							"uv": {
								"north": {"uv": [27, 19], "uv_size": [1, 0.5]},
								"east": {"uv": [29, 14], "uv_size": [0.5, 0.5]},
								"south": {"uv": [20, 27], "uv_size": [1, 0.5]},
								"west": {"uv": [15, 29], "uv_size": [0.5, 0.5]},
								"up": {"uv": [27, 20], "uv_size": [1, 0.5]},
								"down": {"uv": [21, 27.5], "uv_size": [1, -0.5]}
							}
						}
					]
				},
				{
					"name": "L2",
					"parent": "cockroach",
					"pivot": [1.2, 1.4, -3],
					"rotation": [0, 5, 0],
					"cubes": [
						{
							"origin": [1.22323, 1.65206, -2.80095],
							"size": [1.7, 0.375, 0.3],
							"pivot": [2.07323, 1.83956, -3.05095],
							"rotation": [-7.80937, -9.01285, -35.48393],
							"uv": {
								"north": {"uv": [25, 20], "uv_size": [1.5, 0.5]},
								"east": {"uv": [29, 3], "uv_size": [0.5, 0.5]},
								"south": {"uv": [21, 25], "uv_size": [1.5, 0.5]},
								"west": {"uv": [4, 29], "uv_size": [0.5, 0.5]},
								"up": {"uv": [25, 22], "uv_size": [1.5, 0.5]},
								"down": {"uv": [23, 25.5], "uv_size": [1.5, -0.5]}
							}
						},
						{
							"origin": [2.52891, -0.53382, -3.12474],
							"size": [2.6, 0.275, 0.2],
							"pivot": [5.02891, 0.80368, -3.67474],
							"rotation": [10.29283, 7.13136, 55.6431],
							"uv": {
								"north": {"uv": [22, 5], "uv_size": [2.5, 0.5]},
								"east": {"uv": [29, 4], "uv_size": [0.5, 0.5]},
								"south": {"uv": [22, 6], "uv_size": [2.5, 0.5]},
								"west": {"uv": [5, 29], "uv_size": [0.5, 0.5]},
								"up": {"uv": [22, 8], "uv_size": [2.5, 0.5]},
								"down": {"uv": [22, 9.5], "uv_size": [2.5, -0.5]}
							}
						},
						{
							"origin": [3.72891, -0.43382, -3.22474],
							"size": [0.1, 0.075, 0.4],
							"pivot": [5.02891, 0.80368, -3.67474],
							"rotation": [10.29283, 7.13136, 55.6431],
							"uv": {
								"north": {"uv": [22, 5], "uv_size": [2.5, 0.5]},
								"east": {"uv": [29, 4], "uv_size": [0.5, 0.5]},
								"south": {"uv": [22, 6], "uv_size": [2.5, 0.5]},
								"west": {"uv": [5, 29], "uv_size": [0.5, 0.5]},
								"up": {"uv": [22, 8], "uv_size": [2.5, 0.5]},
								"down": {"uv": [22, 9.5], "uv_size": [2.5, -0.5]}
							}
						},
						{
							"origin": [2.72891, -0.43382, -3.22474],
							"size": [0.1, 0.075, 0.4],
							"pivot": [5.02891, 0.80368, -3.67474],
							"rotation": [10.29283, 7.13136, 55.6431],
							"uv": {
								"north": {"uv": [22, 5], "uv_size": [2.5, 0.5]},
								"east": {"uv": [29, 4], "uv_size": [0.5, 0.5]},
								"south": {"uv": [22, 6], "uv_size": [2.5, 0.5]},
								"west": {"uv": [5, 29], "uv_size": [0.5, 0.5]},
								"up": {"uv": [22, 8], "uv_size": [2.5, 0.5]},
								"down": {"uv": [22, 9.5], "uv_size": [2.5, -0.5]}
							}
						},
						{
							"origin": [4.52891, -0.43382, -3.32474],
							"size": [0.1, 0.075, 0.5],
							"pivot": [5.02891, 0.80368, -3.67474],
							"rotation": [10.44499, 12.04981, 56.55551],
							"uv": {
								"north": {"uv": [22, 5], "uv_size": [2.5, 0.5]},
								"east": {"uv": [29, 4], "uv_size": [0.5, 0.5]},
								"south": {"uv": [22, 6], "uv_size": [2.5, 0.5]},
								"west": {"uv": [5, 29], "uv_size": [0.5, 0.5]},
								"up": {"uv": [22, 8], "uv_size": [2.5, 0.5]},
								"down": {"uv": [22, 9.5], "uv_size": [2.5, -0.5]}
							}
						},
						{
							"origin": [4.20072, -0.23169, -2.99064],
							"size": [0.8, 0.275, 0.3],
							"pivot": [4.50072, -0.29419, -2.84064],
							"rotation": [2.74714, 12.19908, 12.79362],
							"uv": {
								"north": {"uv": [27, 8], "uv_size": [1, 0.5]},
								"east": {"uv": [29, 9], "uv_size": [0.5, 0.5]},
								"south": {"uv": [9, 27], "uv_size": [1, 0.5]},
								"west": {"uv": [10, 29], "uv_size": [0.5, 0.5]},
								"up": {"uv": [27, 9], "uv_size": [1, 0.5]},
								"down": {"uv": [27, 10.5], "uv_size": [1, -0.5]}
							}
						}
					]
				},
				{
					"name": "R2",
					"parent": "cockroach",
					"pivot": [-1.2, 1.4, -3],
					"rotation": [0, -4, 0],
					"cubes": [
						{
							"origin": [-4.55, 0.8, -3.55],
							"size": [1.7, 0.375, 0.3],
							"pivot": [-1.8, -1.6, -2.7],
							"rotation": [-4.4931, 11.01611, 32.8914],
							"uv": {
								"north": {"uv": [25, 23], "uv_size": [1.5, 0.5]},
								"east": {"uv": [29, 5], "uv_size": [0.5, 0.5]},
								"south": {"uv": [25, 25], "uv_size": [1.5, 0.5]},
								"west": {"uv": [6, 29], "uv_size": [0.5, 0.5]},
								"up": {"uv": [0, 26], "uv_size": [1.5, 0.5]},
								"down": {"uv": [2, 26.5], "uv_size": [1.5, -0.5]}
							}
						},
						{
							"origin": [-1.85, 1.4, -2.55],
							"size": [2.4, 0.275, 0.2],
							"pivot": [-1.8, -1.6, -2.7],
							"rotation": [9.97528, -7.57131, -53.16171],
							"uv": {
								"north": {"uv": [10, 22], "uv_size": [2.5, 0.5]},
								"east": {"uv": [29, 6], "uv_size": [0.5, 0.5]},
								"south": {"uv": [22, 10], "uv_size": [2.5, 0.5]},
								"west": {"uv": [7, 29], "uv_size": [0.5, 0.5]},
								"up": {"uv": [22, 11], "uv_size": [2.5, 0.5]},
								"down": {"uv": [22, 12.5], "uv_size": [2.5, -0.5]}
							}
						},
						{
							"origin": [-0.55, 1.5, -2.65],
							"size": [0.1, 0.075, 0.4],
							"pivot": [-1.8, -1.6, -2.7],
							"rotation": [9.97528, -7.57131, -53.16171],
							"uv": {
								"north": {"uv": [10, 22], "uv_size": [2.5, 0.5]},
								"east": {"uv": [29, 6], "uv_size": [0.5, 0.5]},
								"south": {"uv": [22, 10], "uv_size": [2.5, 0.5]},
								"west": {"uv": [7, 29], "uv_size": [0.5, 0.5]},
								"up": {"uv": [22, 11], "uv_size": [2.5, 0.5]},
								"down": {"uv": [22, 12.5], "uv_size": [2.5, -0.5]}
							}
						},
						{
							"origin": [0.35, 1.5, -2.65],
							"size": [0.1, 0.075, 0.4],
							"pivot": [-1.8, -1.6, -2.7],
							"rotation": [9.97528, -7.57131, -53.16171],
							"uv": {
								"north": {"uv": [10, 22], "uv_size": [2.5, 0.5]},
								"east": {"uv": [29, 6], "uv_size": [0.5, 0.5]},
								"south": {"uv": [22, 10], "uv_size": [2.5, 0.5]},
								"west": {"uv": [7, 29], "uv_size": [0.5, 0.5]},
								"up": {"uv": [22, 11], "uv_size": [2.5, 0.5]},
								"down": {"uv": [22, 12.5], "uv_size": [2.5, -0.5]}
							}
						},
						{
							"origin": [-1.15, 1.5, -2.65],
							"size": [0.1, 0.075, 0.4],
							"pivot": [-1.8, -1.6, -2.7],
							"rotation": [9.97528, -7.57131, -53.16171],
							"uv": {
								"north": {"uv": [10, 22], "uv_size": [2.5, 0.5]},
								"east": {"uv": [29, 6], "uv_size": [0.5, 0.5]},
								"south": {"uv": [22, 10], "uv_size": [2.5, 0.5]},
								"west": {"uv": [7, 29], "uv_size": [0.5, 0.5]},
								"up": {"uv": [22, 11], "uv_size": [2.5, 0.5]},
								"down": {"uv": [22, 12.5], "uv_size": [2.5, -0.5]}
							}
						},
						{
							"origin": [-4.91586, -0.09198, -3.21132],
							"size": [0.8, 0.275, 0.3],
							"pivot": [-4.81586, -0.25448, -3.06132],
							"rotation": [2.42224, -12.26673, -11.26033],
							"uv": {
								"north": {"uv": [17, 27], "uv_size": [1, 0.5]},
								"east": {"uv": [29, 13], "uv_size": [0.5, 0.5]},
								"south": {"uv": [18, 27], "uv_size": [1, 0.5]},
								"west": {"uv": [14, 29], "uv_size": [0.5, 0.5]},
								"up": {"uv": [27, 18], "uv_size": [1, 0.5]},
								"down": {"uv": [19, 27.5], "uv_size": [1, -0.5]}
							}
						}
					]
				},
				{
					"name": "R4",
					"parent": "cockroach",
					"pivot": [-2.6, 1.3, 0.1],
					"rotation": [-2.76456, 4.16781, -33.60061],
					"cubes": [
						{
							"origin": [-3.81899, 3.05522, 1.53833],
							"size": [2.7, 0.275, 0.5],
							"pivot": [-3.41899, 2.84272, 1.58833],
							"rotation": [16.10938, 15.60976, 64.26142],
							"uv": {
								"north": {"uv": [13, 22], "uv_size": [2.5, 0.5]},
								"east": {"uv": [29, 7], "uv_size": [0.5, 0.5]},
								"south": {"uv": [22, 13], "uv_size": [2.5, 0.5]},
								"west": {"uv": [8, 29], "uv_size": [0.5, 0.5]},
								"up": {"uv": [22, 14], "uv_size": [2.5, 0.5]},
								"down": {"uv": [16, 22.5], "uv_size": [2.5, -0.5]}
							}
						},
						{
							"origin": [-5.01899, 3.15522, 1.13833],
							"size": [1.5, 0.275, 0.4],
							"pivot": [-3.41899, 2.84272, 1.58833],
							"rotation": [-88.25999, 56.9785, -20.47279],
							"uv": {
								"north": {"uv": [4, 26], "uv_size": [1.5, 0.5]},
								"east": {"uv": [29, 15], "uv_size": [0.5, 0.5]},
								"south": {"uv": [6, 26], "uv_size": [1.5, 0.5]},
								"west": {"uv": [16, 29], "uv_size": [0.5, 0.5]},
								"up": {"uv": [26, 7], "uv_size": [1.5, 0.5]},
								"down": {"uv": [8, 26.5], "uv_size": [1.5, -0.5]}
							}
						},
						{
							"origin": [-4.51899, 2.95522, 1.23833],
							"size": [0.1, 0.675, 0.1],
							"pivot": [-3.41899, 2.84272, 1.58833],
							"rotation": [-88.25999, 56.9785, -20.47279],
							"uv": {
								"north": {"uv": [4, 26], "uv_size": [1.5, 0.5]},
								"east": {"uv": [29, 15], "uv_size": [0.5, 0.5]},
								"south": {"uv": [6, 26], "uv_size": [1.5, 0.5]},
								"west": {"uv": [16, 29], "uv_size": [0.5, 0.5]},
								"up": {"uv": [26, 7], "uv_size": [1.5, 0.5]},
								"down": {"uv": [8, 26.5], "uv_size": [1.5, -0.5]}
							}
						},
						{
							"origin": [-4.22445, 2.23949, 3.42424],
							"size": [0.1, 0.875, 0.1],
							"pivot": [-4.17445, 2.62699, 3.52424],
							"rotation": [-84.56098, 79.94622, -16.57587],
							"uv": {
								"north": {"uv": [4, 26], "uv_size": [1.5, 0.5]},
								"east": {"uv": [29, 15], "uv_size": [0.5, 0.5]},
								"south": {"uv": [6, 26], "uv_size": [1.5, 0.5]},
								"west": {"uv": [16, 29], "uv_size": [0.5, 0.5]},
								"up": {"uv": [26, 7], "uv_size": [1.5, 0.5]},
								"down": {"uv": [8, 26.5], "uv_size": [1.5, -0.5]}
							}
						},
						{
							"origin": [-5.32445, 1.53949, 3.72424],
							"size": [0.1, 0.875, 0.1],
							"pivot": [-4.17445, 2.62699, 3.52424],
							"rotation": [-84.56098, 79.94622, -16.57587],
							"uv": {
								"north": {"uv": [4, 26], "uv_size": [1.5, 0.5]},
								"east": {"uv": [29, 15], "uv_size": [0.5, 0.5]},
								"south": {"uv": [6, 26], "uv_size": [1.5, 0.5]},
								"west": {"uv": [16, 29], "uv_size": [0.5, 0.5]},
								"up": {"uv": [26, 7], "uv_size": [1.5, 0.5]},
								"down": {"uv": [8, 26.5], "uv_size": [1.5, -0.5]}
							}
						},
						{
							"origin": [-5.80805, 1.61955, 5.20523],
							"size": [2.7, 0.275, 0.3],
							"pivot": [-5.95805, 0.95705, 4.35523],
							"rotation": [-33.28778, 48.33684, -40.67825],
							"uv": {
								"north": {"uv": [19, 8], "uv_size": [3, 0.5]},
								"east": {"uv": [29, 8], "uv_size": [0.5, 0.5]},
								"south": {"uv": [19, 9], "uv_size": [3, 0.5]},
								"west": {"uv": [9, 29], "uv_size": [0.5, 0.5]},
								"up": {"uv": [19, 10], "uv_size": [3, 0.5]},
								"down": {"uv": [19, 11.5], "uv_size": [3, -0.5]}
							}
						},
						{
							"origin": [-6.90805, 1.71955, 5.20523],
							"size": [1, 0.275, 0.3],
							"pivot": [-5.95805, 0.95705, 4.35523],
							"rotation": [7.38623, 55.92135, 9.52819],
							"uv": {
								"north": {"uv": [29, 16], "uv_size": [0.5, 0.5]},
								"east": {"uv": [17, 29], "uv_size": [0.5, 0.5]},
								"south": {"uv": [29, 17], "uv_size": [0.5, 0.5]},
								"west": {"uv": [18, 29], "uv_size": [0.5, 0.5]},
								"up": {"uv": [29, 18], "uv_size": [0.5, 0.5]},
								"down": {"uv": [19, 29.5], "uv_size": [0.5, -0.5]}
							}
						}
					]
				},
				{
					"name": "frontbody",
					"parent": "cockroach",
					"pivot": [0, -1, -0.7]
				},
				{
					"name": "sockets",
					"parent": "frontbody",
					"pivot": [2.1, -1.8, -1.3],
					"cubes": [
						{
							"origin": [-0.01356, 0.69296, -2.99096],
							"size": [1.45, 0.45, 0.45],
							"pivot": [0.71144, 0.91796, -2.56596],
							"rotation": [-1.10693, 12.45167, -5.12076],
							"uv": {
								"north": {"uv": [24, 21], "uv_size": [1.5, 0.5]},
								"east": {"uv": [20, 28], "uv_size": [0.5, 0.5]},
								"south": {"uv": [22, 24], "uv_size": [1.5, 0.5]},
								"west": {"uv": [28, 20], "uv_size": [0.5, 0.5]},
								"up": {"uv": [24, 24], "uv_size": [1.5, 0.5]},
								"down": {"uv": [0, 25.5], "uv_size": [1.5, -0.5]}
							}
						},
						{
							"origin": [-0.28057, 1.12384, -2.06305],
							"size": [1.65, 0.45, 0.75],
							"pivot": [1.14443, 1.14884, -2.03805],
							"rotation": [2.69652, 5.28148, -11.9643],
							"uv": {
								"north": {"uv": [25, 0], "uv_size": [1.5, 0.5]},
								"east": {"uv": [21, 28], "uv_size": [0.5, 0.5]},
								"south": {"uv": [25, 1], "uv_size": [1.5, 0.5]},
								"west": {"uv": [28, 21], "uv_size": [0.5, 0.5]},
								"up": {"uv": [2, 25], "uv_size": [1.5, 0.5]},
								"down": {"uv": [25, 2.5], "uv_size": [1.5, -0.5]}
							}
						},
						{
							"origin": [-1.43644, 0.59296, -2.99096],
							"size": [1.45, 0.45, 0.45],
							"pivot": [-0.71144, 0.91796, -2.56596],
							"rotation": [-1.10693, -12.45167, 5.12076],
							"uv": {
								"north": {"uv": [25, 3], "uv_size": [1.5, 0.5]},
								"east": {"uv": [22, 28], "uv_size": [0.5, 0.5]},
								"south": {"uv": [4, 25], "uv_size": [1.5, 0.5]},
								"west": {"uv": [28, 22], "uv_size": [0.5, 0.5]},
								"up": {"uv": [25, 4], "uv_size": [1.5, 0.5]},
								"down": {"uv": [25, 5.5], "uv_size": [1.5, -0.5]}
							}
						},
						{
							"origin": [-2.65, 1.17, -1.625],
							"size": [1.85, 0.45, 0.75],
							"pivot": [-1.8, -1.8, -2.2],
							"rotation": [5.35255, -4.59021, 13.45632],
							"uv": {
								"north": {"uv": [6, 25], "uv_size": [1.5, 0.5]},
								"east": {"uv": [23, 28], "uv_size": [0.5, 0.5]},
								"south": {"uv": [25, 6], "uv_size": [1.5, 0.5]},
								"west": {"uv": [28, 23], "uv_size": [0.5, 0.5]},
								"up": {"uv": [8, 25], "uv_size": [1.5, 0.5]},
								"down": {"uv": [25, 8.5], "uv_size": [1.5, -0.5]}
							}
						},
						{
							"origin": [-2.22888, -1.18328, -2.35268],
							"size": [0.75, 0.65, 2.55],
							"pivot": [-1.30388, 0.84172, -1.12768],
							"rotation": [91.92915, 3.66382, 99.34032],
							"uv": {
								"north": {"uv": [24, 28], "uv_size": [0.5, 0.5]},
								"east": {"uv": [25, 9], "uv_size": [1.5, 0.5]},
								"south": {"uv": [28, 24], "uv_size": [0.5, 0.5]},
								"west": {"uv": [10, 25], "uv_size": [1.5, 0.5]},
								"up": {"uv": [25, 10], "uv_size": [0.5, 1.5]},
								"down": {"uv": [25, 13.5], "uv_size": [0.5, -1.5]}
							}
						},
						{
							"origin": [1.36862, -1.09291, -2.4295],
							"size": [0.75, 0.75, 2.55],
							"pivot": [1.19362, 0.83209, -1.1045],
							"rotation": [89.9523, -6.31515, -95.59913],
							"uv": {
								"north": {"uv": [25, 28], "uv_size": [0.5, 0.5]},
								"east": {"uv": [25, 14], "uv_size": [1.5, 0.5]},
								"south": {"uv": [28, 25], "uv_size": [0.5, 0.5]},
								"west": {"uv": [25, 15], "uv_size": [1.5, 0.5]},
								"up": {"uv": [16, 25], "uv_size": [0.5, 1.5]},
								"down": {"uv": [25, 17.5], "uv_size": [0.5, -1.5]}
							}
						}
					]
				},
				{
					"name": "mainabdomen",
					"parent": "frontbody",
					"pivot": [-0.45, 2.18013, 0.03025],
					"rotation": [4, 0, 0],
					"cubes": [
						{
							"origin": [-2.75, 2.26821, -2.2071],
							"size": [5.6, 0.275, 2.9],
							"pivot": [-0.4, 2.45571, -0.6571],
							"rotation": [-3, 0, 0],
							"uv": {
								"north": {"uv": [14, 5], "uv_size": [2, 1.5]},
								"east": {"uv": [12, 18], "uv_size": [1, 1.5]},
								"south": {"uv": [9, 14], "uv_size": [2, 1.5]},
								"west": {"uv": [0, 19], "uv_size": [1, 1.5]},
								"up": {"uv": [2, 4], "uv_size": [2, 1]},
								"down": {"uv": [6, 13], "uv_size": [2, -1]}
							}
						},
						{
							"origin": [-2.95, 2.06821, -0.7071],
							"size": [6, 0.675, 2],
							"pivot": [-0.4, 2.45571, -0.6571],
							"rotation": [-3, 0, 0],
							"uv": {
								"north": {"uv": [8, 5], "uv_size": [2.5, 2]},
								"east": {"uv": [2, 18], "uv_size": [1, 2]},
								"south": {"uv": [9, 0], "uv_size": [2.5, 2]},
								"west": {"uv": [3, 18], "uv_size": [1, 2]},
								"up": {"uv": [11, 15], "uv_size": [2.5, 1]},
								"down": {"uv": [14, 16], "uv_size": [2.5, -1]}
							}
						},
						{
							"origin": [-3.05, 1.96821, -0.0071],
							"size": [6.2, 0.875, 2.3],
							"pivot": [-0.4, 2.45571, -0.6571],
							"rotation": [-3, 0, 0],
							"uv": {
								"north": {"uv": [2, 5], "uv_size": [2.5, 2.5]},
								"east": {"uv": [0, 16], "uv_size": [1, 2.5]},
								"south": {"uv": [5, 5], "uv_size": [2.5, 2.5]},
								"west": {"uv": [1, 16], "uv_size": [1, 2.5]},
								"up": {"uv": [2, 16], "uv_size": [2.5, 1]},
								"down": {"uv": [16, 3], "uv_size": [2.5, -1]}
							}
						},
						{
							"origin": [-3.05, 1.56821, 2.1929],
							"size": [6.2, 1.175, 2.3],
							"pivot": [-0.4, 2.45571, -0.6571],
							"rotation": [-1, 0, 0],
							"uv": {
								"north": {"uv": [9, 7], "uv_size": [2.5, 2]},
								"east": {"uv": [4, 18], "uv_size": [1, 2]},
								"south": {"uv": [9, 9], "uv_size": [2.5, 2]},
								"west": {"uv": [7, 18], "uv_size": [1, 2]},
								"up": {"uv": [16, 6], "uv_size": [2.5, 1]},
								"down": {"uv": [7, 17], "uv_size": [2.5, -1]}
							}
						},
						{
							"origin": [-2.95, 1.36821, 3.3929],
							"size": [6, 1.175, 2.2],
							"pivot": [-0.4, 2.45571, -0.6571],
							"rotation": [-1, 0, 0],
							"uv": {
								"north": {"uv": [10, 2], "uv_size": [2.5, 2]},
								"east": {"uv": [18, 7], "uv_size": [1, 2]},
								"south": {"uv": [5, 10], "uv_size": [2.5, 2]},
								"west": {"uv": [8, 18], "uv_size": [1, 2]},
								"up": {"uv": [10, 16], "uv_size": [2.5, 1]},
								"down": {"uv": [13, 17], "uv_size": [2.5, -1]}
							}
						},
						{
							"origin": [-3.15, 1.76821, 1.0929],
							"size": [6.4, 1.175, 2.3],
							"pivot": [-0.4, 2.45571, -0.6571],
							"rotation": [-3, 0, 0],
							"uv": {
								"north": {"uv": [6, 0], "uv_size": [2.5, 2.5]},
								"east": {"uv": [5, 16], "uv_size": [1, 2.5]},
								"south": {"uv": [2, 8], "uv_size": [2.5, 2.5]},
								"west": {"uv": [6, 16], "uv_size": [1, 2.5]},
								"up": {"uv": [16, 3], "uv_size": [2.5, 1]},
								"down": {"uv": [16, 6], "uv_size": [2.5, -1]}
							}
						},
						{
							"origin": [-2.45, 1.85933, -4.20184],
							"size": [5, 0.8, 7],
							"uv": {
								"north": {"uv": [5, 19], "uv_size": [1.5, 1]},
								"east": {"uv": [10, 4], "uv_size": [4.5, 1]},
								"south": {"uv": [19, 7], "uv_size": [1.5, 1]},
								"west": {"uv": [0, 11], "uv_size": [4.5, 1]},
								"up": {"uv": [0, 4], "uv_size": [1.5, 4.5]},
								"down": {"uv": [4, 4.5], "uv_size": [1.5, -4.5]}
							}
						}
					]
				},
				{
					"name": "mainabdomen2",
					"parent": "frontbody",
					"pivot": [-1.05, 2.88013, 2.13025],
					"rotation": [4, 0, 0],
					"cubes": [
						{
							"origin": [-2.15, 1.36821, 1.1929],
							"size": [4.2, 0.575, 5.4],
							"pivot": [-1, 3.15571, 1.4429],
							"rotation": [-3, 0, 0],
							"uv": {
								"north": {"uv": [16, 16], "uv_size": [2.5, 1]},
								"east": {"uv": [22, 27], "uv_size": [0.5, 1]},
								"south": {"uv": [2, 17], "uv_size": [2.5, 1]},
								"west": {"uv": [27, 22], "uv_size": [0.5, 1]},
								"up": {"uv": [22, 16], "uv_size": [2.5, 0.5]},
								"down": {"uv": [19, 22.5], "uv_size": [2.5, -0.5]}
							}
						},
						{
							"origin": [-2.65, 1.16821, 1.0929],
							"size": [5.2, 0.975, 6.1],
							"pivot": [-1, 3.15571, 1.4429],
							"rotation": [-3, 0, 0],
							"uv": {
								"north": {"uv": [11, 5], "uv_size": [3, 1.5]},
								"east": {"uv": [10, 26], "uv_size": [0.5, 1.5]},
								"south": {"uv": [8, 11], "uv_size": [3, 1.5]},
								"west": {"uv": [26, 10], "uv_size": [0.5, 1.5]},
								"up": {"uv": [16, 19], "uv_size": [3, 0.5]},
								"down": {"uv": [19, 16.5], "uv_size": [3, -0.5]}
							}
						},
						{
							"origin": [-2.35, 1.46821, 2.2929],
							"size": [4.6, 0.775, 5.7],
							"pivot": [-1, 3.15571, 1.4429],
							"rotation": [-3, 0, 0],
							"uv": {
								"north": {"uv": [11, 11], "uv_size": [3, 1.5]},
								"east": {"uv": [1, 19], "uv_size": [1, 1.5]},
								"south": {"uv": [0, 12], "uv_size": [3, 1.5]},
								"west": {"uv": [19, 17], "uv_size": [1, 1.5]},
								"up": {"uv": [11, 14], "uv_size": [3, 1]},
								"down": {"uv": [14, 12], "uv_size": [3, -1]}
							}
						},
						{
							"origin": [-2.45, 1.16821, 3.8929],
							"size": [4.7, 0.975, 5.7],
							"pivot": [-1, 3.15571, 1.4429],
							"rotation": [-4, 0, 0],
							"uv": {
								"north": {"uv": [12, 0], "uv_size": [3, 1.5]},
								"east": {"uv": [19, 19], "uv_size": [1, 1.5]},
								"south": {"uv": [3, 12], "uv_size": [3, 1.5]},
								"west": {"uv": [20, 0], "uv_size": [1, 1.5]},
								"up": {"uv": [14, 12], "uv_size": [3, 1]},
								"down": {"uv": [14, 15], "uv_size": [3, -1]}
							}
						},
						{
							"origin": [-2.35, 1.26821, 4.5929],
							"size": [4.5, 0.775, 5.7],
							"pivot": [-1, 3.15571, 1.4429],
							"rotation": [-4, 0, 0],
							"uv": {
								"north": {"uv": [15, 0], "uv_size": [3, 1]},
								"east": {"uv": [8, 7], "uv_size": [1, 1]},
								"south": {"uv": [15, 1], "uv_size": [3, 1]},
								"west": {"uv": [9, 2], "uv_size": [1, 1]},
								"up": {"uv": [15, 4], "uv_size": [3, 1]},
								"down": {"uv": [6, 16], "uv_size": [3, -1]}
							}
						},
						{
							"origin": [-1.75, 3.16821, 7.7929],
							"size": [3.3, 0.2, 3.4],
							"pivot": [-1, 3.15571, 1.4429],
							"rotation": [-15, 0, 0],
							"uv": {
								"north": {"uv": [22, 19], "uv_size": [2.5, 0.5]},
								"east": {"uv": [29, 19], "uv_size": [0.5, 0.5]},
								"south": {"uv": [22, 20], "uv_size": [2.5, 0.5]},
								"west": {"uv": [20, 29], "uv_size": [0.5, 0.5]},
								"up": {"uv": [22, 22], "uv_size": [2.5, 0.5]},
								"down": {"uv": [0, 23.5], "uv_size": [2.5, -0.5]}
							}
						},
						{
							"origin": [-1.45, 3.86821, 7.9929],
							"size": [2.6, 0.2, 4.4],
							"pivot": [-1, 3.15571, 1.4429],
							"rotation": [-20, 0, 0],
							"uv": {
								"north": {"uv": [22, 19], "uv_size": [2.5, 0.5]},
								"east": {"uv": [29, 19], "uv_size": [0.5, 0.5]},
								"south": {"uv": [22, 20], "uv_size": [2.5, 0.5]},
								"west": {"uv": [20, 29], "uv_size": [0.5, 0.5]},
								"up": {"uv": [22, 22], "uv_size": [2.5, 0.5]},
								"down": {"uv": [0, 23.5], "uv_size": [2.5, -0.5]}
							}
						},
						{
							"origin": [-1.05, 4.16821, 11.6929],
							"size": [1.6, 0.2, 1.4],
							"pivot": [-1, 3.15571, 1.4429],
							"rotation": [-22, 0, 0],
							"uv": {
								"north": {"uv": [22, 19], "uv_size": [2.5, 0.5]},
								"east": {"uv": [29, 19], "uv_size": [0.5, 0.5]},
								"south": {"uv": [22, 20], "uv_size": [2.5, 0.5]},
								"west": {"uv": [20, 29], "uv_size": [0.5, 0.5]},
								"up": {"uv": [22, 22], "uv_size": [2.5, 0.5]},
								"down": {"uv": [0, 23.5], "uv_size": [2.5, -0.5]}
							}
						},
						{
							"origin": [-2.85, 1.76821, 3.0929],
							"size": [5.6, 1.175, 5.7],
							"pivot": [-1, 3.15571, 1.4429],
							"rotation": [-7, 0, 0],
							"uv": {
								"north": {"uv": [6, 3], "uv_size": [3.5, 1.5]},
								"east": {"uv": [2, 20], "uv_size": [1, 1.5]},
								"south": {"uv": [5, 8], "uv_size": [3.5, 1.5]},
								"west": {"uv": [3, 20], "uv_size": [1, 1.5]},
								"up": {"uv": [9, 13], "uv_size": [3.5, 1]},
								"down": {"uv": [13, 14], "uv_size": [3.5, -1]}
							}
						},
						{
							"origin": [-1.75, 1.48433, -2.60184],
							"size": [3.4, 0.6, 12],
							"pivot": [-1.1, 2.72183, 0.29816],
							"rotation": [-2, 0, 0],
							"uv": {
								"north": {"uv": [8, 24], "uv_size": [2, 0.5]},
								"east": {"uv": [17, 15], "uv_size": [4, 0.5]},
								"south": {"uv": [10, 24], "uv_size": [2, 0.5]},
								"west": {"uv": [18, 4], "uv_size": [4, 0.5]},
								"up": {"uv": [0, 0], "uv_size": [2, 4]},
								"down": {"uv": [2, 4], "uv_size": [2, -4]}
							}
						}
					]
				},
				{
					"name": "headfront",
					"parent": "frontbody",
					"pivot": [0, -1, -2.2],
					"cubes": [
						{
							"origin": [-1.1, 0.815, -3.6],
							"size": [2.1, 1.26, 1.7],
							"uv": {
								"north": {"uv": [0, 9], "uv_size": [2, 1.5]},
								"east": {"uv": [17, 11], "uv_size": [1.5, 1.5]},
								"south": {"uv": [0, 14], "uv_size": [2, 1.5]},
								"west": {"uv": [13, 17], "uv_size": [1.5, 1.5]},
								"up": {"uv": [2, 14], "uv_size": [2, 1.5]},
								"down": {"uv": [4, 15.5], "uv_size": [2, -1.5]}
							}
						},
						{
							"origin": [0, 2.215, -5.1],
							"size": [1.6, 0.66, 4],
							"pivot": [0, -1, -2.2],
							"rotation": [4, 0, 0],
							"uv": {
								"north": {"uv": [3, 28], "uv_size": [1, 0.5]},
								"east": {"uv": [17, 26], "uv_size": [1.5, 0.5]},
								"south": {"uv": [4, 28], "uv_size": [1, 0.5]},
								"west": {"uv": [26, 17], "uv_size": [1.5, 0.5]},
								"up": {"uv": [16, 20], "uv_size": [1, 1.5]},
								"down": {"uv": [17, 21.5], "uv_size": [1, -1.5]}
							}
						},
						{
							"origin": [-1.5, 2.215, -5],
							"size": [1.5, 0.66, 3.9],
							"pivot": [0, -1, -2.2],
							"rotation": [4, 0, 0],
							"uv": {
								"north": {"uv": [5, 28], "uv_size": [1, 0.5]},
								"east": {"uv": [19, 26], "uv_size": [1.5, 0.5]},
								"south": {"uv": [6, 28], "uv_size": [1, 0.5]},
								"west": {"uv": [21, 26], "uv_size": [1.5, 0.5]},
								"up": {"uv": [20, 17], "uv_size": [1, 1.5]},
								"down": {"uv": [18, 21.5], "uv_size": [1, -1.5]}
							}
						},
						{
							"origin": [-1.2, 0.615, -5.3],
							"size": [2.4, 0.56, 1.2],
							"pivot": [0, -1, -2.2],
							"rotation": [-18, 0, 0],
							"uv": {
								"north": {"uv": [15, 23], "uv_size": [2.5, 0.5]},
								"east": {"uv": [17, 28], "uv_size": [1, 0.5]},
								"south": {"uv": [18, 23], "uv_size": [2.5, 0.5]},
								"west": {"uv": [28, 17], "uv_size": [1, 0.5]},
								"up": {"uv": [7, 17], "uv_size": [2.5, 1]},
								"down": {"uv": [10, 18], "uv_size": [2.5, -1]}
							}
						}
					]
				},
				{
					"name": "mouthL",
					"parent": "frontbody",
					"pivot": [0, 0.9, -1.1],
					"rotation": [38, 0, 0],
					"cubes": [
						{
							"origin": [-0.8, 3.9, -4],
							"size": [1.6, 1.1, 1.6],
							"pivot": [-0.4, 3, -3.2],
							"rotation": [26.5, 0, -1.1247],
							"uv": {
								"north": {"uv": [24, 15], "uv_size": [1, 1]},
								"east": {"uv": [20, 19], "uv_size": [1.5, 1]},
								"south": {"uv": [16, 24], "uv_size": [1, 1]},
								"west": {"uv": [20, 20], "uv_size": [1.5, 1]},
								"up": {"uv": [0, 21], "uv_size": [1, 1.5]},
								"down": {"uv": [21, 1.5], "uv_size": [1, -1.5]}
							}
						},
						{
							"origin": [1.80857, 4.80814, -4.60683],
							"size": [0.1, 2.9, 0.1],
							"pivot": [1.25857, 8.10814, -4.55683],
							"rotation": [16.6526, -10.04045, 19.67593],
							"uv": {
								"north": {"uv": [24, 15], "uv_size": [1, 1]},
								"east": {"uv": [20, 19], "uv_size": [1.5, 1]},
								"south": {"uv": [16, 24], "uv_size": [1, 1]},
								"west": {"uv": [20, 20], "uv_size": [1.5, 1]},
								"up": {"uv": [0, 21], "uv_size": [1, 1.5]},
								"down": {"uv": [21, 1.5], "uv_size": [1, -1.5]}
							}
						},
						{
							"origin": [-2.49143, 6.40814, -4.60683],
							"size": [0.1, 2.9, 0.1],
							"pivot": [1.25857, 8.10814, -4.55683],
							"rotation": [17.63545, 8.1463, -34.58515],
							"uv": {
								"north": {"uv": [24, 15], "uv_size": [1, 1]},
								"east": {"uv": [20, 19], "uv_size": [1.5, 1]},
								"south": {"uv": [16, 24], "uv_size": [1, 1]},
								"west": {"uv": [20, 20], "uv_size": [1.5, 1]},
								"up": {"uv": [0, 21], "uv_size": [1, 1.5]},
								"down": {"uv": [21, 1.5], "uv_size": [1, -1.5]}
							}
						},
						{
							"origin": [-0.5, 5.5, -2.9],
							"size": [1.1, 0.3, 1],
							"pivot": [0, 0.9, -1.1],
							"rotation": [35, 0, 0],
							"uv": {
								"north": {"uv": [1, 30], "uv_size": [0.5, 0.5]},
								"east": {"uv": [7, 28], "uv_size": [1, 0.5]},
								"south": {"uv": [30, 1], "uv_size": [0.5, 0.5]},
								"west": {"uv": [28, 7], "uv_size": [1, 0.5]},
								"up": {"uv": [8, 28], "uv_size": [0.5, 1]},
								"down": {"uv": [28, 9], "uv_size": [0.5, -1]}
							}
						},
						{
							"origin": [-0.1, 4.3, -5.4],
							"size": [0.4, 0.1, 0.5],
							"pivot": [0, 0.9, -1.1],
							"rotation": [7, 0, 0],
							"uv": {
								"north": {"uv": [2, 30], "uv_size": [0.5, 0.5]},
								"east": {"uv": [30, 2], "uv_size": [0.5, 0.5]},
								"south": {"uv": [3, 30], "uv_size": [0.5, 0.5]},
								"west": {"uv": [30, 3], "uv_size": [0.5, 0.5]},
								"up": {"uv": [4, 30], "uv_size": [0.5, 0.5]},
								"down": {"uv": [30, 4.5], "uv_size": [0.5, -0.5]}
							}
						}
					]
				},
				{
					"name": "pincer1",
					"pivot": [-4.71286, 1.79545, -6.6086],
					"cubes": [
						{
							"origin": [-2.6, 1.5, -4.5],
							"size": [1.5, 0.3, 0.8],
							"uv": {
								"north": {"uv": [9, 28], "uv_size": [1, 0.5]},
								"east": {"uv": [28, 9], "uv_size": [1, 0.5]},
								"south": {"uv": [10, 28], "uv_size": [1, 0.5]},
								"west": {"uv": [28, 10], "uv_size": [1, 0.5]},
								"up": {"uv": [17, 24], "uv_size": [1, 1]},
								"down": {"uv": [24, 18], "uv_size": [1, -1]}
							}
						},
						{
							"origin": [-5, 1.4, -4.6],
							"size": [2.4, 0.5, 0.8],
							"pivot": [-2.5, 1.35, -4.2],
							"rotation": [0.10124, -16.55953, 7.66306],
							"uv": {
								"north": {"uv": [15, 7], "uv_size": [3, 1]},
								"east": {"uv": [11, 28], "uv_size": [0.5, 1]},
								"south": {"uv": [15, 8], "uv_size": [3, 1]},
								"west": {"uv": [28, 11], "uv_size": [0.5, 1]},
								"up": {"uv": [6, 21], "uv_size": [3, 0.5]},
								"down": {"uv": [21, 7.5], "uv_size": [3, -0.5]}
							}
						},
						{
							"origin": [-6.48408, 1.67616, -7.67606],
							"size": [3.2, 0.5, 0.3],
							"pivot": [-5.83408, 1.42616, -7.02606],
							"rotation": [21.23441, -80.74949, -8.41108],
							"uv": {
								"north": {"uv": [26, 21], "uv_size": [1.5, 0.5]},
								"east": {"uv": [6, 30], "uv_size": [0.5, 0.5]},
								"south": {"uv": [26, 24], "uv_size": [1.5, 0.5]},
								"west": {"uv": [30, 6], "uv_size": [0.5, 0.5]},
								"up": {"uv": [25, 26], "uv_size": [1.5, 0.5]},
								"down": {"uv": [0, 27.5], "uv_size": [1.5, -0.5]}
							}
						},
						{
							"origin": [-6.68408, 1.87616, -7.57606],
							"size": [0.2, 0.2, 0.1],
							"pivot": [-5.83408, 1.42616, -7.02606],
							"rotation": [21.23441, -80.74949, -8.41108],
							"uv": {
								"north": {"uv": [22, 30], "uv_size": [0.5, 0.5]},
								"east": {"uv": [30, 22], "uv_size": [0.5, 0.5]},
								"south": {"uv": [23, 30], "uv_size": [0.5, 0.5]},
								"west": {"uv": [30, 23], "uv_size": [0.5, 0.5]},
								"up": {"uv": [24, 30], "uv_size": [0.5, 0.5]},
								"down": {"uv": [30, 24.5], "uv_size": [0.5, -0.5]}
							}
						}
					]
				},
				{
					"name": "pincer2",
					"pivot": [4.58441, 1.95414, -6.29065],
					"rotation": [0, 0, 170],
					"cubes": [
						{
							"origin": [6.30996, 1.24127, -4.5],
							"size": [1.6, 0.4, 0.8],
							"pivot": [9.40996, 0.04127, -2.5],
							"rotation": [0, 0, 10],
							"uv": {
								"north": {"uv": [14, 28], "uv_size": [1, 0.5]},
								"east": {"uv": [28, 14], "uv_size": [1, 0.5]},
								"south": {"uv": [15, 28], "uv_size": [1, 0.5]},
								"west": {"uv": [28, 15], "uv_size": [1, 0.5]},
								"up": {"uv": [18, 24], "uv_size": [1, 1]},
								"down": {"uv": [19, 25], "uv_size": [1, -1]}
							}
						},
						{
							"origin": [4.40996, 1.44127, -4.6],
							"size": [2.2, 0.6, 0.8],
							"pivot": [6.90996, 2.19127, -4.2],
							"rotation": [2.76296, -16.33408, -1.71881],
							"uv": {
								"north": {"uv": [15, 9], "uv_size": [3, 1]},
								"east": {"uv": [16, 28], "uv_size": [0.5, 1]},
								"south": {"uv": [15, 10], "uv_size": [3, 1]},
								"west": {"uv": [28, 16], "uv_size": [0.5, 1]},
								"up": {"uv": [21, 15], "uv_size": [3, 0.5]},
								"down": {"uv": [21, 17.5], "uv_size": [3, -0.5]}
							}
						},
						{
							"origin": [0.94758, 1.34127, -5.13752],
							"size": [3, 0.5, 0.3],
							"pivot": [4.14758, 1.59127, -4.53752],
							"rotation": [-61.39911, -82.41872, 49.71856],
							"uv": {
								"north": {"uv": [27, 2], "uv_size": [1.5, 0.5]},
								"east": {"uv": [7, 30], "uv_size": [0.5, 0.5]},
								"south": {"uv": [3, 27], "uv_size": [1.5, 0.5]},
								"west": {"uv": [30, 7], "uv_size": [0.5, 0.5]},
								"up": {"uv": [27, 3], "uv_size": [1.5, 0.5]},
								"down": {"uv": [27, 4.5], "uv_size": [1.5, -0.5]}
							}
						},
						{
							"origin": [3.55264, 1.66927, -8.50266],
							"size": [0.4, 0.2, 0.1],
							"pivot": [3.75264, 1.71927, -7.85266],
							"rotation": [-75.96565, -74.90402, 64.54028],
							"uv": {
								"north": {"uv": [13, 30], "uv_size": [0.5, 0.5]},
								"east": {"uv": [30, 13], "uv_size": [0.5, 0.5]},
								"south": {"uv": [14, 30], "uv_size": [0.5, 0.5]},
								"west": {"uv": [30, 14], "uv_size": [0.5, 0.5]},
								"up": {"uv": [15, 30], "uv_size": [0.5, 0.5]},
								"down": {"uv": [30, 15.5], "uv_size": [0.5, -0.5]}
							}
						}
					]
				}
			]
		}
	]
}