{
  "texture_size": [
    32,
    32
  ],
  "elements": [
    {
      "name": "tip",
      "from": [
        7.93819,
        29.7,
        9
      ],
      "to": [
        8.03819,
        31.9,
        9.2
      ],
      "rotation": {
        "angle": 0,
        "axis": "y",
        "origin": [
          8,
          0,
          8
        ]
      },
      "faces": {
        "north": {
          "uv": [
            10,
            15,
            10,
            16
          ],
          "texture": "#1"
        },
        "east": {
          "uv": [
            10,
            15,
            10,
            16
          ],
          "texture": "#1"
        },
        "south": {
          "uv": [
            10,
            15,
            10,
            16
          ],
          "texture": "#1"
        },
        "west": {
          "uv": [
            10,
            15,
            10,
            16
          ],
          "texture": "#1"
        },
        "up": {
          "uv": [
            10,
            15,
            10,
            15
          ],
          "texture": "#1"
        },
        "down": {
          "uv": [
            10,
            15,
            10,
            15
          ],
          "texture": "#1"
        }
      }
    },
    {
      "name": "tip",
      "from": [
        7.93819,
        26.1,
        8.8
      ],
      "to": [
        8.03819,
        29.7,
        9.4
      ],
      "rotation": {
        "angle": 0,
        "axis": "y",
        "origin": [
          8,
          0,
          8
        ]
      },
      "faces": {
        "north": {
          "uv": [
            9,
            14,
            9,
            15.5
          ],
          "texture": "#1"
        },
        "east": {
          "uv": [
            9,
            14,
            9,
            15.5
          ],
          "texture": "#1"
        },
        "south": {
          "uv": [
            9,
            14,
            9,
            15.5
          ],
          "texture": "#1"
        },
        "west": {
          "uv": [
            9,
            14,
            9,
            15.5
          ],
          "texture": "#1"
        },
        "up": {
          "uv": [
            9,
            14,
            9,
            14
          ],
          "texture": "#1"
        },
        "down": {
          "uv": [
            9,
            14,
            9,
            14
          ],
          "texture": "#1"
        }
      }
    },
    {
      "name": "blade",
      "from": [
        7.93819,
        8.25,
        8.54
      ],
      "to": [
        8.03819,
        12.345,
        9.66
      ],
      "rotation": {
        "angle": 0,
        "axis": "y",
        "origin": [
          8,
          0,
          8
        ]
      },
      "faces": {
        "north": {
          "uv": [
            9.5,
            13.5,
            9.5,
            15.5
          ],
          "texture": "#1"
        },
        "east": {
          "uv": [
            9,
            13.5,
            9.5,
            15.5
          ],
          "texture": "#1"
        },
        "south": {
          "uv": [
            10,
            13.5,
            10,
            15.5
          ],
          "texture": "#1"
        },
        "west": {
          "uv": [
            9.5,
            13.5,
            10,
            15.5
          ],
          "rotation": 180,
          "texture": "#1"
        },
        "up": {
          "uv": [
            9.5,
            13.5,
            9.5,
            13
          ],
          "texture": "#1"
        },
        "down": {
          "uv": [
            9.5,
            13,
            9.5,
            13.5
          ],
          "texture": "#1"
        }
      }
    },
    {
      "name": "blade",
      "from": [
        7.93819,
        12.34458,
        8.4
      ],
      "to": [
        8.03819,
        18.04458,
        9.8
      ],
      "rotation": {
        "angle": 0,
        "axis": "y",
        "origin": [
          8,
          0,
          8
        ]
      },
      "faces": {
        "north": {
          "uv": [
            9.5,
            12,
            9.5,
            14.5
          ],
          "texture": "#1"
        },
        "east": {
          "uv": [
            9,
            12,
            9.5,
            14.5
          ],
          "texture": "#1"
        },
        "south": {
          "uv": [
            10,
            12,
            10,
            14.5
          ],
          "texture": "#1"
        },
        "west": {
          "uv": [
            9.5,
            12,
            10,
            14.5
          ],
          "texture": "#1"
        },
        "up": {
          "uv": [
            9.5,
            12,
            9.5,
            11.5
          ],
          "texture": "#1"
        },
        "down": {
          "uv": [
            9.5,
            11.5,
            9.5,
            12
          ],
          "texture": "#1"
        }
      }
    },
    {
      "name": "blade",
      "from": [
        7.9382,
        18,
        8.6
      ],
      "to": [
        8.0382,
        26.1,
        9.6
      ],
      "rotation": {
        "angle": 0,
        "axis": "y",
        "origin": [
          8.03819,
          3.79458,
          7.5
        ]
      },
      "faces": {
        "north": {
          "uv": [
            4,
            3,
            4,
            7
          ],
          "texture": "#1"
        },
        "east": {
          "uv": [
            3.5,
            3,
            4,
            7
          ],
          "texture": "#1"
        },
        "south": {
          "uv": [
            4.5,
            3,
            4.5,
            7
          ],
          "texture": "#1"
        },
        "west": {
          "uv": [
            4,
            3,
            4.5,
            7
          ],
          "texture": "#1"
        },
        "up": {
          "uv": [
            4,
            3,
            4,
            2.5
          ],
          "texture": "#1"
        },
        "down": {
          "uv": [
            4,
            2.5,
            4,
            3
          ],
          "texture": "#1"
        }
      }
    },
    {
      "name": "handle",
      "from": [
        7.53819,
        -1.95542,
        8.6
      ],
      "to": [
        8.53819,
        9.64458,
        9.6
      ],
      "rotation": {
        "angle": 0,
        "axis": "y",
        "origin": [
          8,
          0,
          8
        ]
      },
      "faces": {
        "north": {
          "uv": [
            14,
            10.5,
            13.5,
            16
          ],
          "texture": "#1"
        },
        "east": {
          "uv": [
            14.5,
            10.5,
            14,
            16
          ],
          "texture": "#1"
        },
        "south": {
          "uv": [
            15,
            10.5,
            14.5,
            16
          ],
          "texture": "#1"
        },
        "west": {
          "uv": [
            13.5,
            10.5,
            13,
            16
          ],
          "texture": "#1"
        },
        "up": {
          "uv": [
            13.5,
            10.5,
            14,
            10
          ],
          "texture": "#1"
        },
        "down": {
          "uv": [
            14,
            10,
            14.5,
            10.5
          ],
          "texture": "#1"
        }
      }
    },
    {
      "name": "handle",
      "from": [
        7.73819,
        -4.25542,
        8.7
      ],
      "to": [
        8.33819,
        7.34458,
        9.5
      ],
      "rotation": {
        "angle": 0,
        "axis": "y",
        "origin": [
          8,
          0,
          8
        ]
      },
      "faces": {
        "north": {
          "uv": [
            14,
            10.5,
            14,
            16
          ],
          "texture": "#1"
        },
        "east": {
          "uv": [
            14,
            10.5,
            14,
            16
          ],
          "texture": "#1"
        },
        "south": {
          "uv": [
            14,
            10.5,
            14,
            16
          ],
          "texture": "#1"
        },
        "west": {
          "uv": [
            14,
            10.5,
            14,
            16
          ],
          "texture": "#1"
        },
        "up": {
          "uv": [
            14,
            10.5,
            14,
            10.5
          ],
          "texture": "#1"
        },
        "down": {
          "uv": [
            14,
            10.5,
            14,
            10.5
          ],
          "texture": "#1"
        }
      }
    },
    {
      "name": "handle",
      "from": [
        7.43819,
        5.64458,
        8.5
      ],
      "to": [
        8.63819,
        8.64458,
        9.7
      ],
      "rotation": {
        "angle": 0,
        "axis": "y",
        "origin": [
          8,
          0,
          8
        ]
      },
      "faces": {
        "north": {
          "uv": [
            14,
            11.5,
            14.5,
            13
          ],
          "texture": "#1"
        },
        "east": {
          "uv": [
            13.5,
            11.5,
            14,
            13
          ],
          "texture": "#1"
        },
        "south": {
          "uv": [
            15,
            11.5,
            15.5,
            13
          ],
          "texture": "#1"
        },
        "west": {
          "uv": [
            14.5,
            11.5,
            15,
            13
          ],
          "texture": "#1"
        },
        "up": {
          "uv": [
            14.5,
            11.5,
            14,
            11
          ],
          "texture": "#1"
        },
        "down": {
          "uv": [
            15,
            11,
            14.5,
            11.5
          ],
          "texture": "#1"
        }
      }
    },
    {
      "name": "handle",
      "from": [
        7.33819,
        6.04458,
        8.5
      ],
      "to": [
        8.73819,
        8.24458,
        9.7
      ],
      "rotation": {
        "angle": 0,
        "axis": "y",
        "origin": [
          8,
          0,
          8
        ]
      },
      "faces": {
        "north": {
          "uv": [
            12,
            11,
            12.5,
            12
          ],
          "texture": "#1"
        },
        "east": {
          "uv": [
            11.5,
            11,
            12,
            12
          ],
          "texture": "#1"
        },
        "south": {
          "uv": [
            13,
            11,
            13.5,
            12
          ],
          "texture": "#1"
        },
        "west": {
          "uv": [
            12.5,
            11,
            13,
            12
          ],
          "texture": "#1"
        },
        "up": {
          "uv": [
            12.5,
            11,
            12,
            10.5
          ],
          "texture": "#1"
        },
        "down": {
          "uv": [
            13,
            10.5,
            12.5,
            11
          ],
          "texture": "#1"
        }
      }
    },
    {
      "name": "handle",
      "from": [
        7.63819,
        -5.35542,
        8.3
      ],
      "to": [
        8.43819,
        -3.65542,
        9.9
      ],
      "rotation": {
        "angle": 0,
        "axis": "y",
        "origin": [
          8,
          0,
          8
        ]
      },
      "faces": {
        "north": {
          "uv": [
            14.5,
            11.5,
            14.5,
            12
          ],
          "texture": "#1"
        },
        "east": {
          "uv": [
            14,
            11.5,
            14.5,
            12
          ],
          "texture": "#1"
        },
        "south": {
          "uv": [
            15,
            11.5,
            15,
            12
          ],
          "texture": "#1"
        },
        "west": {
          "uv": [
            14.5,
            11.5,
            15,
            12
          ],
          "texture": "#1"
        },
        "up": {
          "uv": [
            14.5,
            11.5,
            14.5,
            11
          ],
          "texture": "#1"
        },
        "down": {
          "uv": [
            14.5,
            11,
            14.5,
            11.5
          ],
          "texture": "#1"
        }
      }
    }
  ],
  "display": {
    "thirdperson_righthand": {
      "translation": [
        0,
        0.5,
        0
      ],
      "scale": [
        1.06,
        0.84,
        1
      ]
    },
    "thirdperson_lefthand": {
      "translation": [
        0,
        1.5,
        0
      ],
      "scale": [
        1,
        0.84,
        1
      ]
    },
    "firstperson_righthand": {
      "rotation": [
        -3,
        0,
        0
      ],
      "translation": [
        0,
        0,
        -1
      ],
      "scale": [
        1,
        1.08398,
        1
      ]
    },
    "firstperson_lefthand": {
      "rotation": [
        -4,
        0,
        0
      ]
    },
    "ground": {
      "rotation": [
        -90,
        0,
        0
      ],
      "translation": [
        0,
        -2.75,
        0
      ],
      "scale": [
        0.8,
        0.8,
        0.8
      ]
    },
    "gui": {
      "rotation": [
        -90,
        -45,
        -90
      ],
      "translation": [
        -1.75,
        -3.25,
        0
      ],
      "scale": [
        2.71,
        0.62,
        0.97
      ]
    },
    "fixed": {
      "rotation": [
        0,
        -90,
        0
      ],
      "translation": [
        1,
        -1,
        -1.5
      ]
    }
  },
  "groups": [
    {
      "name": "abyssalblade",
      "origin": [
        8.03819,
        3.79458,
        7.5
      ],
      "color": 0,
      "children": [
        0,
        1,
        2,
        3,
        4,
        5,
        6,
        7,
        8,
        9
      ]
    }
  ]
}