{
  "texture_size": [
    32,
    32
  ],
  "elements": [
    {
      "name": "tip",
      "from": [
        7.73819,
        26.7,
        6.9
      ],
      "to": [
        8.33819,
        28.2,
        11.3
      ],
      "rotation": {
        "angle": 0,
        "axis": "x",
        "origin": [
          7.98819,
          27,
          9.1
        ]
      },
      "faces": {
        "north": {
          "uv": [
            6.5,
            15.5,
            6.5,
            16
          ],
          "texture": "#2"
        },
        "east": {
          "uv": [
            2.5,
            8.5,
            4.5,
            9
          ],
          "texture": "#2"
        },
        "south": {
          "uv": [
            8.5,
            15.5,
            8.5,
            16
          ],
          "texture": "#2"
        },
        "west": {
          "uv": [
            6.5,
            15.5,
            8.5,
            16
          ],
          "texture": "#2"
        },
        "up": {
          "uv": [
            6.5,
            15.5,
            6.5,
            13.5
          ],
          "texture": "#2"
        },
        "down": {
          "uv": [
            6.5,
            13.5,
            6.5,
            15.5
          ],
          "texture": "#2"
        }
      }
    },
    {
      "name": "tip",
      "from": [
        7.83819,
        27.8,
        -0.3
      ],
      "to": [
        8.23819,
        28.4,
        7.3
      ],
      "rotation": {
        "angle": -22.5,
        "axis": "x",
        "origin": [
          7.98819,
          27.2,
          7.8
        ]
      },
      "faces": {
        "north": {
          "uv": [
            0,
            2,
            1,
            3
          ],
          "texture": "#2"
        },
        "east": {
          "uv": [
            0,
            2,
            1,
            3
          ],
          "texture": "#2"
        },
        "south": {
          "uv": [
            0,
            2,
            1,
            3
          ],
          "texture": "#2"
        },
        "west": {
          "uv": [
            2,
            2,
            3.5,
            3
          ],
          "texture": "#2"
        },
        "up": {
          "uv": [
            1,
            2,
            1,
            0
          ],
          "texture": "#2"
        },
        "down": {
          "uv": [
            2,
            0,
            3,
            1
          ],
          "texture": "#2"
        }
      }
    },
    {
      "name": "tip",
      "from": [
        7.83819,
        23.8,
        10
      ],
      "to": [
        8.23819,
        24.4,
        18.1
      ],
      "rotation": {
        "angle": 22.5,
        "axis": "x",
        "origin": [
          7.98819,
          23.2,
          20.1
        ]
      },
      "faces": {
        "north": {
          "uv": [
            1,
            8,
            1,
            8
          ],
          "texture": "#2"
        },
        "east": {
          "uv": [
            0,
            8,
            1,
            9
          ],
          "texture": "#2"
        },
        "south": {
          "uv": [
            0,
            8,
            1,
            9
          ],
          "texture": "#2"
        },
        "west": {
          "uv": [
            1,
            8,
            2,
            9
          ],
          "texture": "#2"
        },
        "up": {
          "uv": [
            1,
            8,
            1,
            6
          ],
          "texture": "#2"
        },
        "down": {
          "uv": [
            1,
            6,
            1,
            8
          ],
          "texture": "#2"
        }
      }
    },
    {
      "name": "blade",
      "from": [
        7.93819,
        10.95,
        8.5
      ],
      "to": [
        8.03819,
        14.645,
        9.7
      ],
      "rotation": {
        "angle": 0,
        "axis": "y",
        "origin": [
          8,
          0,
          8
        ]
      },
      "faces": {
        "north": {
          "uv": [
            9.5,
            13.5,
            9.5,
            15
          ],
          "texture": "#2"
        },
        "east": {
          "uv": [
            9,
            13.5,
            9.5,
            15
          ],
          "texture": "#2"
        },
        "south": {
          "uv": [
            10,
            13.5,
            10,
            15
          ],
          "texture": "#2"
        },
        "west": {
          "uv": [
            9.5,
            13.5,
            10,
            15
          ],
          "rotation": 180,
          "texture": "#2"
        },
        "up": {
          "uv": [
            9.5,
            13.5,
            9.5,
            13
          ],
          "texture": "#2"
        },
        "down": {
          "uv": [
            9.5,
            13,
            9.5,
            13.5
          ],
          "texture": "#2"
        }
      }
    },
    {
      "name": "blade",
      "from": [
        7.93819,
        14.64458,
        8.4
      ],
      "to": [
        8.03819,
        19.84458,
        9.8
      ],
      "rotation": {
        "angle": 0,
        "axis": "y",
        "origin": [
          8,
          0,
          8
        ]
      },
      "faces": {
        "north": {
          "uv": [
            9.5,
            12,
            9.5,
            14.5
          ],
          "texture": "#2"
        },
        "east": {
          "uv": [
            9,
            12,
            9.5,
            14.5
          ],
          "texture": "#2"
        },
        "south": {
          "uv": [
            10,
            12,
            10,
            14.5
          ],
          "texture": "#2"
        },
        "west": {
          "uv": [
            9.5,
            12,
            10,
            14.5
          ],
          "texture": "#2"
        },
        "up": {
          "uv": [
            9.5,
            12,
            9.5,
            11.5
          ],
          "texture": "#2"
        },
        "down": {
          "uv": [
            9.5,
            11.5,
            9.5,
            12
          ],
          "texture": "#2"
        }
      }
    },
    {
      "name": "blade",
      "from": [
        7.6382,
        20.3,
        8.7
      ],
      "to": [
        8.4382,
        28.4,
        9.5
      ],
      "rotation": {
        "angle": 0,
        "axis": "y",
        "origin": [
          8.03819,
          3.79458,
          7.5
        ]
      },
      "faces": {
        "north": {
          "uv": [
            4,
            3,
            4,
            7
          ],
          "texture": "#2"
        },
        "east": {
          "uv": [
            3.5,
            3,
            4,
            7
          ],
          "texture": "#2"
        },
        "south": {
          "uv": [
            4.5,
            3,
            4.5,
            7
          ],
          "texture": "#2"
        },
        "west": {
          "uv": [
            4,
            3,
            4.5,
            7
          ],
          "texture": "#2"
        },
        "up": {
          "uv": [
            4,
            3,
            4,
            2.5
          ],
          "texture": "#2"
        },
        "down": {
          "uv": [
            4,
            2.5,
            4,
            3
          ],
          "texture": "#2"
        }
      }
    },
    {
      "name": "handle",
      "from": [
        7.53819,
        0.34458,
        8.6
      ],
      "to": [
        8.53819,
        25.94458,
        9.6
      ],
      "rotation": {
        "angle": 0,
        "axis": "y",
        "origin": [
          8,
          0,
          8
        ]
      },
      "faces": {
        "north": {
          "uv": [
            14,
            3.5,
            13.5,
            16
          ],
          "texture": "#2"
        },
        "east": {
          "uv": [
            14.5,
            3.5,
            14,
            16
          ],
          "texture": "#2"
        },
        "south": {
          "uv": [
            15,
            3.5,
            14.5,
            16
          ],
          "texture": "#2"
        },
        "west": {
          "uv": [
            13.5,
            3.5,
            13,
            16
          ],
          "texture": "#2"
        },
        "up": {
          "uv": [
            13.5,
            3.5,
            14,
            3
          ],
          "texture": "#2"
        },
        "down": {
          "uv": [
            14,
            3,
            14.5,
            3.5
          ],
          "texture": "#2"
        }
      }
    },
    {
      "name": "handle",
      "from": [
        7.73819,
        -1.95542,
        8.7
      ],
      "to": [
        8.33819,
        9.64458,
        9.5
      ],
      "rotation": {
        "angle": 0,
        "axis": "y",
        "origin": [
          8,
          0,
          8
        ]
      },
      "faces": {
        "north": {
          "uv": [
            14,
            10.5,
            14,
            16
          ],
          "texture": "#2"
        },
        "east": {
          "uv": [
            14,
            10.5,
            14,
            16
          ],
          "texture": "#2"
        },
        "south": {
          "uv": [
            14,
            10.5,
            14,
            16
          ],
          "texture": "#2"
        },
        "west": {
          "uv": [
            14,
            10.5,
            14,
            16
          ],
          "texture": "#2"
        },
        "up": {
          "uv": [
            14,
            10.5,
            14,
            10.5
          ],
          "texture": "#2"
        },
        "down": {
          "uv": [
            14,
            10.5,
            14,
            10.5
          ],
          "texture": "#2"
        }
      }
    },
    {
      "name": "handle",
      "from": [
        7.43819,
        7.94458,
        8.5
      ],
      "to": [
        8.63819,
        10.94458,
        9.7
      ],
      "rotation": {
        "angle": 0,
        "axis": "y",
        "origin": [
          8,
          0,
          8
        ]
      },
      "faces": {
        "north": {
          "uv": [
            14,
            11.5,
            14.5,
            13
          ],
          "texture": "#2"
        },
        "east": {
          "uv": [
            13.5,
            11.5,
            14,
            13
          ],
          "texture": "#2"
        },
        "south": {
          "uv": [
            15,
            11.5,
            15.5,
            13
          ],
          "texture": "#2"
        },
        "west": {
          "uv": [
            14.5,
            11.5,
            15,
            13
          ],
          "texture": "#2"
        },
        "up": {
          "uv": [
            14.5,
            11.5,
            14,
            11
          ],
          "texture": "#2"
        },
        "down": {
          "uv": [
            15,
            11,
            14.5,
            11.5
          ],
          "texture": "#2"
        }
      }
    },
    {
      "name": "handle",
      "from": [
        7.33819,
        18.64458,
        8.5
      ],
      "to": [
        8.73819,
        20.84458,
        9.7
      ],
      "rotation": {
        "angle": 0,
        "axis": "y",
        "origin": [
          8,
          10.3,
          8
        ]
      },
      "faces": {
        "north": {
          "uv": [
            12,
            11,
            12.5,
            12
          ],
          "texture": "#2"
        },
        "east": {
          "uv": [
            11.5,
            11,
            12,
            12
          ],
          "texture": "#2"
        },
        "south": {
          "uv": [
            13,
            11,
            13.5,
            12
          ],
          "texture": "#2"
        },
        "west": {
          "uv": [
            12.5,
            11,
            13,
            12
          ],
          "texture": "#2"
        },
        "up": {
          "uv": [
            12.5,
            11,
            12,
            10.5
          ],
          "texture": "#2"
        },
        "down": {
          "uv": [
            13,
            10.5,
            12.5,
            11
          ],
          "texture": "#2"
        }
      }
    },
    {
      "name": "handle",
      "from": [
        7.63819,
        -3.05542,
        8.3
      ],
      "to": [
        8.43819,
        -1.35542,
        9.9
      ],
      "rotation": {
        "angle": 0,
        "axis": "y",
        "origin": [
          8,
          0,
          8
        ]
      },
      "faces": {
        "north": {
          "uv": [
            14.5,
            11.5,
            14.5,
            12
          ],
          "texture": "#2"
        },
        "east": {
          "uv": [
            14,
            11.5,
            14.5,
            12
          ],
          "texture": "#2"
        },
        "south": {
          "uv": [
            15,
            11.5,
            15,
            12
          ],
          "texture": "#2"
        },
        "west": {
          "uv": [
            14.5,
            11.5,
            15,
            12
          ],
          "texture": "#2"
        },
        "up": {
          "uv": [
            14.5,
            11.5,
            14.5,
            11
          ],
          "texture": "#2"
        },
        "down": {
          "uv": [
            14.5,
            11,
            14.5,
            11.5
          ],
          "texture": "#2"
        }
      }
    }
  ],
  "display": {
    "thirdperson_righthand": {
      "translation": [
        0,
        -1,
        0
      ],
      "scale": [
        1,
        0.8,
        0.97
      ]
    },
    "thirdperson_lefthand": {
      "translation": [
        0,
        -1,
        0
      ],
      "scale": [
        1,
        0.8,
        0.97
      ]
    },
    "firstperson_righthand": {
      "rotation": [
        -3,
        0,
        0
      ],
      "translation": [
        4.5,
        -8,
        -2.75
      ],
      "scale": [
        1,
        1.08398,
        1
      ]
    },
    "firstperson_lefthand": {
      "rotation": [
        -2,
        0,
        0
      ],
      "translation": [
        4.5,
        -8,
        -2.75
      ]
    },
    "ground": {
      "rotation": [
        -90,
        90,
        0
      ],
      "translation": [
        0,
        -2.75,
        3
      ],
      "scale": [
        0.8,
        0.8,
        0.8
      ]
    },
    "gui": {
      "rotation": [
        -90,
        -45,
        -90
      ],
      "translation": [
        -3.5,
        -5,
        0
      ],
      "scale": [
        2.71,
        0.62,
        0.97
      ]
    },
    "fixed": {
      "rotation": [
        0,
        -90,
        0
      ],
      "translation": [
        1,
        -5.5,
        -1.5
      ]
    }
  },
  "groups": [
    {
      "name": "abyssalblade",
      "origin": [
        8.03819,
        3.79458,
        7.5
      ],
      "color": 0,
      "children": [
        0,
        1,
        2,
        3,
        4,
        5,
        6,
        7,
        8,
        9,
        10
      ]
    }
  ]
}