{
  "display": {
    "icon": {
      "item": "arphex:pick_display"
    },
    "title": {
      "translate": "advancements.abyssal_pick_craft.title"
    },
    "description": {
      "translate": "advancements.abyssal_pick_craft.descr"
    },
    "frame": "goal",
    "show_toast": true,
    "announce_to_chat": true,
    "hidden": false
  },
  "criteria": {
    "abyssal_pick_craft": {
      "trigger": "minecraft:impossible"
    }
  },
  "rewards": {
    "experience": 20
  },
  "parent": "arphex:moth_kill"
}