{
  "display": {
    "icon": {
      "item": "arphex:bucket_of_maggots"
    },
    "title": {
      "translate": "advancements.bucket_of_disease.title"
    },
    "description": {
      "translate": "advancements.bucket_of_disease.descr"
    },
    "frame": "task",
    "show_toast": true,
    "announce_to_chat": false,
    "hidden": false
  },
  "criteria": {
    "bucket_of_disease": {
      "trigger": "minecraft:impossible"
    }
  },
  "rewards": {
    "experience": 10
  },
  "parent": "arphex:moth_ward"
}