{
  "type": "forge:add_spawns",
  "biomes": [
    "badlands",
    "beach",
    "bamboo_jungle",
    "basalt_deltas",
    "birch_forest",
    "plains",
    "crimson_forest",
    "dark_forest",
    "deep_dark",
    "desert",
    "dripstone_caves",
    "end_midlands",
    "eroded_badlands",
    "flower_forest",
    "forest",
    "grove",
    "lush_caves",
    "mangrove_swamp",
    "jungle",
    "meadow",
    "mushroom_fields",
    "nether_wastes",
    "old_growth_birch_forest",
    "old_growth_spruce_taiga",
    "savanna",
    "savanna_plateau",
    "stony_peaks",
    "swamp",
    "taiga",
    "windswept_forest",
    "windswept_hills",
    "wooded_badlands"
  ],
  "spawners": {
    "type": "arphex:ant_giant",
    "weight": 2,
    "minCount": 1,
    "maxCount": 10
  }
}