{
  "type": "forge:add_spawns",
  "biomes": [
    "badlands",
    "bamboo_jungle",
    "basalt_deltas",
    "beach",
    "birch_forest",
    "plains",
    "crimson_forest",
    "dark_forest",
    "deep_cold_ocean",
    "deep_dark",
    "desert",
    "dripstone_caves",
    "eroded_badlands",
    "flower_forest",
    "forest",
    "grove",
    "jungle",
    "lush_caves",
    "mangrove_swamp",
    "meadow",
    "nether_wastes",
    "savanna",
    "snowy_beach",
    "savanna_plateau",
    "snowy_taiga",
    "soul_sand_valley",
    "sparse_jungle",
    "stony_peaks",
    "stony_shore",
    "sunflower_plains",
    "taiga",
    "warped_forest",
    "windswept_forest",
    "windswept_gravelly_hills",
    "wooded_badlands",
    "windswept_savanna",
    "windswept_hills"
  ],
  "spawners": {
    "type": "arphex:spider_larvae",
    "weight": 2,
    "minCount": 2,
    "maxCount": 7
  }
}