{
  "type": "forge:add_spawns",
  "biomes": [
    "badlands",
    "bamboo_jungle",
    "basalt_deltas",
    "beach",
    "birch_forest",
    "plains",
    "cold_ocean",
    "crimson_forest",
    "dark_forest",
    "deep_dark",
    "desert",
    "dripstone_caves",
    "eroded_badlands",
    "forest",
    "grove",
    "jungle",
    "lush_caves",
    "mangrove_swamp",
    "meadow",
    "nether_wastes",
    "old_growth_birch_forest",
    "savanna",
    "soul_sand_valley",
    "swamp",
    "taiga",
    "windswept_savanna",
    "wooded_badlands"
  ],
  "spawners": {
    "type": "arphex:spider_brood",
    "weight": 1,
    "minCount": 1,
    "maxCount": 2
  }
}