{
	"format_version": "1.12.0",
	"minecraft:geometry": [
		{
			"description": {
				"identifier": "geometry.beetletickmite",
				"texture_width": 32,
				"texture_height": 32,
				"visible_bounds_width": 4,
				"visible_bounds_height": 2.5,
				"visible_bounds_offset": [0, 0.75, 0]
			},
			"bones": [
				{
					"name": "tick",
					"pivot": [0, 0, -2.2]
				},
				{
					"name": "L4",
					"parent": "tick",
					"pivot": [3.1, 1.6, -0.2],
					"rotation": [-11.85746, 1.46368, 50.04328],
					"cubes": [
						{
							"origin": [1.17011, 3.24986, 1.56151],
							"size": [2.3, 0.375, 0.5],
							"pivot": [3.72011, 2.73736, 1.91151],
							"rotation": [23.47006, -35.17313, -81.88848],
							"uv": {
								"north": {"uv": [21, 21], "uv_size": [2.5, 0.5]},
								"east": {"uv": [26, 28], "uv_size": [0.5, 0.5]},
								"south": {"uv": [22, 0], "uv_size": [2.5, 0.5]},
								"west": {"uv": [28, 26], "uv_size": [0.5, 0.5]},
								"up": {"uv": [22, 1], "uv_size": [2.5, 0.5]},
								"down": {"uv": [2, 22.5], "uv_size": [2.5, -0.5]}
							}
						},
						{
							"origin": [2.62182, 2.92328, 2.27619],
							"size": [1.6, 0.375, 0.3],
							"pivot": [3.67182, 3.66078, 2.32619],
							"rotation": [54.41039, -68.62011, -51.66863],
							"uv": {
								"north": {"uv": [17, 25], "uv_size": [1.5, 0.5]},
								"east": {"uv": [27, 28], "uv_size": [0.5, 0.5]},
								"south": {"uv": [25, 18], "uv_size": [1.5, 0.5]},
								"west": {"uv": [28, 27], "uv_size": [0.5, 0.5]},
								"up": {"uv": [19, 25], "uv_size": [1.5, 0.5]},
								"down": {"uv": [25, 19.5], "uv_size": [1.5, -0.5]}
							}
						},
						{
							"origin": [3.11467, 2.82596, 4.46404],
							"size": [2.8, 0.275, 0.3],
							"pivot": [4.86467, 0.56346, 3.81404],
							"rotation": [-12.25858, -61.39234, 20.02078],
							"uv": {
								"north": {"uv": [19, 12], "uv_size": [3, 0.5]},
								"east": {"uv": [29, 11], "uv_size": [0.5, 0.5]},
								"south": {"uv": [13, 19], "uv_size": [3, 0.5]},
								"west": {"uv": [12, 29], "uv_size": [0.5, 0.5]},
								"up": {"uv": [19, 13], "uv_size": [3, 0.5]},
								"down": {"uv": [19, 14.5], "uv_size": [3, -0.5]}
							}
						},
						{
							"origin": [6.02068, 2.59235, 5.46174],
							"size": [0.8, 0.275, 0.3],
							"pivot": [5.52068, 1.62985, 4.91174],
							"rotation": [34.59336, -37.56317, -46.24946],
							"uv": {
								"north": {"uv": [27, 14], "uv_size": [1, 0.5]},
								"east": {"uv": [29, 12], "uv_size": [0.5, 0.5]},
								"south": {"uv": [15, 27], "uv_size": [1, 0.5]},
								"west": {"uv": [13, 29], "uv_size": [0.5, 0.5]},
								"up": {"uv": [27, 15], "uv_size": [1, 0.5]},
								"down": {"uv": [16, 27.5], "uv_size": [1, -0.5]}
							}
						}
					]
				},
				{
					"name": "L3",
					"parent": "tick",
					"pivot": [1.2, 1.4, -1.9],
					"cubes": [
						{
							"origin": [4.12266, 0.79809, -1.17841],
							"size": [2.1, 0.275, 0.3],
							"pivot": [4.67266, 1.58559, -1.12841],
							"rotation": [-8.47415, 18.0308, 54.97822],
							"uv": {
								"north": {"uv": [23, 18], "uv_size": [2, 0.5]},
								"east": {"uv": [28, 28], "uv_size": [0.5, 0.5]},
								"south": {"uv": [21, 23], "uv_size": [2, 0.5]},
								"west": {"uv": [0, 29], "uv_size": [0.5, 0.5]},
								"up": {"uv": [23, 23], "uv_size": [2, 0.5]},
								"down": {"uv": [0, 24.5], "uv_size": [2, -0.5]}
							}
						},
						{
							"origin": [4.97365, -0.09736, -1.62383],
							"size": [0.8, 0.175, 0.3],
							"pivot": [5.37365, -0.10986, -1.77383],
							"rotation": [-20.03721, -25.18954, 24.98668],
							"uv": {
								"north": {"uv": [27, 11], "uv_size": [1, 0.5]},
								"east": {"uv": [29, 10], "uv_size": [0.5, 0.5]},
								"south": {"uv": [27, 12], "uv_size": [1, 0.5]},
								"west": {"uv": [11, 29], "uv_size": [0.5, 0.5]},
								"up": {"uv": [27, 13], "uv_size": [1, 0.5]},
								"down": {"uv": [14, 27.5], "uv_size": [1, -0.5]}
							}
						},
						{
							"origin": [1.02607, 1.36576, -1.58224],
							"size": [2.9, 0.375, 0.4],
							"pivot": [2.47607, 1.95326, -1.33224],
							"rotation": [-1.16156, -21.39214, -7.61801],
							"uv": {
								"north": {"uv": [19, 2], "uv_size": [3, 0.5]},
								"east": {"uv": [29, 0], "uv_size": [0.5, 0.5]},
								"south": {"uv": [19, 3], "uv_size": [3, 0.5]},
								"west": {"uv": [1, 29], "uv_size": [0.5, 0.5]},
								"up": {"uv": [19, 5], "uv_size": [3, 0.5]},
								"down": {"uv": [19, 6.5], "uv_size": [3, -0.5]}
							}
						}
					]
				},
				{
					"name": "R3",
					"parent": "tick",
					"pivot": [-1.4, 1.4, -2.1],
					"cubes": [
						{
							"origin": [-3.99565, 1.69618, -1.42553],
							"size": [2.7, 0.275, 0.4],
							"pivot": [-2.64565, 2.03368, -1.57553],
							"rotation": [2.25662, 28.94575, 15.51948],
							"uv": {
								"north": {"uv": [22, 2], "uv_size": [2.5, 0.5]},
								"east": {"uv": [29, 1], "uv_size": [0.5, 0.5]},
								"south": {"uv": [22, 3], "uv_size": [2.5, 0.5]},
								"west": {"uv": [2, 29], "uv_size": [0.5, 0.5]},
								"up": {"uv": [22, 4], "uv_size": [2.5, 0.5]},
								"down": {"uv": [5, 22.5], "uv_size": [2.5, -0.5]}
							}
						},
						{
							"origin": [-5.71825, 0.22082, -1.06074],
							"size": [2.3, 0.375, 0.3],
							"pivot": [-5.11825, 1.15832, -0.81074],
							"rotation": [-8.29612, -8.45502, -52.59875],
							"uv": {
								"north": {"uv": [2, 24], "uv_size": [2, 0.5]},
								"east": {"uv": [29, 2], "uv_size": [0.5, 0.5]},
								"south": {"uv": [4, 24], "uv_size": [2, 0.5]},
								"west": {"uv": [3, 29], "uv_size": [0.5, 0.5]},
								"up": {"uv": [6, 24], "uv_size": [2, 0.5]},
								"down": {"uv": [24, 7.5], "uv_size": [2, -0.5]}
							}
						},
						{
							"origin": [-5.91825, 0.12082, -0.96074],
							"size": [1, 0.275, 0.3],
							"pivot": [-5.11825, 1.15832, -0.81074],
							"rotation": [-14.3868, 34.54567, -18.55087],
							"uv": {
								"north": {"uv": [27, 19], "uv_size": [1, 0.5]},
								"east": {"uv": [29, 14], "uv_size": [0.5, 0.5]},
								"south": {"uv": [20, 27], "uv_size": [1, 0.5]},
								"west": {"uv": [15, 29], "uv_size": [0.5, 0.5]},
								"up": {"uv": [27, 20], "uv_size": [1, 0.5]},
								"down": {"uv": [21, 27.5], "uv_size": [1, -0.5]}
							}
						}
					]
				},
				{
					"name": "L2",
					"parent": "tick",
					"pivot": [1.2, 1.4, -3],
					"rotation": [0, 5, 0],
					"cubes": [
						{
							"origin": [3.92891, -0.43382, -3.22474],
							"size": [1.6, 0.275, 0.35],
							"pivot": [5.02891, 0.80368, -3.67474],
							"rotation": [7.20995, 15.95205, 44.14271],
							"uv": {
								"north": {"uv": [22, 5], "uv_size": [2.5, 0.5]},
								"east": {"uv": [29, 4], "uv_size": [0.5, 0.5]},
								"south": {"uv": [22, 6], "uv_size": [2.5, 0.5]},
								"west": {"uv": [5, 29], "uv_size": [0.5, 0.5]},
								"up": {"uv": [22, 8], "uv_size": [2.5, 0.5]},
								"down": {"uv": [22, 9.5], "uv_size": [2.5, -0.5]}
							}
						},
						{
							"origin": [3.72891, -0.43382, -3.22474],
							"size": [0.6, 0.075, 0.4],
							"pivot": [5.02891, 0.80368, -3.67474],
							"rotation": [10.29283, 7.13136, 55.6431],
							"uv": {
								"north": {"uv": [22, 5], "uv_size": [2.5, 0.5]},
								"east": {"uv": [29, 4], "uv_size": [0.5, 0.5]},
								"south": {"uv": [22, 6], "uv_size": [2.5, 0.5]},
								"west": {"uv": [5, 29], "uv_size": [0.5, 0.5]},
								"up": {"uv": [22, 8], "uv_size": [2.5, 0.5]},
								"down": {"uv": [22, 9.5], "uv_size": [2.5, -0.5]}
							}
						},
						{
							"origin": [2.72891, -0.43382, -3.22474],
							"size": [1.1, 0.075, 0.4],
							"pivot": [5.02891, 0.80368, -3.67474],
							"rotation": [10.29283, 7.13136, 55.6431],
							"uv": {
								"north": {"uv": [22, 5], "uv_size": [2.5, 0.5]},
								"east": {"uv": [29, 4], "uv_size": [0.5, 0.5]},
								"south": {"uv": [22, 6], "uv_size": [2.5, 0.5]},
								"west": {"uv": [5, 29], "uv_size": [0.5, 0.5]},
								"up": {"uv": [22, 8], "uv_size": [2.5, 0.5]},
								"down": {"uv": [22, 9.5], "uv_size": [2.5, -0.5]}
							}
						}
					]
				},
				{
					"name": "R2",
					"parent": "tick",
					"pivot": [-1.2, 1.4, -3],
					"rotation": [0, -4, 0],
					"cubes": [
						{
							"origin": [-2.05, 1.4, -2.55],
							"size": [1.5, 0.275, 0.3],
							"inflate": 0,
							"pivot": [-1.8, -1.6, -2.7],
							"rotation": [9.97528, -7.57131, -53.16171],
							"uv": {
								"north": {"uv": [10, 22], "uv_size": [2.5, 0.5]},
								"east": {"uv": [29, 6], "uv_size": [0.5, 0.5]},
								"south": {"uv": [22, 10], "uv_size": [2.5, 0.5]},
								"west": {"uv": [7, 29], "uv_size": [0.5, 0.5]},
								"up": {"uv": [22, 11], "uv_size": [2.5, 0.5]},
								"down": {"uv": [22, 12.5], "uv_size": [2.5, -0.5]}
							}
						},
						{
							"origin": [-0.55, 1.5, -2.65],
							"size": [1, 0.175, 0.4],
							"inflate": 0,
							"pivot": [-1.8, -1.6, -2.7],
							"rotation": [9.97528, -7.57131, -53.16171],
							"uv": {
								"north": {"uv": [10, 22], "uv_size": [2.5, 0.5]},
								"east": {"uv": [29, 6], "uv_size": [0.5, 0.5]},
								"south": {"uv": [22, 10], "uv_size": [2.5, 0.5]},
								"west": {"uv": [7, 29], "uv_size": [0.5, 0.5]},
								"up": {"uv": [22, 11], "uv_size": [2.5, 0.5]},
								"down": {"uv": [22, 12.5], "uv_size": [2.5, -0.5]}
							}
						},
						{
							"origin": [-5.81586, -0.09198, -3.21132],
							"size": [1.7, 0.275, 0.3],
							"inflate": 0,
							"pivot": [-4.81586, -0.25448, -3.06132],
							"rotation": [2.42224, -12.26673, -11.26033],
							"uv": {
								"north": {"uv": [17, 27], "uv_size": [1, 0.5]},
								"east": {"uv": [29, 13], "uv_size": [0.5, 0.5]},
								"south": {"uv": [18, 27], "uv_size": [1, 0.5]},
								"west": {"uv": [14, 29], "uv_size": [0.5, 0.5]},
								"up": {"uv": [27, 18], "uv_size": [1, 0.5]},
								"down": {"uv": [19, 27.5], "uv_size": [1, -0.5]}
							}
						}
					]
				},
				{
					"name": "R4",
					"parent": "tick",
					"pivot": [-2.6, 1.3, 0.1],
					"rotation": [-2.76456, 4.16781, -33.60061],
					"cubes": [
						{
							"origin": [-3.81899, 3.05522, 1.53833],
							"size": [2.7, 0.275, 0.5],
							"pivot": [-3.41899, 2.84272, 1.58833],
							"rotation": [23.00346, 46.8551, 77.02852],
							"uv": {
								"north": {"uv": [13, 22], "uv_size": [2.5, 0.5]},
								"east": {"uv": [29, 7], "uv_size": [0.5, 0.5]},
								"south": {"uv": [22, 13], "uv_size": [2.5, 0.5]},
								"west": {"uv": [8, 29], "uv_size": [0.5, 0.5]},
								"up": {"uv": [22, 14], "uv_size": [2.5, 0.5]},
								"down": {"uv": [16, 22.5], "uv_size": [2.5, -0.5]}
							}
						},
						{
							"origin": [-4.87004, 3.07777, 1.20098],
							"size": [1.5, 0.275, 0.4],
							"pivot": [-3.31899, 2.84272, 1.58833],
							"rotation": [-88.25999, 56.9785, -20.47279],
							"uv": {
								"north": {"uv": [4, 26], "uv_size": [1.5, 0.5]},
								"east": {"uv": [29, 15], "uv_size": [0.5, 0.5]},
								"south": {"uv": [6, 26], "uv_size": [1.5, 0.5]},
								"west": {"uv": [16, 29], "uv_size": [0.5, 0.5]},
								"up": {"uv": [26, 7], "uv_size": [1.5, 0.5]},
								"down": {"uv": [8, 26.5], "uv_size": [1.5, -0.5]}
							}
						},
						{
							"origin": [-5.80805, 1.61955, 5.20523],
							"size": [2.7, 0.275, 0.3],
							"pivot": [-5.95805, 0.95705, 4.35523],
							"rotation": [-33.28778, 48.33684, -40.67825],
							"uv": {
								"north": {"uv": [19, 8], "uv_size": [3, 0.5]},
								"east": {"uv": [29, 8], "uv_size": [0.5, 0.5]},
								"south": {"uv": [19, 9], "uv_size": [3, 0.5]},
								"west": {"uv": [9, 29], "uv_size": [0.5, 0.5]},
								"up": {"uv": [19, 10], "uv_size": [3, 0.5]},
								"down": {"uv": [19, 11.5], "uv_size": [3, -0.5]}
							}
						},
						{
							"origin": [-6.90805, 1.71955, 5.20523],
							"size": [1, 0.275, 0.3],
							"pivot": [-5.95805, 0.95705, 4.35523],
							"rotation": [7.38623, 55.92135, 9.52819],
							"uv": {
								"north": {"uv": [29, 16], "uv_size": [0.5, 0.5]},
								"east": {"uv": [17, 29], "uv_size": [0.5, 0.5]},
								"south": {"uv": [29, 17], "uv_size": [0.5, 0.5]},
								"west": {"uv": [18, 29], "uv_size": [0.5, 0.5]},
								"up": {"uv": [29, 18], "uv_size": [0.5, 0.5]},
								"down": {"uv": [19, 29.5], "uv_size": [0.5, -0.5]}
							}
						}
					]
				},
				{
					"name": "frontbody",
					"parent": "tick",
					"pivot": [0, -1.3, -0.7]
				},
				{
					"name": "sockets",
					"parent": "frontbody",
					"pivot": [2.1, -2.1, -1.3],
					"cubes": [
						{
							"origin": [-2.72888, -1.48328, -2.75268],
							"size": [0.35, 0.65, 2.55],
							"pivot": [-1.30388, 0.54172, -1.12768],
							"rotation": [91.4678, 3.87156, 92.32823],
							"uv": {
								"north": {"uv": [24, 28], "uv_size": [0.5, 0.5]},
								"east": {"uv": [25, 9], "uv_size": [1.5, 0.5]},
								"south": {"uv": [28, 24], "uv_size": [0.5, 0.5]},
								"west": {"uv": [10, 25], "uv_size": [1.5, 0.5]},
								"up": {"uv": [25, 10], "uv_size": [0.5, 1.5]},
								"down": {"uv": [25, 13.5], "uv_size": [0.5, -1.5]}
							}
						},
						{
							"origin": [2.26862, -1.39291, -2.6295],
							"size": [0.35, 0.75, 2.75],
							"pivot": [1.19362, 0.53209, -1.1045],
							"rotation": [89.9523, -6.31515, -95.59913],
							"uv": {
								"north": {"uv": [25, 28], "uv_size": [0.5, 0.5]},
								"east": {"uv": [25, 14], "uv_size": [1.5, 0.5]},
								"south": {"uv": [28, 25], "uv_size": [0.5, 0.5]},
								"west": {"uv": [25, 15], "uv_size": [1.5, 0.5]},
								"up": {"uv": [16, 25], "uv_size": [0.5, 1.5]},
								"down": {"uv": [25, 17.5], "uv_size": [0.5, -1.5]}
							}
						}
					]
				},
				{
					"name": "mainabdomen",
					"parent": "frontbody",
					"pivot": [-0.45, 1.88013, 0.03025],
					"rotation": [4, 0, 0],
					"cubes": [
						{
							"origin": [-2.75, 1.96821, -2.2071],
							"size": [5.6, 0.275, 2.9],
							"pivot": [-0.4, 2.15571, -0.6571],
							"rotation": [-3, 0, 0],
							"uv": {
								"north": {"uv": [14, 5], "uv_size": [2, 1.5]},
								"east": {"uv": [12, 18], "uv_size": [1, 1.5]},
								"south": {"uv": [9, 14], "uv_size": [2, 1.5]},
								"west": {"uv": [0, 19], "uv_size": [1, 1.5]},
								"up": {"uv": [2, 4], "uv_size": [2, 1]},
								"down": {"uv": [6, 13], "uv_size": [2, -1]}
							}
						},
						{
							"origin": [-2.95, 1.76821, -3.7071],
							"size": [6, 0.675, 2],
							"pivot": [-0.4, 2.15571, -0.6571],
							"rotation": [-3, 0, 0],
							"uv": {
								"north": {"uv": [8, 5], "uv_size": [2.5, 2]},
								"east": {"uv": [2, 18], "uv_size": [1, 2]},
								"south": {"uv": [9, 0], "uv_size": [2.5, 2]},
								"west": {"uv": [3, 18], "uv_size": [1, 2]},
								"up": {"uv": [11, 15], "uv_size": [2.5, 1]},
								"down": {"uv": [14, 16], "uv_size": [2.5, -1]}
							}
						},
						{
							"origin": [-3.05, 1.86821, -0.3071],
							"size": [6.2, 0.575, 2.3],
							"pivot": [-0.4, 2.15571, -0.6571],
							"rotation": [-4, 0, 0],
							"uv": {
								"north": {"uv": [9, 7], "uv_size": [2.5, 2]},
								"east": {"uv": [4, 18], "uv_size": [1, 2]},
								"south": {"uv": [9, 9], "uv_size": [2.5, 2]},
								"west": {"uv": [7, 18], "uv_size": [1, 2]},
								"up": {"uv": [16, 6], "uv_size": [2.5, 1]},
								"down": {"uv": [7, 17], "uv_size": [2.5, -1]}
							}
						},
						{
							"origin": [-3.15, 1.56821, -1.8071],
							"size": [6.4, 0.975, 2.3],
							"pivot": [-0.4, 2.15571, -0.6571],
							"rotation": [-3, 0, 0],
							"uv": {
								"north": {"uv": [6, 0], "uv_size": [2.5, 2.5]},
								"east": {"uv": [5, 16], "uv_size": [1, 2.5]},
								"south": {"uv": [2, 8], "uv_size": [2.5, 2.5]},
								"west": {"uv": [6, 16], "uv_size": [1, 2.5]},
								"up": {"uv": [16, 3], "uv_size": [2.5, 1]},
								"down": {"uv": [16, 6], "uv_size": [2.5, -1]}
							}
						},
						{
							"origin": [-2.45, 1.55933, -4.30184],
							"size": [5, 0.8, 4.8],
							"uv": {
								"north": {"uv": [5, 19], "uv_size": [1.5, 1]},
								"east": {"uv": [10, 4], "uv_size": [4.5, 1]},
								"south": {"uv": [19, 7], "uv_size": [1.5, 1]},
								"west": {"uv": [0, 11], "uv_size": [4.5, 1]},
								"up": {"uv": [0, 4], "uv_size": [1.5, 4.5]},
								"down": {"uv": [4, 4.5], "uv_size": [1.5, -4.5]}
							}
						},
						{
							"origin": [-1.65, 1.65933, -4.80184],
							"size": [3.5, 0.6, 4.9],
							"uv": {
								"north": {"uv": [5, 19], "uv_size": [1.5, 1]},
								"east": {"uv": [10, 4], "uv_size": [4.5, 1]},
								"south": {"uv": [19, 7], "uv_size": [1.5, 1]},
								"west": {"uv": [0, 11], "uv_size": [4.5, 1]},
								"up": {"uv": [0, 4], "uv_size": [1.5, 4.5]},
								"down": {"uv": [4, 4.5], "uv_size": [1.5, -4.5]}
							}
						}
					]
				},
				{
					"name": "mainabdomen2",
					"parent": "frontbody",
					"pivot": [-1.05, 2.58013, 2.13025],
					"rotation": [4, 0, 0],
					"cubes": [
						{
							"origin": [-2.45, 1.66821, 1.0929],
							"size": [5.2, 0.675, 1.4],
							"pivot": [-1, 2.85571, 1.4429],
							"rotation": [-4, 0, 0],
							"uv": {
								"north": {"uv": [12, 0], "uv_size": [3, 1.5]},
								"east": {"uv": [19, 19], "uv_size": [1, 1.5]},
								"south": {"uv": [3, 12], "uv_size": [3, 1.5]},
								"west": {"uv": [20, 0], "uv_size": [1, 1.5]},
								"up": {"uv": [14, 12], "uv_size": [3, 1]},
								"down": {"uv": [14, 15], "uv_size": [3, -1]}
							}
						},
						{
							"origin": [-1.95, 1.86821, 1.5929],
							"size": [4, 0.6, 1.3],
							"pivot": [-1, 2.85571, 1.4429],
							"rotation": [-15, 0, 0],
							"uv": {
								"north": {"uv": [22, 19], "uv_size": [2.5, 0.5]},
								"east": {"uv": [29, 19], "uv_size": [0.5, 0.5]},
								"south": {"uv": [22, 20], "uv_size": [2.5, 0.5]},
								"west": {"uv": [20, 29], "uv_size": [0.5, 0.5]},
								"up": {"uv": [22, 22], "uv_size": [2.5, 0.5]},
								"down": {"uv": [0, 23.5], "uv_size": [2.5, -0.5]}
							}
						},
						{
							"origin": [-1.75, 2.36821, 2.7929],
							"size": [3.5, 0.2, 0.3],
							"pivot": [-1, 2.85571, 1.4429],
							"rotation": [-20, 0, 0],
							"uv": {
								"north": {"uv": [22, 19], "uv_size": [2.5, 0.5]},
								"east": {"uv": [29, 19], "uv_size": [0.5, 0.5]},
								"south": {"uv": [22, 20], "uv_size": [2.5, 0.5]},
								"west": {"uv": [20, 29], "uv_size": [0.5, 0.5]},
								"up": {"uv": [22, 22], "uv_size": [2.5, 0.5]},
								"down": {"uv": [0, 23.5], "uv_size": [2.5, -0.5]}
							}
						},
						{
							"origin": [-1.35, 2.46821, 3.0929],
							"size": [2.8, 0.2, 0.2],
							"pivot": [-1, 2.85571, 1.4429],
							"rotation": [-22, 0, 0],
							"uv": {
								"north": {"uv": [22, 19], "uv_size": [2.5, 0.5]},
								"east": {"uv": [29, 19], "uv_size": [0.5, 0.5]},
								"south": {"uv": [22, 20], "uv_size": [2.5, 0.5]},
								"west": {"uv": [20, 29], "uv_size": [0.5, 0.5]},
								"up": {"uv": [22, 22], "uv_size": [2.5, 0.5]},
								"down": {"uv": [0, 23.5], "uv_size": [2.5, -0.5]}
							}
						}
					]
				},
				{
					"name": "headfront",
					"parent": "frontbody",
					"pivot": [0, -1.3, -2.2],
					"cubes": [
						{
							"origin": [-1.1, 1.315, -3.6],
							"size": [2.1, 0.46, 1.7],
							"uv": {
								"north": {"uv": [0, 9], "uv_size": [2, 1.5]},
								"east": {"uv": [17, 11], "uv_size": [1.5, 1.5]},
								"south": {"uv": [0, 14], "uv_size": [2, 1.5]},
								"west": {"uv": [13, 17], "uv_size": [1.5, 1.5]},
								"up": {"uv": [2, 14], "uv_size": [2, 1.5]},
								"down": {"uv": [4, 15.5], "uv_size": [2, -1.5]}
							}
						},
						{
							"origin": [-1.2, 0.615, -5.3],
							"size": [2.4, 0.26, 1.2],
							"pivot": [0, -1.3, -2.2],
							"rotation": [-18, 0, 0],
							"uv": {
								"north": {"uv": [15, 23], "uv_size": [2.5, 0.5]},
								"east": {"uv": [17, 28], "uv_size": [1, 0.5]},
								"south": {"uv": [18, 23], "uv_size": [2.5, 0.5]},
								"west": {"uv": [28, 17], "uv_size": [1, 0.5]},
								"up": {"uv": [7, 17], "uv_size": [2.5, 1]},
								"down": {"uv": [10, 18], "uv_size": [2.5, -1]}
							}
						}
					]
				},
				{
					"name": "mouthL",
					"parent": "frontbody",
					"pivot": [0, 0.6, -1.1],
					"rotation": [38, 0, 0],
					"cubes": [
						{
							"origin": [-1.19143, 4.60814, -6.40683],
							"size": [0.4, 2.4, 0.1],
							"pivot": [1.25857, 7.80814, -4.55683],
							"rotation": [46.02356, 4.55883, -31.08021],
							"uv": {
								"north": {"uv": [24, 15], "uv_size": [1, 1]},
								"east": {"uv": [20, 19], "uv_size": [1.5, 1]},
								"south": {"uv": [16, 24], "uv_size": [1, 1]},
								"west": {"uv": [20, 20], "uv_size": [1.5, 1]},
								"up": {"uv": [0, 21], "uv_size": [1, 1.5]},
								"down": {"uv": [21, 1.5], "uv_size": [1, -1.5]}
							}
						},
						{
							"origin": [-0.59977, 3.50143, -5.0359],
							"size": [0.5, 2.9, 0.1],
							"pivot": [-1.44977, 5.65143, -3.9859],
							"rotation": [47.21269, -10.74778, 22.11381],
							"uv": {
								"north": {"uv": [24, 15], "uv_size": [1, 1]},
								"east": {"uv": [20, 19], "uv_size": [1.5, 1]},
								"south": {"uv": [16, 24], "uv_size": [1, 1]},
								"west": {"uv": [20, 20], "uv_size": [1.5, 1]},
								"up": {"uv": [0, 21], "uv_size": [1, 1.5]},
								"down": {"uv": [21, 1.5], "uv_size": [1, -1.5]}
							}
						},
						{
							"origin": [-0.3, 4.3, -1.9],
							"size": [0.6, 1, 1],
							"pivot": [0, 0.6, -1.1],
							"rotation": [35, 0, 0],
							"uv": {
								"north": {"uv": [1, 30], "uv_size": [0.5, 0.5]},
								"east": {"uv": [7, 28], "uv_size": [1, 0.5]},
								"south": {"uv": [30, 1], "uv_size": [0.5, 0.5]},
								"west": {"uv": [28, 7], "uv_size": [1, 0.5]},
								"up": {"uv": [8, 28], "uv_size": [0.5, 1]},
								"down": {"uv": [28, 9], "uv_size": [0.5, -1]}
							}
						},
						{
							"origin": [-0.1, 4.7, -3.4],
							"size": [0.4, 0.4, 0.4],
							"pivot": [0, 0.6, -1.1],
							"rotation": [7, 0, 0],
							"uv": {
								"north": {"uv": [2, 30], "uv_size": [0.5, 0.5]},
								"east": {"uv": [30, 2], "uv_size": [0.5, 0.5]},
								"south": {"uv": [3, 30], "uv_size": [0.5, 0.5]},
								"west": {"uv": [30, 3], "uv_size": [0.5, 0.5]},
								"up": {"uv": [4, 30], "uv_size": [0.5, 0.5]},
								"down": {"uv": [30, 4.5], "uv_size": [0.5, -0.5]}
							}
						}
					]
				},
				{
					"name": "pincer1",
					"pivot": [-4.71286, 0.19545, -6.6086],
					"rotation": [0, 0, -37.5],
					"cubes": [
						{
							"origin": [-3.2, -0.7, -4],
							"size": [1.1, 0.3, 0.6],
							"pivot": [0, -2.4, -2.5],
							"rotation": [0, -12, 12],
							"uv": {
								"north": {"uv": [9, 28], "uv_size": [1, 0.5]},
								"east": {"uv": [28, 9], "uv_size": [1, 0.5]},
								"south": {"uv": [10, 28], "uv_size": [1, 0.5]},
								"west": {"uv": [28, 10], "uv_size": [1, 0.5]},
								"up": {"uv": [17, 24], "uv_size": [1, 1]},
								"down": {"uv": [24, 18], "uv_size": [1, -1]}
							}
						},
						{
							"origin": [-5, -0.2, -4.6],
							"size": [2.4, 0.5, 0.5],
							"pivot": [-2.5, -0.25, -4.2],
							"rotation": [0.10124, -16.55953, 7.66306],
							"uv": {
								"north": {"uv": [15, 7], "uv_size": [3, 1]},
								"east": {"uv": [11, 28], "uv_size": [0.5, 1]},
								"south": {"uv": [15, 8], "uv_size": [3, 1]},
								"west": {"uv": [28, 11], "uv_size": [0.5, 1]},
								"up": {"uv": [6, 21], "uv_size": [3, 0.5]},
								"down": {"uv": [21, 7.5], "uv_size": [3, -0.5]}
							}
						},
						{
							"origin": [-6.48408, 0.37616, -7.67606],
							"size": [3, 0.2, 0.3],
							"pivot": [-5.83408, -0.17384, -7.02606],
							"rotation": [21.23441, -80.74949, -8.41108],
							"uv": {
								"north": {"uv": [26, 21], "uv_size": [1.5, 0.5]},
								"east": {"uv": [6, 30], "uv_size": [0.5, 0.5]},
								"south": {"uv": [26, 24], "uv_size": [1.5, 0.5]},
								"west": {"uv": [30, 6], "uv_size": [0.5, 0.5]},
								"up": {"uv": [25, 26], "uv_size": [1.5, 0.5]},
								"down": {"uv": [0, 27.5], "uv_size": [1.5, -0.5]}
							}
						}
					]
				},
				{
					"name": "pincer2",
					"pivot": [4.38441, -0.24586, -6.29065],
					"rotation": [0, 0, -143],
					"cubes": [
						{
							"origin": [6.60996, -0.25873, -4.2],
							"size": [1.1, 0.4, 0.6],
							"pivot": [9.20996, -2.15873, -2.5],
							"rotation": [0, -11, -12],
							"uv": {
								"north": {"uv": [14, 28], "uv_size": [1, 0.5]},
								"east": {"uv": [28, 14], "uv_size": [1, 0.5]},
								"south": {"uv": [15, 28], "uv_size": [1, 0.5]},
								"west": {"uv": [28, 15], "uv_size": [1, 0.5]},
								"up": {"uv": [18, 24], "uv_size": [1, 1]},
								"down": {"uv": [19, 25], "uv_size": [1, -1]}
							}
						},
						{
							"origin": [4.20996, -0.75873, -4.6],
							"size": [2.2, 0.6, 0.4],
							"pivot": [6.70996, -0.00873, -4.2],
							"rotation": [2.76296, -16.33408, -1.71881],
							"uv": {
								"north": {"uv": [15, 9], "uv_size": [3, 1]},
								"east": {"uv": [16, 28], "uv_size": [0.5, 1]},
								"south": {"uv": [15, 10], "uv_size": [3, 1]},
								"west": {"uv": [28, 16], "uv_size": [0.5, 1]},
								"up": {"uv": [21, 15], "uv_size": [3, 0.5]},
								"down": {"uv": [21, 17.5], "uv_size": [3, -0.5]}
							}
						},
						{
							"origin": [0.74758, -0.95873, -5.13752],
							"size": [3, 0.3, 0.3],
							"pivot": [3.94758, -0.60873, -4.53752],
							"rotation": [-61.39911, -82.41872, 49.71856],
							"uv": {
								"north": {"uv": [27, 2], "uv_size": [1.5, 0.5]},
								"east": {"uv": [7, 30], "uv_size": [0.5, 0.5]},
								"south": {"uv": [3, 27], "uv_size": [1.5, 0.5]},
								"west": {"uv": [30, 7], "uv_size": [0.5, 0.5]},
								"up": {"uv": [27, 3], "uv_size": [1.5, 0.5]},
								"down": {"uv": [27, 4.5], "uv_size": [1.5, -0.5]}
							}
						}
					]
				}
			]
		}
	]
}