{
	"format_version": "1.12.0",
	"minecraft:geometry": [
		{
			"description": {
				"identifier": "geometry.centipedeevictor",
				"texture_width": 32,
				"texture_height": 32,
				"visible_bounds_width": 4,
				"visible_bounds_height": 2.5,
				"visible_bounds_offset": [0, 0.75, 0]
			},
			"bones": [
				{
					"name": "horrorcentipede",
					"pivot": [0, 1.3, -5.6]
				},
				{
					"name": "legs",
					"parent": "horrorcentipede",
					"pivot": [1.77734, -0.29975, -4.27757]
				},
				{
					"name": "L4",
					"parent": "legs",
					"pivot": [1.3, 2.7, 5.8],
					"rotation": [-4.95886, 32.51092, 4.20845],
					"cubes": [
						{
							"origin": [-0.52989, 3.04986, 7.36151],
							"size": [6, 0.275, 0.375],
							"pivot": [2.42011, 3.83736, 7.11151],
							"rotation": [25.22415, -43.4536, -44.79047],
							"uv": {
								"north": {"uv": [0, 15], "uv_size": [4, 0.5]},
								"east": {"uv": [23, 11], "uv_size": [0.5, 0.5]},
								"south": {"uv": [4, 15], "uv_size": [4, 0.5]},
								"west": {"uv": [12, 23], "uv_size": [0.5, 0.5]},
								"up": {"uv": [8, 15], "uv_size": [4, 0.5]},
								"down": {"uv": [15, 11.5], "uv_size": [4, -0.5]}
							}
						},
						{
							"origin": [3.43057, 4.00715, 9.96634],
							"size": [2.6, 0.275, 0.3],
							"pivot": [4.43057, 3.79465, 9.71634],
							"rotation": [-36.74377, -30.06529, 56.82248],
							"uv": {
								"north": {"uv": [10, 11], "uv_size": [4.5, 0.5]},
								"east": {"uv": [23, 12], "uv_size": [0.5, 0.5]},
								"south": {"uv": [11, 10], "uv_size": [4.5, 0.5]},
								"west": {"uv": [13, 23], "uv_size": [0.5, 0.5]},
								"up": {"uv": [0, 12], "uv_size": [4.5, 0.5]},
								"down": {"uv": [12, 2.5], "uv_size": [4.5, -0.5]}
							}
						},
						{
							"origin": [3.54093, 2.15427, 10.77181],
							"size": [2.8, 0.175, 0.2],
							"pivot": [5.09093, 1.04177, 11.37181],
							"rotation": [-31.1978, -24.78773, 46.46575],
							"uv": {
								"north": {"uv": [10, 11], "uv_size": [4.5, 0.5]},
								"east": {"uv": [23, 12], "uv_size": [0.5, 0.5]},
								"south": {"uv": [11, 10], "uv_size": [4.5, 0.5]},
								"west": {"uv": [13, 23], "uv_size": [0.5, 0.5]},
								"up": {"uv": [0, 12], "uv_size": [4.5, 0.5]},
								"down": {"uv": [12, 2.5], "uv_size": [4.5, -0.5]}
							}
						}
					]
				},
				{
					"name": "L11",
					"parent": "legs",
					"pivot": [1.3, 2.7, 6.6],
					"rotation": [-4.42305, 19.05558, 5.43175],
					"cubes": [
						{
							"origin": [-0.52989, 3.04986, 8.16151],
							"size": [6, 0.275, 0.375],
							"pivot": [2.42011, 3.83736, 7.91151],
							"rotation": [25.22415, -43.4536, -44.79047],
							"uv": {
								"north": {"uv": [0, 15], "uv_size": [4, 0.5]},
								"east": {"uv": [23, 11], "uv_size": [0.5, 0.5]},
								"south": {"uv": [4, 15], "uv_size": [4, 0.5]},
								"west": {"uv": [12, 23], "uv_size": [0.5, 0.5]},
								"up": {"uv": [8, 15], "uv_size": [4, 0.5]},
								"down": {"uv": [15, 11.5], "uv_size": [4, -0.5]}
							}
						},
						{
							"origin": [3.43057, 4.00715, 10.76634],
							"size": [2.6, 0.275, 0.3],
							"pivot": [4.43057, 3.79465, 10.51634],
							"rotation": [-36.74377, -30.06529, 56.82248],
							"uv": {
								"north": {"uv": [10, 11], "uv_size": [4.5, 0.5]},
								"east": {"uv": [23, 12], "uv_size": [0.5, 0.5]},
								"south": {"uv": [11, 10], "uv_size": [4.5, 0.5]},
								"west": {"uv": [13, 23], "uv_size": [0.5, 0.5]},
								"up": {"uv": [0, 12], "uv_size": [4.5, 0.5]},
								"down": {"uv": [12, 2.5], "uv_size": [4.5, -0.5]}
							}
						},
						{
							"origin": [3.54093, 2.15427, 11.57181],
							"size": [2.8, 0.175, 0.2],
							"pivot": [5.09093, 1.04177, 12.17181],
							"rotation": [-31.1978, -24.78773, 46.46575],
							"uv": {
								"north": {"uv": [10, 11], "uv_size": [4.5, 0.5]},
								"east": {"uv": [23, 12], "uv_size": [0.5, 0.5]},
								"south": {"uv": [11, 10], "uv_size": [4.5, 0.5]},
								"west": {"uv": [13, 23], "uv_size": [0.5, 0.5]},
								"up": {"uv": [0, 12], "uv_size": [4.5, 0.5]},
								"down": {"uv": [12, 2.5], "uv_size": [4.5, -0.5]}
							}
						}
					]
				},
				{
					"name": "L2",
					"parent": "legs",
					"pivot": [1.3, 2.7, 7.7],
					"rotation": [-4.18456, 2.60144, 6.68811],
					"cubes": [
						{
							"origin": [-0.82989, 3.04986, 9.26151],
							"size": [6.3, 0.275, 0.375],
							"pivot": [2.42011, 3.83736, 9.01151],
							"rotation": [25.22415, -43.4536, -44.79047],
							"uv": {
								"north": {"uv": [0, 15], "uv_size": [4, 0.5]},
								"east": {"uv": [23, 11], "uv_size": [0.5, 0.5]},
								"south": {"uv": [4, 15], "uv_size": [4, 0.5]},
								"west": {"uv": [12, 23], "uv_size": [0.5, 0.5]},
								"up": {"uv": [8, 15], "uv_size": [4, 0.5]},
								"down": {"uv": [15, 11.5], "uv_size": [4, -0.5]}
							}
						},
						{
							"origin": [3.43057, 4.00715, 11.86634],
							"size": [2.6, 0.275, 0.3],
							"pivot": [4.43057, 3.79465, 11.61634],
							"rotation": [-36.74377, -30.06529, 56.82248],
							"uv": {
								"north": {"uv": [10, 11], "uv_size": [4.5, 0.5]},
								"east": {"uv": [23, 12], "uv_size": [0.5, 0.5]},
								"south": {"uv": [11, 10], "uv_size": [4.5, 0.5]},
								"west": {"uv": [13, 23], "uv_size": [0.5, 0.5]},
								"up": {"uv": [0, 12], "uv_size": [4.5, 0.5]},
								"down": {"uv": [12, 2.5], "uv_size": [4.5, -0.5]}
							}
						},
						{
							"origin": [3.54093, 2.15427, 12.67181],
							"size": [3.1, 0.175, 0.2],
							"pivot": [5.09093, 1.04177, 13.27181],
							"rotation": [-31.1978, -24.78773, 46.46575],
							"uv": {
								"north": {"uv": [10, 11], "uv_size": [4.5, 0.5]},
								"east": {"uv": [23, 12], "uv_size": [0.5, 0.5]},
								"south": {"uv": [11, 10], "uv_size": [4.5, 0.5]},
								"west": {"uv": [13, 23], "uv_size": [0.5, 0.5]},
								"up": {"uv": [0, 12], "uv_size": [4.5, 0.5]},
								"down": {"uv": [12, 2.5], "uv_size": [4.5, -0.5]}
							}
						}
					]
				},
				{
					"name": "L15",
					"parent": "legs",
					"pivot": [0.9, 2.7, 8.1],
					"rotation": [-4.40439, -18.34094, 8.26677],
					"cubes": [
						{
							"origin": [-1.32989, 2.94986, 9.66151],
							"size": [6.4, 0.275, 0.375],
							"pivot": [2.02011, 3.83736, 9.41151],
							"rotation": [20.70706, -45.40706, -38.34228],
							"uv": {
								"north": {"uv": [0, 15], "uv_size": [4, 0.5]},
								"east": {"uv": [23, 11], "uv_size": [0.5, 0.5]},
								"south": {"uv": [4, 15], "uv_size": [4, 0.5]},
								"west": {"uv": [12, 23], "uv_size": [0.5, 0.5]},
								"up": {"uv": [8, 15], "uv_size": [4, 0.5]},
								"down": {"uv": [15, 11.5], "uv_size": [4, -0.5]}
							}
						},
						{
							"origin": [3.33057, 4.00715, 12.26634],
							"size": [2.3, 0.275, 0.3],
							"pivot": [4.03057, 3.79465, 12.01634],
							"rotation": [-36.74377, -30.06529, 56.82248],
							"uv": {
								"north": {"uv": [10, 11], "uv_size": [4.5, 0.5]},
								"east": {"uv": [23, 12], "uv_size": [0.5, 0.5]},
								"south": {"uv": [11, 10], "uv_size": [4.5, 0.5]},
								"west": {"uv": [13, 23], "uv_size": [0.5, 0.5]},
								"up": {"uv": [0, 12], "uv_size": [4.5, 0.5]},
								"down": {"uv": [12, 2.5], "uv_size": [4.5, -0.5]}
							}
						},
						{
							"origin": [3.14093, 1.95427, 13.17181],
							"size": [3, 0.175, 0.2],
							"pivot": [4.69093, 1.04177, 13.67181],
							"rotation": [-34.38588, -24.05749, 53.78762],
							"uv": {
								"north": {"uv": [10, 11], "uv_size": [4.5, 0.5]},
								"east": {"uv": [23, 12], "uv_size": [0.5, 0.5]},
								"south": {"uv": [11, 10], "uv_size": [4.5, 0.5]},
								"west": {"uv": [13, 23], "uv_size": [0.5, 0.5]},
								"up": {"uv": [0, 12], "uv_size": [4.5, 0.5]},
								"down": {"uv": [12, 2.5], "uv_size": [4.5, -0.5]}
							}
						}
					]
				},
				{
					"name": "L3",
					"parent": "legs",
					"pivot": [1.1, 2.7, -2.7],
					"rotation": [0, 23, 0],
					"cubes": [
						{
							"origin": [3.82266, 4.29809, -2.27841],
							"size": [3.9, 0.275, 0.3],
							"pivot": [4.57266, 2.88559, -1.92841],
							"rotation": [-9.49791, -4.13581, 49.51131],
							"uv": {
								"north": {"uv": [12, 15], "uv_size": [4, 0.5]},
								"east": {"uv": [23, 13], "uv_size": [0.5, 0.5]},
								"south": {"uv": [15, 12], "uv_size": [4, 0.5]},
								"west": {"uv": [14, 23], "uv_size": [0.5, 0.5]},
								"up": {"uv": [15, 13], "uv_size": [4, 0.5]},
								"down": {"uv": [15, 14.5], "uv_size": [4, -0.5]}
							}
						},
						{
							"origin": [6.07194, 1.96599, -1.78195],
							"size": [2.5, 0.175, 0.2],
							"pivot": [6.37194, -0.04651, -1.63195],
							"rotation": [-0.6221, -0.94077, 44.6625],
							"uv": {
								"north": {"uv": [12, 15], "uv_size": [4, 0.5]},
								"east": {"uv": [23, 13], "uv_size": [0.5, 0.5]},
								"south": {"uv": [15, 12], "uv_size": [4, 0.5]},
								"west": {"uv": [14, 23], "uv_size": [0.5, 0.5]},
								"up": {"uv": [15, 13], "uv_size": [4, 0.5]},
								"down": {"uv": [15, 14.5], "uv_size": [4, -0.5]}
							}
						},
						{
							"origin": [2.02734, 1.50025, -2.92757],
							"size": [5.4, 0.375, 0.3],
							"pivot": [1.67734, -0.29975, -2.87757],
							"rotation": [6.67454, -11.56367, -32.12856],
							"uv": {
								"north": {"uv": [0, 17], "uv_size": [3, 0.5]},
								"east": {"uv": [23, 14], "uv_size": [0.5, 0.5]},
								"south": {"uv": [17, 2], "uv_size": [3, 0.5]},
								"west": {"uv": [15, 23], "uv_size": [0.5, 0.5]},
								"up": {"uv": [3, 17], "uv_size": [3, 0.5]},
								"down": {"uv": [17, 3.5], "uv_size": [3, -0.5]}
							}
						}
					]
				},
				{
					"name": "L9",
					"parent": "legs",
					"pivot": [1.1, 2.7, -1.6],
					"rotation": [0, 17, 0],
					"cubes": [
						{
							"origin": [3.82266, 4.29809, -1.07841],
							"size": [3.9, 0.275, 0.3],
							"pivot": [4.57266, 2.88559, -0.82841],
							"rotation": [-9.49791, -4.13581, 49.51131],
							"uv": {
								"north": {"uv": [12, 15], "uv_size": [4, 0.5]},
								"east": {"uv": [23, 13], "uv_size": [0.5, 0.5]},
								"south": {"uv": [15, 12], "uv_size": [4, 0.5]},
								"west": {"uv": [14, 23], "uv_size": [0.5, 0.5]},
								"up": {"uv": [15, 13], "uv_size": [4, 0.5]},
								"down": {"uv": [15, 14.5], "uv_size": [4, -0.5]}
							}
						},
						{
							"origin": [6.07194, 1.96599, -0.58195],
							"size": [2.4, 0.175, 0.2],
							"pivot": [6.37194, -0.04651, -0.53195],
							"rotation": [-0.6221, -0.94077, 44.6625],
							"uv": {
								"north": {"uv": [12, 15], "uv_size": [4, 0.5]},
								"east": {"uv": [23, 13], "uv_size": [0.5, 0.5]},
								"south": {"uv": [15, 12], "uv_size": [4, 0.5]},
								"west": {"uv": [14, 23], "uv_size": [0.5, 0.5]},
								"up": {"uv": [15, 13], "uv_size": [4, 0.5]},
								"down": {"uv": [15, 14.5], "uv_size": [4, -0.5]}
							}
						},
						{
							"origin": [2.02734, 1.50025, -1.82757],
							"size": [5.4, 0.375, 0.3],
							"pivot": [1.67734, -0.29975, -1.77757],
							"rotation": [6.67454, -11.56367, -32.12856],
							"uv": {
								"north": {"uv": [0, 17], "uv_size": [3, 0.5]},
								"east": {"uv": [23, 14], "uv_size": [0.5, 0.5]},
								"south": {"uv": [17, 2], "uv_size": [3, 0.5]},
								"west": {"uv": [15, 23], "uv_size": [0.5, 0.5]},
								"up": {"uv": [3, 17], "uv_size": [3, 0.5]},
								"down": {"uv": [17, 3.5], "uv_size": [3, -0.5]}
							}
						}
					]
				},
				{
					"name": "L10",
					"parent": "legs",
					"pivot": [1.1, 2.9, -0.7],
					"rotation": [0, 9, 0],
					"cubes": [
						{
							"origin": [4.22266, 4.49809, -0.17841],
							"size": [3.5, 0.275, 0.3],
							"pivot": [4.57266, 3.08559, 0.07159],
							"rotation": [-9.49791, -4.13581, 49.51131],
							"uv": {
								"north": {"uv": [12, 15], "uv_size": [4, 0.5]},
								"east": {"uv": [23, 13], "uv_size": [0.5, 0.5]},
								"south": {"uv": [15, 12], "uv_size": [4, 0.5]},
								"west": {"uv": [14, 23], "uv_size": [0.5, 0.5]},
								"up": {"uv": [15, 13], "uv_size": [4, 0.5]},
								"down": {"uv": [15, 14.5], "uv_size": [4, -0.5]}
							}
						},
						{
							"origin": [6.07194, 2.16599, 0.31805],
							"size": [2.4, 0.175, 0.2],
							"pivot": [6.37194, 0.15349, 0.36805],
							"rotation": [-0.6221, -0.94077, 44.6625],
							"uv": {
								"north": {"uv": [12, 15], "uv_size": [4, 0.5]},
								"east": {"uv": [23, 13], "uv_size": [0.5, 0.5]},
								"south": {"uv": [15, 12], "uv_size": [4, 0.5]},
								"west": {"uv": [14, 23], "uv_size": [0.5, 0.5]},
								"up": {"uv": [15, 13], "uv_size": [4, 0.5]},
								"down": {"uv": [15, 14.5], "uv_size": [4, -0.5]}
							}
						},
						{
							"origin": [1.82734, 1.70025, -0.92757],
							"size": [5.5, 0.375, 0.3],
							"pivot": [1.67734, -0.09975, -0.87757],
							"rotation": [6.05533, -11.89634, -29.08345],
							"uv": {
								"north": {"uv": [0, 17], "uv_size": [3, 0.5]},
								"east": {"uv": [23, 14], "uv_size": [0.5, 0.5]},
								"south": {"uv": [17, 2], "uv_size": [3, 0.5]},
								"west": {"uv": [15, 23], "uv_size": [0.5, 0.5]},
								"up": {"uv": [3, 17], "uv_size": [3, 0.5]},
								"down": {"uv": [17, 3.5], "uv_size": [3, -0.5]}
							}
						}
					]
				},
				{
					"name": "R3",
					"parent": "legs",
					"pivot": [-1.3, 2.7, -3],
					"rotation": [0, -16, 0],
					"cubes": [
						{
							"origin": [-7.59143, 1.81308, -2.9311],
							"size": [5.5, 0.275, 0.3],
							"pivot": [-1.84143, -0.28692, -3.0811],
							"rotation": [6.25964, 7.92908, 28.64905],
							"uv": {
								"north": {"uv": [6, 17], "uv_size": [2.5, 0.5]},
								"east": {"uv": [23, 15], "uv_size": [0.5, 0.5]},
								"south": {"uv": [17, 7], "uv_size": [2.5, 0.5]},
								"west": {"uv": [16, 23], "uv_size": [0.5, 0.5]},
								"up": {"uv": [17, 8], "uv_size": [2.5, 0.5]},
								"down": {"uv": [9, 17.5], "uv_size": [2.5, -0.5]}
							}
						},
						{
							"origin": [-3.29143, 5.51308, -3.5311],
							"size": [3, 0.275, 0.3],
							"pivot": [-1.84143, -0.28692, -3.0811],
							"rotation": [-10.87791, 0.38377, -53.8649],
							"uv": {
								"north": {"uv": [12, 3], "uv_size": [4.5, 0.5]},
								"east": {"uv": [23, 16], "uv_size": [0.5, 0.5]},
								"south": {"uv": [12, 4], "uv_size": [4.5, 0.5]},
								"west": {"uv": [17, 23], "uv_size": [0.5, 0.5]},
								"up": {"uv": [5, 12], "uv_size": [4.5, 0.5]},
								"down": {"uv": [12, 5.5], "uv_size": [4.5, -0.5]}
							}
						},
						{
							"origin": [-8.62741, 1.90217, -2.78617],
							"size": [2.8, 0.175, 0.2],
							"pivot": [-6.52741, 0.28967, -1.78617],
							"rotation": [-9.2959, -11.69225, -47.73829],
							"uv": {
								"north": {"uv": [12, 3], "uv_size": [4.5, 0.5]},
								"east": {"uv": [23, 16], "uv_size": [0.5, 0.5]},
								"south": {"uv": [12, 4], "uv_size": [4.5, 0.5]},
								"west": {"uv": [17, 23], "uv_size": [0.5, 0.5]},
								"up": {"uv": [5, 12], "uv_size": [4.5, 0.5]},
								"down": {"uv": [12, 5.5], "uv_size": [4.5, -0.5]}
							}
						}
					]
				},
				{
					"name": "R7",
					"parent": "legs",
					"pivot": [-1.3, 2.7, -1.9],
					"rotation": [0, -11, 0],
					"cubes": [
						{
							"origin": [-7.59143, 1.81308, -1.8311],
							"size": [5.5, 0.275, 0.3],
							"pivot": [-1.84143, -0.28692, -1.9811],
							"rotation": [6.12021, 8.03691, 27.64515],
							"uv": {
								"north": {"uv": [6, 17], "uv_size": [2.5, 0.5]},
								"east": {"uv": [23, 15], "uv_size": [0.5, 0.5]},
								"south": {"uv": [17, 7], "uv_size": [2.5, 0.5]},
								"west": {"uv": [16, 23], "uv_size": [0.5, 0.5]},
								"up": {"uv": [17, 8], "uv_size": [2.5, 0.5]},
								"down": {"uv": [9, 17.5], "uv_size": [2.5, -0.5]}
							}
						},
						{
							"origin": [-3.29143, 5.51308, -2.3311],
							"size": [2.9, 0.275, 0.3],
							"pivot": [-1.84143, -0.28692, -1.9811],
							"rotation": [-10.88079, 1.3658, -54.05366],
							"uv": {
								"north": {"uv": [12, 3], "uv_size": [4.5, 0.5]},
								"east": {"uv": [23, 16], "uv_size": [0.5, 0.5]},
								"south": {"uv": [12, 4], "uv_size": [4.5, 0.5]},
								"west": {"uv": [17, 23], "uv_size": [0.5, 0.5]},
								"up": {"uv": [5, 12], "uv_size": [4.5, 0.5]},
								"down": {"uv": [12, 5.5], "uv_size": [4.5, -0.5]}
							}
						},
						{
							"origin": [-8.72741, 1.90217, -1.58617],
							"size": [2.9, 0.175, 0.2],
							"pivot": [-6.52741, 0.28967, -0.68617],
							"rotation": [-9.2959, -11.69225, -47.73829],
							"uv": {
								"north": {"uv": [12, 3], "uv_size": [4.5, 0.5]},
								"east": {"uv": [23, 16], "uv_size": [0.5, 0.5]},
								"south": {"uv": [12, 4], "uv_size": [4.5, 0.5]},
								"west": {"uv": [17, 23], "uv_size": [0.5, 0.5]},
								"up": {"uv": [5, 12], "uv_size": [4.5, 0.5]},
								"down": {"uv": [12, 5.5], "uv_size": [4.5, -0.5]}
							}
						}
					]
				},
				{
					"name": "R9",
					"parent": "legs",
					"pivot": [-1.3, 2.7, -1],
					"rotation": [0, -5, 0],
					"cubes": [
						{
							"origin": [-7.69143, 1.81308, -0.9311],
							"size": [5.6, 0.275, 0.3],
							"pivot": [-1.84143, -0.28692, -1.0811],
							"rotation": [6.25964, 7.92908, 28.64905],
							"uv": {
								"north": {"uv": [6, 17], "uv_size": [2.5, 0.5]},
								"east": {"uv": [23, 15], "uv_size": [0.5, 0.5]},
								"south": {"uv": [17, 7], "uv_size": [2.5, 0.5]},
								"west": {"uv": [16, 23], "uv_size": [0.5, 0.5]},
								"up": {"uv": [17, 8], "uv_size": [2.5, 0.5]},
								"down": {"uv": [9, 17.5], "uv_size": [2.5, -0.5]}
							}
						},
						{
							"origin": [-3.29143, 5.51308, -1.4311],
							"size": [2.9, 0.275, 0.3],
							"pivot": [-1.84143, -0.28692, -1.0811],
							"rotation": [-10.88079, 1.3658, -54.05366],
							"uv": {
								"north": {"uv": [12, 3], "uv_size": [4.5, 0.5]},
								"east": {"uv": [23, 16], "uv_size": [0.5, 0.5]},
								"south": {"uv": [12, 4], "uv_size": [4.5, 0.5]},
								"west": {"uv": [17, 23], "uv_size": [0.5, 0.5]},
								"up": {"uv": [5, 12], "uv_size": [4.5, 0.5]},
								"down": {"uv": [12, 5.5], "uv_size": [4.5, -0.5]}
							}
						},
						{
							"origin": [-8.92741, 1.90217, -0.68617],
							"size": [3.1, 0.175, 0.2],
							"pivot": [-6.52741, 0.28967, 0.21383],
							"rotation": [-9.2959, -11.69225, -47.73829],
							"uv": {
								"north": {"uv": [12, 3], "uv_size": [4.5, 0.5]},
								"east": {"uv": [23, 16], "uv_size": [0.5, 0.5]},
								"south": {"uv": [12, 4], "uv_size": [4.5, 0.5]},
								"west": {"uv": [17, 23], "uv_size": [0.5, 0.5]},
								"up": {"uv": [5, 12], "uv_size": [4.5, 0.5]},
								"down": {"uv": [12, 5.5], "uv_size": [4.5, -0.5]}
							}
						}
					]
				},
				{
					"name": "R14",
					"parent": "legs",
					"pivot": [-1.3, 2.7, 0.4],
					"rotation": [0, -6, 0],
					"cubes": [
						{
							"origin": [-7.59143, 1.81308, 0.4689],
							"size": [5.5, 0.275, 0.3],
							"pivot": [-1.84143, -0.28692, 0.3189],
							"rotation": [5.83564, 8.24522, 25.63577],
							"uv": {
								"north": {"uv": [6, 17], "uv_size": [2.5, 0.5]},
								"east": {"uv": [23, 15], "uv_size": [0.5, 0.5]},
								"south": {"uv": [17, 7], "uv_size": [2.5, 0.5]},
								"west": {"uv": [16, 23], "uv_size": [0.5, 0.5]},
								"up": {"uv": [17, 8], "uv_size": [2.5, 0.5]},
								"down": {"uv": [9, 17.5], "uv_size": [2.5, -0.5]}
							}
						},
						{
							"origin": [-3.29143, 5.51308, -0.0311],
							"size": [2.6, 0.275, 0.3],
							"pivot": [-1.84143, -0.28692, 0.3189],
							"rotation": [-10.88079, 1.3658, -54.05366],
							"uv": {
								"north": {"uv": [12, 3], "uv_size": [4.5, 0.5]},
								"east": {"uv": [23, 16], "uv_size": [0.5, 0.5]},
								"south": {"uv": [12, 4], "uv_size": [4.5, 0.5]},
								"west": {"uv": [17, 23], "uv_size": [0.5, 0.5]},
								"up": {"uv": [5, 12], "uv_size": [4.5, 0.5]},
								"down": {"uv": [12, 5.5], "uv_size": [4.5, -0.5]}
							}
						},
						{
							"origin": [-8.92741, 1.90217, 0.71383],
							"size": [3.1, 0.175, 0.2],
							"pivot": [-6.52741, 0.28967, 1.61383],
							"rotation": [-9.2959, -11.69225, -47.73829],
							"uv": {
								"north": {"uv": [12, 3], "uv_size": [4.5, 0.5]},
								"east": {"uv": [23, 16], "uv_size": [0.5, 0.5]},
								"south": {"uv": [12, 4], "uv_size": [4.5, 0.5]},
								"west": {"uv": [17, 23], "uv_size": [0.5, 0.5]},
								"up": {"uv": [5, 12], "uv_size": [4.5, 0.5]},
								"down": {"uv": [12, 5.5], "uv_size": [4.5, -0.5]}
							}
						}
					]
				},
				{
					"name": "R2",
					"parent": "legs",
					"pivot": [-1, 2.7, -4.8],
					"rotation": [-3.52787, -31.95665, 1.65946],
					"cubes": [
						{
							"origin": [-7.55, 1.8, -4.95],
							"size": [5.9, 0.275, 0.3],
							"pivot": [-1.6, -0.3, -4.5],
							"rotation": [-5.84485, -12, 28.06681],
							"uv": {
								"north": {"uv": [18, 1], "uv_size": [2.5, 0.5]},
								"east": {"uv": [23, 19], "uv_size": [0.5, 0.5]},
								"south": {"uv": [3, 18], "uv_size": [2.5, 0.5]},
								"west": {"uv": [20, 23], "uv_size": [0.5, 0.5]},
								"up": {"uv": [6, 18], "uv_size": [2.5, 0.5]},
								"down": {"uv": [9, 18.5], "uv_size": [2.5, -0.5]}
							}
						},
						{
							"origin": [-3.65, 5.6, -5.05],
							"size": [3.6, 0.275, 0.3],
							"pivot": [-1.6, -0.3, -4.5],
							"rotation": [10.35398, -7.04176, -56.1388],
							"uv": {
								"north": {"uv": [13, 0], "uv_size": [4.5, 0.5]},
								"east": {"uv": [23, 20], "uv_size": [0.5, 0.5]},
								"south": {"uv": [13, 1], "uv_size": [4.5, 0.5]},
								"west": {"uv": [21, 23], "uv_size": [0.5, 0.5]},
								"up": {"uv": [5, 13], "uv_size": [4.5, 0.5]},
								"down": {"uv": [10, 13.5], "uv_size": [4.5, -0.5]}
							}
						},
						{
							"origin": [-9.87459, 2.17513, -6.03941],
							"size": [4, 0.175, 0.2],
							"pivot": [-6.02459, 0.56263, -5.83941],
							"rotation": [6.58508, -11.91418, -43.66224],
							"uv": {
								"north": {"uv": [13, 0], "uv_size": [4.5, 0.5]},
								"east": {"uv": [23, 20], "uv_size": [0.5, 0.5]},
								"south": {"uv": [13, 1], "uv_size": [4.5, 0.5]},
								"west": {"uv": [21, 23], "uv_size": [0.5, 0.5]},
								"up": {"uv": [5, 13], "uv_size": [4.5, 0.5]},
								"down": {"uv": [10, 13.5], "uv_size": [4.5, -0.5]}
							}
						}
					]
				},
				{
					"name": "L1",
					"parent": "legs",
					"pivot": [0.8, 2.7, -5.7],
					"rotation": [0, 27, -8],
					"cubes": [
						{
							"origin": [1.15, 1.775, -6.05],
							"size": [6.9, 0.275, 0.3],
							"pivot": [1.4, -0.3, -5.4],
							"rotation": [-22.82343, 41.60526, -39.4336],
							"uv": {
								"north": {"uv": [12, 18], "uv_size": [2.5, 0.5]},
								"east": {"uv": [23, 21], "uv_size": [0.5, 0.5]},
								"south": {"uv": [15, 18], "uv_size": [2.5, 0.5]},
								"west": {"uv": [22, 23], "uv_size": [0.5, 0.5]},
								"up": {"uv": [18, 17], "uv_size": [2.5, 0.5]},
								"down": {"uv": [18, 18.5], "uv_size": [2.5, -0.5]}
							}
						},
						{
							"origin": [1.70239, 4.81707, -8.42658],
							"size": [4.3, 0.275, 0.3],
							"pivot": [2.70239, 2.25457, -8.62658],
							"rotation": [46.0132, 36.78845, 66.70296],
							"uv": {
								"north": {"uv": [0, 16], "uv_size": [4, 0.5]},
								"east": {"uv": [23, 22], "uv_size": [0.5, 0.5]},
								"south": {"uv": [4, 16], "uv_size": [4, 0.5]},
								"west": {"uv": [23, 23], "uv_size": [0.5, 0.5]},
								"up": {"uv": [8, 16], "uv_size": [4, 0.5]},
								"down": {"uv": [16, 9.5], "uv_size": [4, -0.5]}
							}
						},
						{
							"origin": [4.63659, 2.37451, -10.60058],
							"size": [3.6, 0.175, 0.2],
							"pivot": [4.38659, 0.16201, -10.35058],
							"rotation": [44.79145, 45.81736, 62.10459],
							"uv": {
								"north": {"uv": [0, 16], "uv_size": [4, 0.5]},
								"east": {"uv": [23, 22], "uv_size": [0.5, 0.5]},
								"south": {"uv": [4, 16], "uv_size": [4, 0.5]},
								"west": {"uv": [23, 23], "uv_size": [0.5, 0.5]},
								"up": {"uv": [8, 16], "uv_size": [4, 0.5]},
								"down": {"uv": [16, 9.5], "uv_size": [4, -0.5]}
							}
						}
					]
				},
				{
					"name": "R1",
					"parent": "legs",
					"pivot": [-0.8, 2.7, -5.8],
					"rotation": [0, -24, -3],
					"cubes": [
						{
							"origin": [-8.25, 1.575, -5.85],
							"size": [6.7, 0.275, 0.3],
							"pivot": [-1.4, -0.3, -5.5],
							"rotation": [-28.79818, -44.05832, 48.51352],
							"uv": {
								"north": {"uv": [0, 19], "uv_size": [2.5, 0.5]},
								"east": {"uv": [0, 24], "uv_size": [0.5, 0.5]},
								"south": {"uv": [3, 19], "uv_size": [2.5, 0.5]},
								"west": {"uv": [24, 0], "uv_size": [0.5, 0.5]},
								"up": {"uv": [19, 4], "uv_size": [2.5, 0.5]},
								"down": {"uv": [13.5, 9.5], "uv_size": [2.5, -0.5]}
							}
						},
						{
							"origin": [-5.75077, 4.67062, -8.88233],
							"size": [4.4, 0.275, 0.3],
							"pivot": [-2.80077, 2.00812, -8.93233],
							"rotation": [41.1284, -33.43321, -58.59478],
							"uv": {
								"north": {"uv": [0, 14], "uv_size": [4.5, 0.5]},
								"east": {"uv": [1, 24], "uv_size": [0.5, 0.5]},
								"south": {"uv": [5, 15], "uv_size": [4.5, 0.5]},
								"west": {"uv": [24, 1], "uv_size": [0.5, 0.5]},
								"up": {"uv": [10, 13.5], "uv_size": [4.5, -3.5]},
								"down": {"uv": [10, 14.5], "uv_size": [4.5, -0.5]}
							}
						},
						{
							"origin": [-8.32959, 2.84905, -10.3136],
							"size": [4, 0.175, 0.2],
							"pivot": [-4.17959, 0.23655, -10.1136],
							"rotation": [36.94798, -40.66262, -51.41513],
							"uv": {
								"north": {"uv": [0, 14], "uv_size": [4.5, 0.5]},
								"east": {"uv": [1, 24], "uv_size": [0.5, 0.5]},
								"south": {"uv": [5, 15], "uv_size": [4.5, 0.5]},
								"west": {"uv": [24, 1], "uv_size": [0.5, 0.5]},
								"up": {"uv": [12, 5], "uv_size": [4.5, 0.5]},
								"down": {"uv": [10, 14.5], "uv_size": [4.5, -0.5]}
							}
						}
					]
				},
				{
					"name": "R4",
					"parent": "legs",
					"pivot": [-1.2, 2.4, 5.5],
					"rotation": [-2.79447, -35.53853, 3.63449],
					"cubes": [
						{
							"origin": [-5.51899, 4.15522, 8.13833],
							"size": [6.1, 0.375, 0.3],
							"pivot": [-2.01899, 3.94272, 6.98833],
							"rotation": [-64.58154, 51.19808, 35.19388],
							"uv": {
								"north": {"uv": [16, 10], "uv_size": [4, 0.5]},
								"east": {"uv": [2, 24], "uv_size": [0.5, 0.5]},
								"south": {"uv": [12, 16], "uv_size": [4, 0.5]},
								"west": {"uv": [24, 2], "uv_size": [0.5, 0.5]},
								"up": {"uv": [16, 15], "uv_size": [4, 0.5]},
								"down": {"uv": [16, 16.5], "uv_size": [4, -0.5]}
							}
						},
						{
							"origin": [-5.90805, 3.01955, 10.60523],
							"size": [3, 0.275, 0.3],
							"pivot": [-4.55805, 2.05705, 9.75523],
							"rotation": [-52.3729, 30.69503, -70.44523],
							"uv": {
								"north": {"uv": [6, 10], "uv_size": [5, 0.5]},
								"east": {"uv": [3, 24], "uv_size": [0.5, 0.5]},
								"south": {"uv": [0, 11], "uv_size": [5, 0.5]},
								"west": {"uv": [24, 3], "uv_size": [0.5, 0.5]},
								"up": {"uv": [5, 11], "uv_size": [5, 0.5]},
								"down": {"uv": [11, 9.5], "uv_size": [5, -0.5]}
							}
						},
						{
							"origin": [-5.31047, 1.85025, 10.36885],
							"size": [2.3, 0.175, 0.2],
							"pivot": [-3.76047, -0.06225, 10.76885],
							"rotation": [-44.51424, 15.6801, -55.15079],
							"uv": {
								"north": {"uv": [6, 10], "uv_size": [5, 0.5]},
								"east": {"uv": [3, 24], "uv_size": [0.5, 0.5]},
								"south": {"uv": [0, 11], "uv_size": [5, 0.5]},
								"west": {"uv": [24, 3], "uv_size": [0.5, 0.5]},
								"up": {"uv": [5, 11], "uv_size": [5, 0.5]},
								"down": {"uv": [11, 9.5], "uv_size": [5, -0.5]}
							}
						}
					]
				},
				{
					"name": "R10",
					"parent": "legs",
					"pivot": [-1.2, 2.4, 6.3],
					"rotation": [-2.49973, -24.55016, 3.04851],
					"cubes": [
						{
							"origin": [-5.51899, 4.15522, 8.93833],
							"size": [6.3, 0.375, 0.3],
							"pivot": [-2.01899, 3.94272, 7.78833],
							"rotation": [-64.58154, 51.19808, 35.19388],
							"uv": {
								"north": {"uv": [16, 10], "uv_size": [4, 0.5]},
								"east": {"uv": [2, 24], "uv_size": [0.5, 0.5]},
								"south": {"uv": [12, 16], "uv_size": [4, 0.5]},
								"west": {"uv": [24, 2], "uv_size": [0.5, 0.5]},
								"up": {"uv": [16, 15], "uv_size": [4, 0.5]},
								"down": {"uv": [16, 16.5], "uv_size": [4, -0.5]}
							}
						},
						{
							"origin": [-5.90805, 3.01955, 11.40523],
							"size": [3, 0.275, 0.3],
							"pivot": [-4.55805, 2.05705, 10.55523],
							"rotation": [-52.3729, 30.69503, -70.44523],
							"uv": {
								"north": {"uv": [6, 10], "uv_size": [5, 0.5]},
								"east": {"uv": [3, 24], "uv_size": [0.5, 0.5]},
								"south": {"uv": [0, 11], "uv_size": [5, 0.5]},
								"west": {"uv": [24, 3], "uv_size": [0.5, 0.5]},
								"up": {"uv": [5, 11], "uv_size": [5, 0.5]},
								"down": {"uv": [11, 9.5], "uv_size": [5, -0.5]}
							}
						},
						{
							"origin": [-5.31047, 1.85025, 11.16885],
							"size": [2.3, 0.175, 0.2],
							"pivot": [-3.76047, -0.06225, 11.56885],
							"rotation": [-44.51424, 15.6801, -55.15079],
							"uv": {
								"north": {"uv": [6, 10], "uv_size": [5, 0.5]},
								"east": {"uv": [3, 24], "uv_size": [0.5, 0.5]},
								"south": {"uv": [0, 11], "uv_size": [5, 0.5]},
								"west": {"uv": [24, 3], "uv_size": [0.5, 0.5]},
								"up": {"uv": [5, 11], "uv_size": [5, 0.5]},
								"down": {"uv": [11, 9.5], "uv_size": [5, -0.5]}
							}
						}
					]
				},
				{
					"name": "legs2",
					"parent": "horrorcentipede",
					"pivot": [1.77734, -0.29975, -4.27757]
				},
				{
					"name": "L5",
					"parent": "legs2",
					"pivot": [1.3, 2.7, 3.7],
					"rotation": [-6.40078, 41.4667, 2.61196],
					"cubes": [
						{
							"origin": [-0.42989, 3.04986, 5.26151],
							"size": [5.9, 0.275, 0.275],
							"pivot": [2.42011, 3.83736, 5.01151],
							"rotation": [25.22415, -43.4536, -44.79047],
							"uv": {
								"north": {"uv": [0, 15], "uv_size": [4, 0.5]},
								"east": {"uv": [23, 11], "uv_size": [0.5, 0.5]},
								"south": {"uv": [4, 15], "uv_size": [4, 0.5]},
								"west": {"uv": [12, 23], "uv_size": [0.5, 0.5]},
								"up": {"uv": [8, 15], "uv_size": [4, 0.5]},
								"down": {"uv": [15, 11.5], "uv_size": [4, -0.5]}
							}
						},
						{
							"origin": [3.43057, 4.00715, 7.76634],
							"size": [2.6, 0.275, 0.3],
							"pivot": [4.43057, 3.79465, 7.61634],
							"rotation": [-37.46489, -31.66045, 58.22801],
							"uv": {
								"north": {"uv": [10, 11], "uv_size": [4.5, 0.5]},
								"east": {"uv": [23, 12], "uv_size": [0.5, 0.5]},
								"south": {"uv": [11, 10], "uv_size": [4.5, 0.5]},
								"west": {"uv": [13, 23], "uv_size": [0.5, 0.5]},
								"up": {"uv": [0, 12], "uv_size": [4.5, 0.5]},
								"down": {"uv": [12, 2.5], "uv_size": [4.5, -0.5]}
							}
						},
						{
							"origin": [3.54093, 2.15427, 8.67181],
							"size": [3, 0.175, 0.2],
							"pivot": [5.09093, 1.04177, 9.27181],
							"rotation": [-31.1978, -24.78773, 46.46575],
							"uv": {
								"north": {"uv": [10, 11], "uv_size": [4.5, 0.5]},
								"east": {"uv": [23, 12], "uv_size": [0.5, 0.5]},
								"south": {"uv": [11, 10], "uv_size": [4.5, 0.5]},
								"west": {"uv": [13, 23], "uv_size": [0.5, 0.5]},
								"up": {"uv": [0, 12], "uv_size": [4.5, 0.5]},
								"down": {"uv": [12, 2.5], "uv_size": [4.5, -0.5]}
							}
						}
					]
				},
				{
					"name": "L12",
					"parent": "legs2",
					"pivot": [1.7, 2.7, 1.8],
					"rotation": [-6.56979, 50.42313, 1.80556],
					"cubes": [
						{
							"origin": [-0.52989, 3.04986, 3.36151],
							"size": [6.4, 0.275, 0.275],
							"pivot": [2.82011, 3.83736, 3.11151],
							"rotation": [25.22415, -43.4536, -44.79047],
							"uv": {
								"north": {"uv": [0, 15], "uv_size": [4, 0.5]},
								"east": {"uv": [23, 11], "uv_size": [0.5, 0.5]},
								"south": {"uv": [4, 15], "uv_size": [4, 0.5]},
								"west": {"uv": [12, 23], "uv_size": [0.5, 0.5]},
								"up": {"uv": [8, 15], "uv_size": [4, 0.5]},
								"down": {"uv": [15, 11.5], "uv_size": [4, -0.5]}
							}
						},
						{
							"origin": [3.83057, 4.00715, 5.96634],
							"size": [2.6, 0.275, 0.3],
							"pivot": [4.83057, 3.79465, 5.71634],
							"rotation": [-37.84748, -32.45216, 58.94883],
							"uv": {
								"north": {"uv": [10, 11], "uv_size": [4.5, 0.5]},
								"east": {"uv": [23, 12], "uv_size": [0.5, 0.5]},
								"south": {"uv": [11, 10], "uv_size": [4.5, 0.5]},
								"west": {"uv": [13, 23], "uv_size": [0.5, 0.5]},
								"up": {"uv": [0, 12], "uv_size": [4.5, 0.5]},
								"down": {"uv": [12, 2.5], "uv_size": [4.5, -0.5]}
							}
						},
						{
							"origin": [3.94093, 2.15427, 6.87181],
							"size": [3, 0.175, 0.2],
							"pivot": [5.49093, 1.04177, 7.37181],
							"rotation": [-31.69871, -26.49402, 47.62315],
							"uv": {
								"north": {"uv": [10, 11], "uv_size": [4.5, 0.5]},
								"east": {"uv": [23, 12], "uv_size": [0.5, 0.5]},
								"south": {"uv": [11, 10], "uv_size": [4.5, 0.5]},
								"west": {"uv": [13, 23], "uv_size": [0.5, 0.5]},
								"up": {"uv": [0, 12], "uv_size": [4.5, 0.5]},
								"down": {"uv": [12, 2.5], "uv_size": [4.5, -0.5]}
							}
						}
					]
				},
				{
					"name": "L14",
					"parent": "legs2",
					"pivot": [1.3, 2.7, 2.9],
					"rotation": [-6.07291, 46.44739, 2.46925],
					"cubes": [
						{
							"origin": [-0.42989, 3.04986, 4.46151],
							"size": [5.9, 0.275, 0.275],
							"pivot": [2.42011, 3.83736, 4.21151],
							"rotation": [25.63748, -44.35672, -45.38647],
							"uv": {
								"north": {"uv": [0, 15], "uv_size": [4, 0.5]},
								"east": {"uv": [23, 11], "uv_size": [0.5, 0.5]},
								"south": {"uv": [4, 15], "uv_size": [4, 0.5]},
								"west": {"uv": [12, 23], "uv_size": [0.5, 0.5]},
								"up": {"uv": [8, 15], "uv_size": [4, 0.5]},
								"down": {"uv": [15, 11.5], "uv_size": [4, -0.5]}
							}
						},
						{
							"origin": [3.43057, 4.00715, 7.06634],
							"size": [2.6, 0.275, 0.3],
							"pivot": [4.43057, 3.79465, 6.81634],
							"rotation": [-37.46489, -31.66045, 58.22801],
							"uv": {
								"north": {"uv": [10, 11], "uv_size": [4.5, 0.5]},
								"east": {"uv": [23, 12], "uv_size": [0.5, 0.5]},
								"south": {"uv": [11, 10], "uv_size": [4.5, 0.5]},
								"west": {"uv": [13, 23], "uv_size": [0.5, 0.5]},
								"up": {"uv": [0, 12], "uv_size": [4.5, 0.5]},
								"down": {"uv": [12, 2.5], "uv_size": [4.5, -0.5]}
							}
						},
						{
							"origin": [3.54093, 2.15427, 7.97181],
							"size": [3, 0.175, 0.2],
							"pivot": [5.09093, 1.04177, 8.47181],
							"rotation": [-31.1978, -24.78773, 46.46575],
							"uv": {
								"north": {"uv": [10, 11], "uv_size": [4.5, 0.5]},
								"east": {"uv": [23, 12], "uv_size": [0.5, 0.5]},
								"south": {"uv": [11, 10], "uv_size": [4.5, 0.5]},
								"west": {"uv": [13, 23], "uv_size": [0.5, 0.5]},
								"up": {"uv": [0, 12], "uv_size": [4.5, 0.5]},
								"down": {"uv": [12, 2.5], "uv_size": [4.5, -0.5]}
							}
						}
					]
				},
				{
					"name": "L13",
					"parent": "legs2",
					"pivot": [1.3, 2.7, 0.4],
					"rotation": [-6.43517, 49.42956, 1.98147],
					"cubes": [
						{
							"origin": [-1.02989, 2.94986, 1.96151],
							"size": [6.6, 0.275, 0.275],
							"pivot": [2.42011, 3.83736, 1.71151],
							"rotation": [23.47253, -44.27833, -42.26306],
							"uv": {
								"north": {"uv": [0, 15], "uv_size": [4, 0.5]},
								"east": {"uv": [23, 11], "uv_size": [0.5, 0.5]},
								"south": {"uv": [4, 15], "uv_size": [4, 0.5]},
								"west": {"uv": [12, 23], "uv_size": [0.5, 0.5]},
								"up": {"uv": [8, 15], "uv_size": [4, 0.5]},
								"down": {"uv": [15, 11.5], "uv_size": [4, -0.5]}
							}
						},
						{
							"origin": [3.63057, 4.00715, 4.46634],
							"size": [2.4, 0.275, 0.3],
							"pivot": [4.43057, 3.79465, 4.31634],
							"rotation": [-36.74377, -30.06529, 56.82248],
							"uv": {
								"north": {"uv": [10, 11], "uv_size": [4.5, 0.5]},
								"east": {"uv": [23, 12], "uv_size": [0.5, 0.5]},
								"south": {"uv": [11, 10], "uv_size": [4.5, 0.5]},
								"west": {"uv": [13, 23], "uv_size": [0.5, 0.5]},
								"up": {"uv": [0, 12], "uv_size": [4.5, 0.5]},
								"down": {"uv": [12, 2.5], "uv_size": [4.5, -0.5]}
							}
						},
						{
							"origin": [3.54093, 2.15427, 5.37181],
							"size": [3.2, 0.175, 0.2],
							"pivot": [5.09093, 1.04177, 5.97181],
							"rotation": [-31.1978, -24.78773, 46.46575],
							"uv": {
								"north": {"uv": [10, 11], "uv_size": [4.5, 0.5]},
								"east": {"uv": [23, 12], "uv_size": [0.5, 0.5]},
								"south": {"uv": [11, 10], "uv_size": [4.5, 0.5]},
								"west": {"uv": [13, 23], "uv_size": [0.5, 0.5]},
								"up": {"uv": [0, 12], "uv_size": [4.5, 0.5]},
								"down": {"uv": [12, 2.5], "uv_size": [4.5, -0.5]}
							}
						}
					]
				},
				{
					"name": "L6",
					"parent": "legs2",
					"pivot": [1.1, 2.7, 5.1],
					"rotation": [0, -1, 0],
					"cubes": [
						{
							"origin": [4.42266, 4.29809, 5.62159],
							"size": [3.3, 0.275, 0.3],
							"pivot": [4.57266, 2.88559, 5.87159],
							"rotation": [-9.48741, -3.1495, 49.34606],
							"uv": {
								"north": {"uv": [12, 15], "uv_size": [4, 0.5]},
								"east": {"uv": [23, 13], "uv_size": [0.5, 0.5]},
								"south": {"uv": [15, 12], "uv_size": [4, 0.5]},
								"west": {"uv": [14, 23], "uv_size": [0.5, 0.5]},
								"up": {"uv": [15, 13], "uv_size": [4, 0.5]},
								"down": {"uv": [15, 14.5], "uv_size": [4, -0.5]}
							}
						},
						{
							"origin": [6.07194, 1.96599, 6.11805],
							"size": [2.3, 0.175, 0.2],
							"pivot": [6.37194, -0.04651, 6.16805],
							"rotation": [-0.6221, -0.94077, 44.6625],
							"uv": {
								"north": {"uv": [12, 15], "uv_size": [4, 0.5]},
								"east": {"uv": [23, 13], "uv_size": [0.5, 0.5]},
								"south": {"uv": [15, 12], "uv_size": [4, 0.5]},
								"west": {"uv": [14, 23], "uv_size": [0.5, 0.5]},
								"up": {"uv": [15, 13], "uv_size": [4, 0.5]},
								"down": {"uv": [15, 14.5], "uv_size": [4, -0.5]}
							}
						},
						{
							"origin": [1.72734, 1.80025, 4.97243],
							"size": [5.5, 0.375, 0.3],
							"pivot": [1.67734, -0.29975, 4.92243],
							"rotation": [4.76489, -12.46259, -22.97253],
							"uv": {
								"north": {"uv": [0, 17], "uv_size": [3, 0.5]},
								"east": {"uv": [23, 14], "uv_size": [0.5, 0.5]},
								"south": {"uv": [17, 2], "uv_size": [3, 0.5]},
								"west": {"uv": [15, 23], "uv_size": [0.5, 0.5]},
								"up": {"uv": [3, 17], "uv_size": [3, 0.5]},
								"down": {"uv": [17, 3.5], "uv_size": [3, -0.5]}
							}
						}
					]
				},
				{
					"name": "R5",
					"parent": "legs2",
					"pivot": [-1.3, 2.7, 4.9],
					"rotation": [0, 3, 0],
					"cubes": [
						{
							"origin": [-7.49143, 1.81308, 4.9689],
							"size": [5.7, 0.275, 0.3],
							"pivot": [-1.84143, -0.28692, 4.8189],
							"rotation": [5.83564, 8.24522, 25.63577],
							"uv": {
								"north": {"uv": [6, 17], "uv_size": [2.5, 0.5]},
								"east": {"uv": [23, 15], "uv_size": [0.5, 0.5]},
								"south": {"uv": [17, 7], "uv_size": [2.5, 0.5]},
								"west": {"uv": [16, 23], "uv_size": [0.5, 0.5]},
								"up": {"uv": [17, 8], "uv_size": [2.5, 0.5]},
								"down": {"uv": [9, 17.5], "uv_size": [2.5, -0.5]}
							}
						},
						{
							"origin": [-3.29143, 5.51308, 4.4689],
							"size": [2.7, 0.275, 0.3],
							"pivot": [-1.84143, -0.28692, 4.8189],
							"rotation": [-10.88079, 1.3658, -54.05366],
							"uv": {
								"north": {"uv": [12, 3], "uv_size": [4.5, 0.5]},
								"east": {"uv": [23, 16], "uv_size": [0.5, 0.5]},
								"south": {"uv": [12, 4], "uv_size": [4.5, 0.5]},
								"west": {"uv": [17, 23], "uv_size": [0.5, 0.5]},
								"up": {"uv": [5, 12], "uv_size": [4.5, 0.5]},
								"down": {"uv": [12, 5.5], "uv_size": [4.5, -0.5]}
							}
						},
						{
							"origin": [-8.62741, 1.90217, 5.31383],
							"size": [2.8, 0.175, 0.2],
							"pivot": [-6.52741, 0.28967, 6.11383],
							"rotation": [-9.26397, -10.70533, -47.90268],
							"uv": {
								"north": {"uv": [12, 3], "uv_size": [4.5, 0.5]},
								"east": {"uv": [23, 16], "uv_size": [0.5, 0.5]},
								"south": {"uv": [12, 4], "uv_size": [4.5, 0.5]},
								"west": {"uv": [17, 23], "uv_size": [0.5, 0.5]},
								"up": {"uv": [5, 12], "uv_size": [4.5, 0.5]},
								"down": {"uv": [12, 5.5], "uv_size": [4.5, -0.5]}
							}
						}
					]
				},
				{
					"name": "R11",
					"parent": "legs2",
					"pivot": [-1.3, 2.7, 3.8],
					"cubes": [
						{
							"origin": [-7.49143, 1.81308, 3.8689],
							"size": [5.6, 0.275, 0.3],
							"pivot": [-1.84143, -0.28692, 3.7189],
							"rotation": [5.97887, 8.1423, 26.64072],
							"uv": {
								"north": {"uv": [6, 17], "uv_size": [2.5, 0.5]},
								"east": {"uv": [23, 15], "uv_size": [0.5, 0.5]},
								"south": {"uv": [17, 7], "uv_size": [2.5, 0.5]},
								"west": {"uv": [16, 23], "uv_size": [0.5, 0.5]},
								"up": {"uv": [17, 8], "uv_size": [2.5, 0.5]},
								"down": {"uv": [9, 17.5], "uv_size": [2.5, -0.5]}
							}
						},
						{
							"origin": [-3.29143, 5.51308, 3.3689],
							"size": [2.8, 0.275, 0.3],
							"pivot": [-1.84143, -0.28692, 3.7189],
							"rotation": [-10.88079, 1.3658, -54.05366],
							"uv": {
								"north": {"uv": [12, 3], "uv_size": [4.5, 0.5]},
								"east": {"uv": [23, 16], "uv_size": [0.5, 0.5]},
								"south": {"uv": [12, 4], "uv_size": [4.5, 0.5]},
								"west": {"uv": [17, 23], "uv_size": [0.5, 0.5]},
								"up": {"uv": [5, 12], "uv_size": [4.5, 0.5]},
								"down": {"uv": [12, 5.5], "uv_size": [4.5, -0.5]}
							}
						},
						{
							"origin": [-8.82741, 1.90217, 4.11383],
							"size": [3, 0.175, 0.2],
							"pivot": [-6.52741, 0.28967, 5.01383],
							"rotation": [-9.2959, -11.69225, -47.73829],
							"uv": {
								"north": {"uv": [12, 3], "uv_size": [4.5, 0.5]},
								"east": {"uv": [23, 16], "uv_size": [0.5, 0.5]},
								"south": {"uv": [12, 4], "uv_size": [4.5, 0.5]},
								"west": {"uv": [17, 23], "uv_size": [0.5, 0.5]},
								"up": {"uv": [5, 12], "uv_size": [4.5, 0.5]},
								"down": {"uv": [12, 5.5], "uv_size": [4.5, -0.5]}
							}
						}
					]
				},
				{
					"name": "R12",
					"parent": "legs2",
					"pivot": [-1.3, 2.7, 2.9],
					"rotation": [0, -6, 0],
					"cubes": [
						{
							"origin": [-7.59143, 1.81308, 2.9689],
							"size": [5.5, 0.275, 0.3],
							"pivot": [-1.84143, -0.28692, 2.8189],
							"rotation": [5.97887, 8.1423, 26.64072],
							"uv": {
								"north": {"uv": [6, 17], "uv_size": [2.5, 0.5]},
								"east": {"uv": [23, 15], "uv_size": [0.5, 0.5]},
								"south": {"uv": [17, 7], "uv_size": [2.5, 0.5]},
								"west": {"uv": [16, 23], "uv_size": [0.5, 0.5]},
								"up": {"uv": [17, 8], "uv_size": [2.5, 0.5]},
								"down": {"uv": [9, 17.5], "uv_size": [2.5, -0.5]}
							}
						},
						{
							"origin": [-3.29143, 5.51308, 2.4689],
							"size": [2.9, 0.275, 0.3],
							"pivot": [-1.84143, -0.28692, 2.8189],
							"rotation": [-10.88079, 1.3658, -54.05366],
							"uv": {
								"north": {"uv": [12, 3], "uv_size": [4.5, 0.5]},
								"east": {"uv": [23, 16], "uv_size": [0.5, 0.5]},
								"south": {"uv": [12, 4], "uv_size": [4.5, 0.5]},
								"west": {"uv": [17, 23], "uv_size": [0.5, 0.5]},
								"up": {"uv": [5, 12], "uv_size": [4.5, 0.5]},
								"down": {"uv": [12, 5.5], "uv_size": [4.5, -0.5]}
							}
						},
						{
							"origin": [-8.72741, 1.90217, 3.21383],
							"size": [2.9, 0.175, 0.2],
							"pivot": [-6.52741, 0.28967, 4.11383],
							"rotation": [-9.2959, -11.69225, -47.73829],
							"uv": {
								"north": {"uv": [12, 3], "uv_size": [4.5, 0.5]},
								"east": {"uv": [23, 16], "uv_size": [0.5, 0.5]},
								"south": {"uv": [12, 4], "uv_size": [4.5, 0.5]},
								"west": {"uv": [17, 23], "uv_size": [0.5, 0.5]},
								"up": {"uv": [5, 12], "uv_size": [4.5, 0.5]},
								"down": {"uv": [12, 5.5], "uv_size": [4.5, -0.5]}
							}
						}
					]
				},
				{
					"name": "R13",
					"parent": "legs2",
					"pivot": [-1.3, 2.7, 1.8],
					"rotation": [0, -8, 0],
					"cubes": [
						{
							"origin": [-7.59143, 1.81308, 1.8689],
							"size": [5.5, 0.275, 0.3],
							"pivot": [-1.84143, -0.28692, 1.7189],
							"rotation": [5.97887, 8.1423, 26.64072],
							"uv": {
								"north": {"uv": [6, 17], "uv_size": [2.5, 0.5]},
								"east": {"uv": [23, 15], "uv_size": [0.5, 0.5]},
								"south": {"uv": [17, 7], "uv_size": [2.5, 0.5]},
								"west": {"uv": [16, 23], "uv_size": [0.5, 0.5]},
								"up": {"uv": [17, 8], "uv_size": [2.5, 0.5]},
								"down": {"uv": [9, 17.5], "uv_size": [2.5, -0.5]}
							}
						},
						{
							"origin": [-3.29143, 5.51308, 1.3689],
							"size": [2.7, 0.275, 0.3],
							"pivot": [-1.84143, -0.28692, 1.7189],
							"rotation": [-10.88079, 1.3658, -54.05366],
							"uv": {
								"north": {"uv": [12, 3], "uv_size": [4.5, 0.5]},
								"east": {"uv": [23, 16], "uv_size": [0.5, 0.5]},
								"south": {"uv": [12, 4], "uv_size": [4.5, 0.5]},
								"west": {"uv": [17, 23], "uv_size": [0.5, 0.5]},
								"up": {"uv": [5, 12], "uv_size": [4.5, 0.5]},
								"down": {"uv": [12, 5.5], "uv_size": [4.5, -0.5]}
							}
						},
						{
							"origin": [-8.72741, 1.90217, 2.11383],
							"size": [2.9, 0.175, 0.2],
							"pivot": [-6.52741, 0.28967, 3.01383],
							"rotation": [-9.2959, -11.69225, -47.73829],
							"uv": {
								"north": {"uv": [12, 3], "uv_size": [4.5, 0.5]},
								"east": {"uv": [23, 16], "uv_size": [0.5, 0.5]},
								"south": {"uv": [12, 4], "uv_size": [4.5, 0.5]},
								"west": {"uv": [17, 23], "uv_size": [0.5, 0.5]},
								"up": {"uv": [5, 12], "uv_size": [4.5, 0.5]},
								"down": {"uv": [12, 5.5], "uv_size": [4.5, -0.5]}
							}
						}
					]
				},
				{
					"name": "L7",
					"parent": "legs2",
					"pivot": [1.2, 2.7, -3.9],
					"rotation": [-2.04567, 16.99689, -0.18224],
					"cubes": [
						{
							"origin": [2.05, 1.70393, -4.10162],
							"size": [5.3, 0.275, 0.3],
							"pivot": [1.8, -0.29607, -3.55162],
							"rotation": [-6.87666, 11.44569, -33.14194],
							"uv": {
								"north": {"uv": [12, 17], "uv_size": [2.5, 0.5]},
								"east": {"uv": [23, 17], "uv_size": [0.5, 0.5]},
								"south": {"uv": [15, 17], "uv_size": [2.5, 0.5]},
								"west": {"uv": [18, 23], "uv_size": [0.5, 0.5]},
								"up": {"uv": [0, 18], "uv_size": [2.5, 0.5]},
								"down": {"uv": [18, 0.5], "uv_size": [2.5, -0.5]}
							}
						},
						{
							"origin": [3.22891, 3.76618, -4.92474],
							"size": [4.3, 0.275, 0.3],
							"pivot": [5.02891, 2.10368, -4.57474],
							"rotation": [9.28293, 8.40819, 48.18385],
							"uv": {
								"north": {"uv": [12, 7], "uv_size": [4.5, 0.5]},
								"east": {"uv": [23, 18], "uv_size": [0.5, 0.5]},
								"south": {"uv": [12, 8], "uv_size": [4.5, 0.5]},
								"west": {"uv": [19, 23], "uv_size": [0.5, 0.5]},
								"up": {"uv": [10, 12], "uv_size": [4.5, 0.5]},
								"down": {"uv": [0, 13.5], "uv_size": [4.5, -0.5]}
							}
						},
						{
							"origin": [6.88454, 1.68383, -4.97544],
							"size": [2.9, 0.175, 0.2],
							"pivot": [7.03454, 0.17133, -5.27544],
							"rotation": [20.4021, 14.16011, 41.30302],
							"uv": {
								"north": {"uv": [12, 7], "uv_size": [4.5, 0.5]},
								"east": {"uv": [23, 18], "uv_size": [0.5, 0.5]},
								"south": {"uv": [12, 8], "uv_size": [4.5, 0.5]},
								"west": {"uv": [19, 23], "uv_size": [0.5, 0.5]},
								"up": {"uv": [10, 12], "uv_size": [4.5, 0.5]},
								"down": {"uv": [0, 13.5], "uv_size": [4.5, -0.5]}
							}
						}
					]
				},
				{
					"name": "R6",
					"parent": "legs2",
					"pivot": [-1.2, 2.7, -4],
					"rotation": [-3.05948, -11.98886, 0.42664],
					"cubes": [
						{
							"origin": [-7.75, 1.8, -4.15],
							"size": [5.9, 0.275, 0.3],
							"pivot": [-1.8, -0.3, -3.7],
							"rotation": [-5.84485, -12, 28.06681],
							"uv": {
								"north": {"uv": [18, 1], "uv_size": [2.5, 0.5]},
								"east": {"uv": [23, 19], "uv_size": [0.5, 0.5]},
								"south": {"uv": [3, 18], "uv_size": [2.5, 0.5]},
								"west": {"uv": [20, 23], "uv_size": [0.5, 0.5]},
								"up": {"uv": [6, 18], "uv_size": [2.5, 0.5]},
								"down": {"uv": [9, 18.5], "uv_size": [2.5, -0.5]}
							}
						},
						{
							"origin": [-3.25, 5.6, -4.25],
							"size": [3, 0.275, 0.3],
							"pivot": [-1.8, -0.3, -3.7],
							"rotation": [10.35398, -7.04176, -56.1388],
							"uv": {
								"north": {"uv": [13, 0], "uv_size": [4.5, 0.5]},
								"east": {"uv": [23, 20], "uv_size": [0.5, 0.5]},
								"south": {"uv": [13, 1], "uv_size": [4.5, 0.5]},
								"west": {"uv": [21, 23], "uv_size": [0.5, 0.5]},
								"up": {"uv": [5, 13], "uv_size": [4.5, 0.5]},
								"down": {"uv": [10, 13.5], "uv_size": [4.5, -0.5]}
							}
						},
						{
							"origin": [-9.17459, 2.27513, -5.23941],
							"size": [3.1, 0.175, 0.2],
							"pivot": [-6.22459, 0.56263, -5.03941],
							"rotation": [6.77082, -17.87355, -44.38391],
							"uv": {
								"north": {"uv": [13, 0], "uv_size": [4.5, 0.5]},
								"east": {"uv": [23, 20], "uv_size": [0.5, 0.5]},
								"south": {"uv": [13, 1], "uv_size": [4.5, 0.5]},
								"west": {"uv": [21, 23], "uv_size": [0.5, 0.5]},
								"up": {"uv": [5, 13], "uv_size": [4.5, 0.5]},
								"down": {"uv": [10, 13.5], "uv_size": [4.5, -0.5]}
							}
						}
					]
				},
				{
					"name": "L8",
					"parent": "legs2",
					"pivot": [1.1, 2.7, -4.8],
					"rotation": [0, -9, -8],
					"cubes": [
						{
							"origin": [1.85, 1.775, -5.15],
							"size": [6.5, 0.275, 0.3],
							"pivot": [1.7, -0.3, -4.5],
							"rotation": [-22.82343, 41.60526, -39.4336],
							"uv": {
								"north": {"uv": [12, 18], "uv_size": [2.5, 0.5]},
								"east": {"uv": [23, 21], "uv_size": [0.5, 0.5]},
								"south": {"uv": [15, 18], "uv_size": [2.5, 0.5]},
								"west": {"uv": [22, 23], "uv_size": [0.5, 0.5]},
								"up": {"uv": [18, 17], "uv_size": [2.5, 0.5]},
								"down": {"uv": [18, 18.5], "uv_size": [2.5, -0.5]}
							}
						},
						{
							"origin": [2.00239, 4.81707, -7.52658],
							"size": [4.3, 0.275, 0.3],
							"pivot": [3.00239, 2.25457, -7.72658],
							"rotation": [46.0132, 36.78845, 66.70296],
							"uv": {
								"north": {"uv": [0, 16], "uv_size": [4, 0.5]},
								"east": {"uv": [23, 22], "uv_size": [0.5, 0.5]},
								"south": {"uv": [4, 16], "uv_size": [4, 0.5]},
								"west": {"uv": [23, 23], "uv_size": [0.5, 0.5]},
								"up": {"uv": [8, 16], "uv_size": [4, 0.5]},
								"down": {"uv": [16, 9.5], "uv_size": [4, -0.5]}
							}
						},
						{
							"origin": [4.93659, 2.37451, -9.80058],
							"size": [4, 0.175, 0.2],
							"pivot": [4.68659, 0.16201, -9.45058],
							"rotation": [44.79145, 45.81736, 62.10459],
							"uv": {
								"north": {"uv": [0, 16], "uv_size": [4, 0.5]},
								"east": {"uv": [23, 22], "uv_size": [0.5, 0.5]},
								"south": {"uv": [4, 16], "uv_size": [4, 0.5]},
								"west": {"uv": [23, 23], "uv_size": [0.5, 0.5]},
								"up": {"uv": [8, 16], "uv_size": [4, 0.5]},
								"down": {"uv": [16, 9.5], "uv_size": [4, -0.5]}
							}
						}
					]
				},
				{
					"name": "R8",
					"parent": "legs2",
					"pivot": [-1, 2.4, 7.1],
					"rotation": [-2.28644, -6.06598, 2.25109],
					"cubes": [
						{
							"origin": [-5.31899, 4.15522, 9.73833],
							"size": [6.1, 0.375, 0.3],
							"pivot": [-1.81899, 3.94272, 8.58833],
							"rotation": [-64.58154, 51.19808, 35.19388],
							"uv": {
								"north": {"uv": [16, 10], "uv_size": [4, 0.5]},
								"east": {"uv": [2, 24], "uv_size": [0.5, 0.5]},
								"south": {"uv": [12, 16], "uv_size": [4, 0.5]},
								"west": {"uv": [24, 2], "uv_size": [0.5, 0.5]},
								"up": {"uv": [16, 15], "uv_size": [4, 0.5]},
								"down": {"uv": [16, 16.5], "uv_size": [4, -0.5]}
							}
						},
						{
							"origin": [-5.70805, 3.01955, 12.20523],
							"size": [3, 0.275, 0.3],
							"pivot": [-4.35805, 2.05705, 11.35523],
							"rotation": [-52.3729, 30.69503, -70.44523],
							"uv": {
								"north": {"uv": [6, 10], "uv_size": [5, 0.5]},
								"east": {"uv": [3, 24], "uv_size": [0.5, 0.5]},
								"south": {"uv": [0, 11], "uv_size": [5, 0.5]},
								"west": {"uv": [24, 3], "uv_size": [0.5, 0.5]},
								"up": {"uv": [5, 11], "uv_size": [5, 0.5]},
								"down": {"uv": [11, 9.5], "uv_size": [5, -0.5]}
							}
						},
						{
							"origin": [-5.31047, 1.85025, 11.96885],
							"size": [2.5, 0.175, 0.2],
							"pivot": [-3.56047, -0.06225, 12.36885],
							"rotation": [-44.51424, 15.6801, -55.15079],
							"uv": {
								"north": {"uv": [6, 10], "uv_size": [5, 0.5]},
								"east": {"uv": [3, 24], "uv_size": [0.5, 0.5]},
								"south": {"uv": [0, 11], "uv_size": [5, 0.5]},
								"west": {"uv": [24, 3], "uv_size": [0.5, 0.5]},
								"up": {"uv": [5, 11], "uv_size": [5, 0.5]},
								"down": {"uv": [11, 9.5], "uv_size": [5, -0.5]}
							}
						}
					]
				},
				{
					"name": "R15",
					"parent": "legs2",
					"pivot": [-0.7, 2.4, 7.5],
					"rotation": [-2.3327, 12.91887, 1.48755],
					"cubes": [
						{
							"origin": [-5.01899, 4.15522, 10.13833],
							"size": [6.1, 0.375, 0.3],
							"pivot": [-1.51899, 3.94272, 8.98833],
							"rotation": [-64.58154, 51.19808, 35.19388],
							"uv": {
								"north": {"uv": [16, 10], "uv_size": [4, 0.5]},
								"east": {"uv": [2, 24], "uv_size": [0.5, 0.5]},
								"south": {"uv": [12, 16], "uv_size": [4, 0.5]},
								"west": {"uv": [24, 2], "uv_size": [0.5, 0.5]},
								"up": {"uv": [16, 15], "uv_size": [4, 0.5]},
								"down": {"uv": [16, 16.5], "uv_size": [4, -0.5]}
							}
						},
						{
							"origin": [-5.40805, 3.01955, 12.60523],
							"size": [3, 0.275, 0.3],
							"pivot": [-4.05805, 2.05705, 11.75523],
							"rotation": [-52.3729, 30.69503, -70.44523],
							"uv": {
								"north": {"uv": [6, 10], "uv_size": [5, 0.5]},
								"east": {"uv": [3, 24], "uv_size": [0.5, 0.5]},
								"south": {"uv": [0, 11], "uv_size": [5, 0.5]},
								"west": {"uv": [24, 3], "uv_size": [0.5, 0.5]},
								"up": {"uv": [5, 11], "uv_size": [5, 0.5]},
								"down": {"uv": [11, 9.5], "uv_size": [5, -0.5]}
							}
						},
						{
							"origin": [-4.81047, 1.85025, 12.56885],
							"size": [2.3, 0.175, 0.2],
							"pivot": [-3.26047, -0.06225, 12.76885],
							"rotation": [-49.44989, 27.3343, -68.49155],
							"uv": {
								"north": {"uv": [6, 10], "uv_size": [5, 0.5]},
								"east": {"uv": [3, 24], "uv_size": [0.5, 0.5]},
								"south": {"uv": [0, 11], "uv_size": [5, 0.5]},
								"west": {"uv": [24, 3], "uv_size": [0.5, 0.5]},
								"up": {"uv": [5, 11], "uv_size": [5, 0.5]},
								"down": {"uv": [11, 9.5], "uv_size": [5, -0.5]}
							}
						}
					]
				},
				{
					"name": "torso",
					"parent": "horrorcentipede",
					"pivot": [0, 1.3, -5.6]
				},
				{
					"name": "frontbody",
					"parent": "torso",
					"pivot": [0, 0.6, -4.1]
				},
				{
					"name": "sockets",
					"parent": "frontbody",
					"pivot": [2.1, -0.9, -4.7]
				},
				{
					"name": "mainabdomen",
					"parent": "frontbody",
					"pivot": [-0.05, 2.18013, -2.36975],
					"cubes": [
						{
							"origin": [-0.45, 1.64321, -3.7071],
							"size": [0.9, 0, 0.6],
							"inflate": 0.5,
							"pivot": [0, 2.65571, -3.0571],
							"rotation": [10, 0, 0],
							"uv": {
								"north": {"uv": [7, 0], "uv_size": [2.5, 2.5]},
								"east": {"uv": [0, 0], "uv_size": [4, 2.5]},
								"south": {"uv": [7, 3], "uv_size": [2.5, 2.5]},
								"west": {"uv": [0, 3], "uv_size": [4, 2.5]},
								"up": {"uv": [4, 0], "uv_size": [2.5, 4]},
								"down": {"uv": [4, 8], "uv_size": [2.5, -4]}
							}
						},
						{
							"origin": [-0.85, 1.38433, -4.90184],
							"size": [1.6, 0.675, 1.8],
							"pivot": [-0.1, 2.22183, -4.20184],
							"rotation": [-6, 0, 0],
							"uv": {
								"north": {"uv": [17, 4], "uv_size": [1.5, 1]},
								"east": {"uv": [6, 9], "uv_size": [4.5, 1]},
								"south": {"uv": [17, 5], "uv_size": [1.5, 1]},
								"west": {"uv": [9, 6], "uv_size": [4.5, 1]},
								"up": {"uv": [0, 6], "uv_size": [1.5, 4.5]},
								"down": {"uv": [2, 10.5], "uv_size": [1.5, -4.5]}
							}
						},
						{
							"origin": [-0.65, 1.48433, -5.50184],
							"size": [1.2, 0.775, 0.9],
							"pivot": [-0.1, 2.22183, -4.20184],
							"rotation": [-6, 0, 0],
							"uv": {
								"north": {"uv": [17, 4], "uv_size": [1.5, 1]},
								"east": {"uv": [6, 9], "uv_size": [4.5, 1]},
								"south": {"uv": [17, 5], "uv_size": [1.5, 1]},
								"west": {"uv": [9, 6], "uv_size": [4.5, 1]},
								"up": {"uv": [0, 6], "uv_size": [1.5, 4.5]},
								"down": {"uv": [2, 10.5], "uv_size": [1.5, -4.5]}
							}
						}
					]
				},
				{
					"name": "mainabdomen2",
					"parent": "frontbody",
					"pivot": [-0.05, 2.18013, -0.66975],
					"rotation": [-7, 0, 0],
					"cubes": [
						{
							"origin": [-0.45, 1.74689, -2.14526],
							"size": [0.9, 0.1, 0.7],
							"inflate": 0.5,
							"pivot": [0, 2.85571, -1.3571],
							"rotation": [18, 0, 0],
							"uv": {
								"north": {"uv": [7, 0], "uv_size": [2.5, 2.5]},
								"east": {"uv": [0, 0], "uv_size": [4, 2.5]},
								"south": {"uv": [7, 3], "uv_size": [2.5, 2.5]},
								"west": {"uv": [0, 3], "uv_size": [4, 2.5]},
								"up": {"uv": [4, 0], "uv_size": [2.5, 4]},
								"down": {"uv": [4, 8], "uv_size": [2.5, -4]}
							}
						},
						{
							"origin": [-0.55, 1.44758, -0.44868],
							"size": [1.1, 0.2, 1],
							"inflate": 0.5,
							"pivot": [0, 2.85571, -1.3571],
							"rotation": [19, 0, 0],
							"uv": {
								"north": {"uv": [7, 0], "uv_size": [2.5, 2.5]},
								"east": {"uv": [0, 0], "uv_size": [4, 2.5]},
								"south": {"uv": [7, 3], "uv_size": [2.5, 2.5]},
								"west": {"uv": [0, 3], "uv_size": [4, 2.5]},
								"up": {"uv": [4, 0], "uv_size": [2.5, 4]},
								"down": {"uv": [4, 8], "uv_size": [2.5, -4]}
							}
						},
						{
							"origin": [-0.45, 0.98509, -3.01927],
							"size": [0.9, 0.675, 1.6],
							"pivot": [-0.1, 2.42183, -2.50184],
							"rotation": [12, 0, 0],
							"uv": {
								"north": {"uv": [17, 4], "uv_size": [1.5, 1]},
								"east": {"uv": [6, 9], "uv_size": [4.5, 1]},
								"south": {"uv": [17, 5], "uv_size": [1.5, 1]},
								"west": {"uv": [9, 6], "uv_size": [4.5, 1]},
								"up": {"uv": [0, 6], "uv_size": [1.5, 4.5]},
								"down": {"uv": [2, 10.5], "uv_size": [1.5, -4.5]}
							}
						},
						{
							"origin": [-0.45, 0.98509, -1.11927],
							"size": [0.9, 0.675, 1.6],
							"pivot": [-0.1, 2.42183, -2.50184],
							"rotation": [12, 0, 0],
							"uv": {
								"north": {"uv": [17, 4], "uv_size": [1.5, 1]},
								"east": {"uv": [6, 9], "uv_size": [4.5, 1]},
								"south": {"uv": [17, 5], "uv_size": [1.5, 1]},
								"west": {"uv": [9, 6], "uv_size": [4.5, 1]},
								"up": {"uv": [0, 6], "uv_size": [1.5, 4.5]},
								"down": {"uv": [2, 10.5], "uv_size": [1.5, -4.5]}
							}
						}
					]
				},
				{
					"name": "mainabdomen3",
					"parent": "frontbody",
					"pivot": [-0.05, 2.38013, 3.03025],
					"rotation": [-14, 0, 0],
					"cubes": [
						{
							"origin": [-0.55, 1.9447, 1.66853],
							"size": [1.1, 0.1, 0.6],
							"inflate": 0.5,
							"pivot": [0, 3.05571, 2.3429],
							"rotation": [21, 0, 0],
							"uv": {
								"north": {"uv": [7, 0], "uv_size": [2.5, 2.5]},
								"east": {"uv": [0, 0], "uv_size": [4, 2.5]},
								"south": {"uv": [7, 3], "uv_size": [2.5, 2.5]},
								"west": {"uv": [0, 3], "uv_size": [4, 2.5]},
								"up": {"uv": [4, 0], "uv_size": [2.5, 4]},
								"down": {"uv": [4, 8], "uv_size": [2.5, -4]}
							}
						},
						{
							"origin": [-0.45, 1.94492, 3.3668],
							"size": [0.9, 0, 0.4],
							"inflate": 0.5,
							"pivot": [0, 3.05571, 2.3429],
							"rotation": [21.5, 0, 0],
							"uv": {
								"north": {"uv": [7, 0], "uv_size": [2.5, 2.5]},
								"east": {"uv": [0, 0], "uv_size": [4, 2.5]},
								"south": {"uv": [7, 3], "uv_size": [2.5, 2.5]},
								"west": {"uv": [0, 3], "uv_size": [4, 2.5]},
								"up": {"uv": [4, 0], "uv_size": [2.5, 4]},
								"down": {"uv": [4, 8], "uv_size": [2.5, -4]}
							}
						},
						{
							"origin": [-0.45, 1.18445, 0.80514],
							"size": [0.9, 0.775, 1.5],
							"pivot": [-0.1, 2.62183, 1.19816],
							"rotation": [12, 0, 0],
							"uv": {
								"north": {"uv": [17, 4], "uv_size": [1.5, 1]},
								"east": {"uv": [6, 9], "uv_size": [4.5, 1]},
								"south": {"uv": [17, 5], "uv_size": [1.5, 1]},
								"west": {"uv": [9, 6], "uv_size": [4.5, 1]},
								"up": {"uv": [0, 6], "uv_size": [1.5, 4.5]},
								"down": {"uv": [2, 10.5], "uv_size": [1.5, -4.5]}
							}
						},
						{
							"origin": [-0.55, 1.38445, 2.70514],
							"size": [1.1, 0.775, 1.5],
							"pivot": [-0.1, 2.62183, 1.19816],
							"rotation": [12, 0, 0],
							"uv": {
								"north": {"uv": [17, 4], "uv_size": [1.5, 1]},
								"east": {"uv": [6, 9], "uv_size": [4.5, 1]},
								"south": {"uv": [17, 5], "uv_size": [1.5, 1]},
								"west": {"uv": [9, 6], "uv_size": [4.5, 1]},
								"up": {"uv": [0, 6], "uv_size": [1.5, 4.5]},
								"down": {"uv": [2, 10.5], "uv_size": [1.5, -4.5]}
							}
						}
					]
				},
				{
					"name": "mainabdomen4",
					"parent": "frontbody",
					"pivot": [-0.05, 2.38013, 6.33025],
					"rotation": [-20, 0, 0],
					"cubes": [
						{
							"origin": [1.24253, 5.42368, 7.24521],
							"size": [0.1, 0.1, 9.3],
							"pivot": [0.29253, 5.07368, 13.44521],
							"rotation": [26.21061, 8.31306, 6.30581],
							"uv": {
								"north": {"uv": [10, 2], "uv_size": [2, 1.5]},
								"east": {"uv": [9, 7], "uv_size": [2.5, 1.5]},
								"south": {"uv": [10, 4], "uv_size": [2, 1.5]},
								"west": {"uv": [10, 0], "uv_size": [2.5, 1.5]},
								"up": {"uv": [7, 6], "uv_size": [2, 2.5]},
								"down": {"uv": [4, 10.5], "uv_size": [2, -2.5]}
							}
						},
						{
							"origin": [-1.15747, 5.42368, 7.24521],
							"size": [0.1, 0.1, 9.2],
							"pivot": [0.29253, 5.07368, 13.44521],
							"rotation": [26.24376, -8.7613, -2.05997],
							"uv": {
								"north": {"uv": [10, 2], "uv_size": [2, 1.5]},
								"east": {"uv": [9, 7], "uv_size": [2.5, 1.5]},
								"south": {"uv": [10, 4], "uv_size": [2, 1.5]},
								"west": {"uv": [10, 0], "uv_size": [2.5, 1.5]},
								"up": {"uv": [7, 6], "uv_size": [2, 2.5]},
								"down": {"uv": [4, 10.5], "uv_size": [2, -2.5]}
							}
						},
						{
							"origin": [-0.35, 1.94324, 4.78941],
							"size": [0.7, 0.1, 0.8],
							"inflate": 0.5,
							"pivot": [0, 3.05571, 5.6429],
							"rotation": [21, 0, 0],
							"uv": {
								"north": {"uv": [7, 0], "uv_size": [2.5, 2.5]},
								"east": {"uv": [0, 0], "uv_size": [4, 2.5]},
								"south": {"uv": [7, 3], "uv_size": [2.5, 2.5]},
								"west": {"uv": [0, 3], "uv_size": [4, 2.5]},
								"up": {"uv": [4, 0], "uv_size": [2.5, 4]},
								"down": {"uv": [4, 8], "uv_size": [2.5, -4]}
							}
						},
						{
							"origin": [-0.35, 2.04541, 6.72246],
							"size": [0.7, 0.2, 0.5],
							"inflate": 0.4,
							"pivot": [0, 3.05571, 5.6429],
							"rotation": [11.5, 0, 0],
							"uv": {
								"north": {"uv": [7, 0], "uv_size": [2.5, 2.5]},
								"east": {"uv": [0, 0], "uv_size": [4, 2.5]},
								"south": {"uv": [7, 3], "uv_size": [2.5, 2.5]},
								"west": {"uv": [0, 3], "uv_size": [4, 2.5]},
								"up": {"uv": [4, 0], "uv_size": [2.5, 4]},
								"down": {"uv": [4, 8], "uv_size": [2.5, -4]}
							}
						},
						{
							"origin": [-0.45, 1.18627, 4.026],
							"size": [1, 0.675, 1.6],
							"pivot": [-0.1, 2.62183, 4.49816],
							"rotation": [12, 0, 0],
							"uv": {
								"north": {"uv": [17, 4], "uv_size": [1.5, 1]},
								"east": {"uv": [6, 9], "uv_size": [4.5, 1]},
								"south": {"uv": [17, 5], "uv_size": [1.5, 1]},
								"west": {"uv": [9, 6], "uv_size": [4.5, 1]},
								"up": {"uv": [0, 6], "uv_size": [1.5, 4.5]},
								"down": {"uv": [2, 10.5], "uv_size": [1.5, -4.5]}
							}
						},
						{
							"origin": [-0.45, 1.58627, 5.926],
							"size": [0.9, 0.675, 1.6],
							"pivot": [-0.1, 2.62183, 4.49816],
							"rotation": [12, 0, 0],
							"uv": {
								"north": {"uv": [17, 4], "uv_size": [1.5, 1]},
								"east": {"uv": [6, 9], "uv_size": [4.5, 1]},
								"south": {"uv": [17, 5], "uv_size": [1.5, 1]},
								"west": {"uv": [9, 6], "uv_size": [4.5, 1]},
								"up": {"uv": [0, 6], "uv_size": [1.5, 4.5]},
								"down": {"uv": [2, 10.5], "uv_size": [1.5, -4.5]}
							}
						}
					]
				},
				{
					"name": "fronthead",
					"parent": "frontbody",
					"pivot": [0, 0.1, -5.6],
					"cubes": [
						{
							"origin": [-0.5, 1.515, -6.7],
							"size": [1, 0.96, 0.8],
							"pivot": [0, 0.1, -5.6],
							"rotation": [-11, 0, 0],
							"uv": {
								"north": {"uv": [10, 2], "uv_size": [2, 1.5]},
								"east": {"uv": [9, 7], "uv_size": [2.5, 1.5]},
								"south": {"uv": [10, 4], "uv_size": [2, 1.5]},
								"west": {"uv": [10, 0], "uv_size": [2.5, 1.5]},
								"up": {"uv": [7, 6], "uv_size": [2, 2.5]},
								"down": {"uv": [4, 10.5], "uv_size": [2, -2.5]}
							}
						},
						{
							"origin": [-0.8, 1.615, -6.9],
							"size": [0.1, 0.36, 0.8],
							"pivot": [0, 0.1, -5.6],
							"rotation": [-11.92381, -22.55389, 4.63048],
							"uv": {
								"north": {"uv": [10, 2], "uv_size": [2, 1.5]},
								"east": {"uv": [9, 7], "uv_size": [2.5, 1.5]},
								"south": {"uv": [10, 4], "uv_size": [2, 1.5]},
								"west": {"uv": [10, 0], "uv_size": [2.5, 1.5]},
								"up": {"uv": [7, 6], "uv_size": [2, 2.5]},
								"down": {"uv": [4, 10.5], "uv_size": [2, -2.5]}
							}
						},
						{
							"origin": [0.6, 1.615, -6.9],
							"size": [0.1, 0.36, 0.8],
							"pivot": [0, 0.1, -5.6],
							"rotation": [-11.84035, 21.57532, -4.40832],
							"uv": {
								"north": {"uv": [10, 2], "uv_size": [2, 1.5]},
								"east": {"uv": [9, 7], "uv_size": [2.5, 1.5]},
								"south": {"uv": [10, 4], "uv_size": [2, 1.5]},
								"west": {"uv": [10, 0], "uv_size": [2.5, 1.5]},
								"up": {"uv": [7, 6], "uv_size": [2, 2.5]},
								"down": {"uv": [4, 10.5], "uv_size": [2, -2.5]}
							}
						},
						{
							"origin": [-0.6, 2.115, -6.6],
							"size": [1.2, 0.26, 0.2],
							"pivot": [0, 0.1, -5.6],
							"rotation": [-11, 0, 0],
							"uv": {
								"north": {"uv": [28.5, 0.5], "uv_size": [2, 1.5]},
								"east": {"uv": [28.5, 0.5], "uv_size": [2.5, 1.5]},
								"south": {"uv": [28.5, 0.5], "uv_size": [2, 1.5]},
								"west": {"uv": [30.5, 2], "uv_size": [-2, -1.5]},
								"up": {"uv": [29, 0.5], "uv_size": [2, 2.5]},
								"down": {"uv": [29, 3], "uv_size": [2, -2.5]}
							}
						},
						{
							"origin": [-0.3, 1.975, -17.3],
							"size": [0.1, 0.1, 10.5],
							"pivot": [0, 0.1, -5.6],
							"rotation": [-18.2329, 7.05849, -3.7749],
							"uv": {
								"north": {"uv": [10, 2], "uv_size": [2, 1.5]},
								"east": {"uv": [9, 7], "uv_size": [2.5, 1.5]},
								"south": {"uv": [10, 4], "uv_size": [2, 1.5]},
								"west": {"uv": [10, 0], "uv_size": [2.5, 1.5]},
								"up": {"uv": [7, 6], "uv_size": [2, 2.5]},
								"down": {"uv": [4, 10.5], "uv_size": [2, -2.5]}
							}
						},
						{
							"origin": [0.3, 1.975, -17],
							"size": [0.1, 0.1, 10.2],
							"pivot": [0, 0.1, -5.6],
							"rotation": [-18.09887, -5.50074, 2.342],
							"uv": {
								"north": {"uv": [10, 2], "uv_size": [2, 1.5]},
								"east": {"uv": [9, 7], "uv_size": [2.5, 1.5]},
								"south": {"uv": [10, 4], "uv_size": [2, 1.5]},
								"west": {"uv": [10, 0], "uv_size": [2.5, 1.5]},
								"up": {"uv": [7, 6], "uv_size": [2, 2.5]},
								"down": {"uv": [4, 10.5], "uv_size": [2, -2.5]}
							}
						}
					]
				}
			]
		}
	]
}