{
	"format_version": "1.12.0",
	"minecraft:geometry": [
		{
			"description": {
				"identifier": "geometry.funnelweb",
				"texture_width": 64,
				"texture_height": 64,
				"visible_bounds_width": 2,
				"visible_bounds_height": 2.5,
				"visible_bounds_offset": [0, 0.75, 0]
			},
			"bones": [
				{
					"name": "bb_main",
					"pivot": [0, 0, 0],
					"cubes": [
						{"origin": [-3.1, -1, -2.3], "size": [6.1, 1, 5.3], "uv": [33, 0]},
						{"origin": [-4.1, -0.2, -3.2], "size": [8.1, 1, 7.1], "uv": [28, 30]},
						{"origin": [-4.6, 0.7, -3.6], "size": [9.1, 1, 7.9], "uv": [29, 16]},
						{"origin": [-5.1, 1.5, -3.9], "size": [10.1, 2, 8.5], "uv": [0, 30]},
						{"origin": [-5.5, 3, -4.2], "size": [10.9, 5.1, 9.1], "uv": [0, 16]},
						{
							"origin": [-6, 7.7, -5.5],
							"size": [11.9, 5.1, 11.7],
							"uv": {
								"north": {"uv": [11, 11], "uv_size": [11, 5]},
								"east": {"uv": [0, 11], "uv_size": [11, 5]},
								"south": {"uv": [33, 11], "uv_size": [11, 5]},
								"west": {"uv": [22, 11], "uv_size": [11, 5]},
								"up": {"uv": [11, 0], "uv_size": [11, 11]},
								"down": {"uv": [27, 11], "uv_size": [11, -11]}
							}
						},
						{"origin": [-6.8, 11.4, -6.3], "size": [13.5, 2.3, 13.3], "uv": [-1, -1]}
					]
				},
				{
					"name": "funnelspider",
					"pivot": [-1.8, -15.9, 0.3],
					"cubes": [
						{"origin": [-0.3, 2.3, -1.3], "size": [0.8, 0.7, 3.7], "uv": [0, 0]}
					]
				},
				{
					"name": "llegs",
					"parent": "funnelspider",
					"pivot": [0.975, -11.09356, 2.25],
					"cubes": [
						{"origin": [0.175, 2.45644, -1.1], "size": [2, 0.5, 0.5], "pivot": [0.975, 2.70644, -0.45], "rotation": [0, 18, 30], "uv": [2, 2]},
						{"origin": [0.175, 2.45644, -0.4], "size": [2.2, 0.5, 0.5], "pivot": [0.975, 2.70644, 0.25], "rotation": [39.74728, -7.87604, 33.74866], "uv": [2, 2]},
						{"origin": [0.175, 2.45644, 0.6], "size": [2.7, 0.5, 0.5], "pivot": [0.975, 2.70644, 1.25], "rotation": [67.6163, -23.63374, 25.9672], "uv": [2, 2]},
						{"origin": [0.175, 2.45644, 1.6], "size": [2, 0.5, 0.5], "pivot": [0.975, 2.70644, 2.25], "rotation": [47.41244, -12.79308, 32.37031], "uv": [2, 2]}
					]
				},
				{
					"name": "rlegs",
					"parent": "funnelspider",
					"pivot": [0.975, -11.09356, 2.25],
					"cubes": [
						{"origin": [-2.225, 3.25644, 1], "size": [2.6, 0.5, 0.5], "pivot": [0.975, 2.70644, 1.25], "rotation": [69.28277, 23.84385, -22.53422], "uv": [2, 2]},
						{"origin": [-1.625, 3.25644, 2], "size": [2, 0.5, 0.5], "pivot": [0.975, 2.70644, 2.25], "rotation": [48.38244, 14.09323, -29.42084], "uv": [2, 2]},
						{"origin": [-2.225, 3.25644, 0], "size": [2.6, 0.5, 0.5], "pivot": [0.975, 2.70644, 0.25], "rotation": [40.44011, 9.55368, -31.05198], "uv": [2, 2]},
						{"origin": [-1.625, 3.25644, -0.7], "size": [2, 0.5, 0.5], "pivot": [0.975, 2.70644, -0.45], "rotation": [0, -15, -29], "uv": [2, 2]}
					]
				}
			]
		}
	]
}