{
	"format_version": "1.12.0",
	"minecraft:geometry": [
		{
			"description": {
				"identifier": "geometry.hornet",
				"texture_width": 32,
				"texture_height": 32,
				"visible_bounds_width": 4,
				"visible_bounds_height": 2.5,
				"visible_bounds_offset": [0, 0.75, 0]
			},
			"bones": [
				{
					"name": "horrorhornet",
					"pivot": [0, 1.3, 0]
				},
				{
					"name": "legs",
					"parent": "horrorhornet",
					"pivot": [1.77734, -0.29975, 1.92243]
				},
				{
					"name": "L4",
					"parent": "legs",
					"pivot": [1.2, 2.7, 1.7],
					"rotation": [-9.17951, 4.57363, -2.19899],
					"cubes": [
						{
							"origin": [-0.72989, 3.94986, 3.56151],
							"size": [2.2, 0.175, 0.1],
							"pivot": [2.32011, 3.83736, 3.01151],
							"rotation": [33.12761, -28.9374, -58.86203],
							"uv": {
								"north": {"uv": [10, 16], "uv_size": [2, 1]},
								"east": {"uv": [14, 20], "uv_size": [1, 1]},
								"south": {"uv": [16, 10], "uv_size": [2, 1]},
								"west": {"uv": [20, 14], "uv_size": [1, 1]},
								"up": {"uv": [12, 16], "uv_size": [2, 1]},
								"down": {"uv": [14, 17], "uv_size": [2, -1]}
							}
						},
						{
							"origin": [2.53057, 0.20715, 6.16634],
							"size": [3.6, 0.075, 0.1],
							"pivot": [4.33057, 3.79465, 5.61634],
							"rotation": [-44.3055, -32.04368, 70.28764],
							"uv": {
								"north": {"uv": [9, 10], "uv_size": [4, 1]},
								"east": {"uv": [15, 20], "uv_size": [1, 1]},
								"south": {"uv": [11, 6], "uv_size": [4, 1]},
								"west": {"uv": [20, 15], "uv_size": [1, 1]},
								"up": {"uv": [11, 7], "uv_size": [4, 1]},
								"down": {"uv": [11, 9], "uv_size": [4, -1]}
							}
						}
					]
				},
				{
					"name": "L3",
					"parent": "legs",
					"pivot": [0.9, 2.7, 1.6],
					"cubes": [
						{
							"origin": [3.82266, 0.49809, 2.22159],
							"size": [2.7, 0.075, 0.1],
							"pivot": [4.37266, 2.88559, 2.37159],
							"rotation": [-11.80371, -4.14317, 70.92847],
							"uv": {
								"north": {"uv": [13, 10], "uv_size": [3, 1]},
								"east": {"uv": [16, 20], "uv_size": [1, 1]},
								"south": {"uv": [16, 15], "uv_size": [3, 1]},
								"west": {"uv": [20, 16], "uv_size": [1, 1]},
								"up": {"uv": [15, 15], "uv_size": [3, 1]},
								"down": {"uv": [0, 16], "uv_size": [3, -1]}
							}
						},
						{
							"origin": [1.82734, 1.70025, 1.57243],
							"size": [1.7, 0.175, 0.1],
							"pivot": [1.47734, -0.29975, 1.42243],
							"rotation": [6.67454, -11.56367, -32.12856],
							"uv": {
								"north": {"uv": [16, 14], "uv_size": [2, 1]},
								"east": {"uv": [17, 20], "uv_size": [1, 1]},
								"south": {"uv": [16, 16], "uv_size": [2, 1]},
								"west": {"uv": [20, 17], "uv_size": [1, 1]},
								"up": {"uv": [2, 17], "uv_size": [2, 1]},
								"down": {"uv": [4, 18], "uv_size": [2, -1]}
							}
						}
					]
				},
				{
					"name": "R3",
					"parent": "legs",
					"pivot": [-0.8, 2.7, 1.5],
					"cubes": [
						{
							"origin": [-3.39143, 1.61308, 1.5689],
							"size": [1.9, 0.175, 0.1],
							"pivot": [-1.34143, -0.28692, 1.4189],
							"rotation": [6.26381, 11.78903, 30.0993],
							"uv": {
								"north": {"uv": [6, 17], "uv_size": [2, 1]},
								"east": {"uv": [18, 20], "uv_size": [1, 1]},
								"south": {"uv": [10, 17], "uv_size": [2, 1]},
								"west": {"uv": [20, 18], "uv_size": [1, 1]},
								"up": {"uv": [12, 17], "uv_size": [2, 1]},
								"down": {"uv": [14, 18], "uv_size": [2, -1]}
							}
						},
						{
							"origin": [-1.69143, 1.28808, 1.5689],
							"size": [2.7, 0.1, 0.1],
							"pivot": [-1.34143, -0.28692, 1.4189],
							"rotation": [-11.87285, 3.93802, -71.90964],
							"uv": {
								"north": {"uv": [15, 3], "uv_size": [3, 1]},
								"east": {"uv": [19, 20], "uv_size": [1, 1]},
								"south": {"uv": [15, 4], "uv_size": [3, 1]},
								"west": {"uv": [20, 19], "uv_size": [1, 1]},
								"up": {"uv": [15, 2], "uv_size": [3, 1]},
								"down": {"uv": [3, 16], "uv_size": [3, -1]}
							}
						}
					]
				},
				{
					"name": "L2",
					"parent": "legs",
					"pivot": [0.9, 2.6, 0.9],
					"rotation": [0, -14, 0],
					"cubes": [
						{
							"origin": [1.95, 1.60393, 1.39838],
							"size": [1.9, 0.175, 0.1],
							"pivot": [1.5, -0.39607, 1.24838],
							"rotation": [2.39745, 42.85409, -37.41476],
							"uv": {
								"north": {"uv": [16, 17], "uv_size": [2, 1]},
								"east": {"uv": [20, 20], "uv_size": [1, 1]},
								"south": {"uv": [15, 4], "uv_size": [2, 1]},
								"west": {"uv": [0, 21], "uv_size": [1, 1]},
								"up": {"uv": [16, 4], "uv_size": [2, 1]},
								"down": {"uv": [2, 19], "uv_size": [2, -1]}
							}
						},
						{
							"origin": [3.92891, -1.03382, 0.67526],
							"size": [2.6, 0.175, 0.1],
							"pivot": [4.72891, 2.00368, 0.22526],
							"rotation": [-22.52022, 10.87363, 78.86081],
							"uv": {
								"north": {"uv": [15, 3], "uv_size": [3, 1]},
								"east": {"uv": [1, 21], "uv_size": [1, 1]},
								"south": {"uv": [15, 4], "uv_size": [3, 1]},
								"west": {"uv": [21, 1], "uv_size": [1, 1]},
								"up": {"uv": [15, 5], "uv_size": [3, 1]},
								"down": {"uv": [6, 16], "uv_size": [3, -1]}
							}
						}
					]
				},
				{
					"name": "R2",
					"parent": "legs",
					"pivot": [-0.9, 2.7, 1.1],
					"rotation": [-3.07119, 12.9765, -0.89973],
					"cubes": [
						{
							"origin": [-3.85, 1.7, 1.35],
							"size": [2.1, 0.175, 0.1],
							"pivot": [-1.5, -0.3, 1.4],
							"rotation": [-3.39002, -44.69993, 38.11095],
							"uv": {
								"north": {"uv": [18, 2], "uv_size": [2, 1]},
								"east": {"uv": [21, 2], "uv_size": [1, 1]},
								"south": {"uv": [18, 3], "uv_size": [2, 1]},
								"west": {"uv": [3, 21], "uv_size": [1, 1]},
								"up": {"uv": [4, 19], "uv_size": [2, 1]},
								"down": {"uv": [18, 5], "uv_size": [2, -1]}
							}
						},
						{
							"origin": [-1.75, 0.7, -0.35],
							"size": [2.7, 0.175, 0.1],
							"pivot": [-1.5, -0.3, 1.4],
							"rotation": [12.23682, -6.80593, -77.65692],
							"uv": {
								"north": {"uv": [15, 6], "uv_size": [3, 1]},
								"east": {"uv": [4, 21], "uv_size": [1, 1]},
								"south": {"uv": [15, 7], "uv_size": [3, 1]},
								"west": {"uv": [5, 21], "uv_size": [1, 1]},
								"up": {"uv": [15, 8], "uv_size": [3, 1]},
								"down": {"uv": [9, 16], "uv_size": [3, -1]}
							}
						}
					]
				},
				{
					"name": "R4",
					"parent": "legs",
					"pivot": [-1.25, 2.4, 1.725],
					"rotation": [0.59035, -8.95676, 3.45282],
					"cubes": [
						{
							"origin": [-1.26899, 4.45522, 3.46333],
							"size": [2.3, 0.1, 0.175],
							"pivot": [-2.06899, 3.94272, 3.21333],
							"rotation": [-49.07379, 41.18065, 56.96264],
							"uv": {
								"north": {"uv": [18, 15], "uv_size": [2, 1]},
								"east": {"uv": [21, 13], "uv_size": [1, 1]},
								"south": {"uv": [16, 18], "uv_size": [2, 1]},
								"west": {"uv": [14, 21], "uv_size": [1, 1]},
								"up": {"uv": [18, 16], "uv_size": [2, 1]},
								"down": {"uv": [18, 18], "uv_size": [2, -1]}
							}
						},
						{
							"origin": [-5.65805, -1.28045, 7.23023],
							"size": [3.7, 0.075, 0.1],
							"pivot": [-4.60805, 2.05705, 5.98023],
							"rotation": [-55.57241, 21.78602, -77.65215],
							"uv": {
								"north": {"uv": [11, 9], "uv_size": [4, 1]},
								"east": {"uv": [6, 21], "uv_size": [1, 1]},
								"south": {"uv": [11, 11], "uv_size": [4, 1]},
								"west": {"uv": [21, 6], "uv_size": [1, 1]},
								"up": {"uv": [0, 12], "uv_size": [4, 1]},
								"down": {"uv": [4, 13], "uv_size": [4, -1]}
							}
						}
					]
				},
				{
					"name": "frontbody",
					"parent": "horrorhornet",
					"pivot": [0, 0.6, 1.5],
					"cubes": [
						{
							"origin": [-0.8, 1.4198, -0.24344],
							"size": [1.6, 1.26, 2.1],
							"pivot": [0, 2.2498, 0.90656],
							"rotation": [-44, 0, 0],
							"uv": {
								"north": {"uv": [18, 12], "uv_size": [2, 1]},
								"east": {"uv": [18, 13], "uv_size": [2, 1]},
								"south": {"uv": [14, 18], "uv_size": [2, 1]},
								"west": {"uv": [18, 14], "uv_size": [2, 1]},
								"up": {"uv": [11, 12], "uv_size": [2, 2]},
								"down": {"uv": [0, 15], "uv_size": [2, -2]}
							}
						},
						{
							"origin": [-0.5, 2.115, -1],
							"size": [1, 1.26, 1.3],
							"pivot": [0, 0.2, 0],
							"rotation": [-2, 0, 0],
							"uv": {
								"north": {"uv": [21, 10], "uv_size": [1, 1]},
								"east": {"uv": [12, 19], "uv_size": [3, 1]},
								"south": {"uv": [21, 11], "uv_size": [1, 1]},
								"west": {"uv": [17, 19], "uv_size": [3, 1]},
								"up": {"uv": [16, 17], "uv_size": [1, 3]},
								"down": {"uv": [13, 22], "uv_size": [1, -1]}
							}
						},
						{
							"origin": [-1, 2.2198, 0.05656],
							"size": [2, 0.96, 1.6],
							"pivot": [0, 2.2498, 0.90656],
							"rotation": [-19, 0, 0],
							"uv": {
								"north": {"uv": [6, 19], "uv_size": [2, 1]},
								"east": {"uv": [19, 6], "uv_size": [2, 1]},
								"south": {"uv": [19, 7], "uv_size": [2, 1]},
								"west": {"uv": [8, 19], "uv_size": [2, 1]},
								"up": {"uv": [4, 13], "uv_size": [2, 2]},
								"down": {"uv": [4, 15], "uv_size": [2, -2]}
							}
						},
						{
							"origin": [-0.5, 2.0198, 1.05656],
							"size": [1, 0.96, 1.6],
							"pivot": [0, 2.2498, 0.90656],
							"rotation": [-19, 0, 0],
							"uv": {
								"north": {"uv": [2, 22], "uv_size": [1, 1]},
								"east": {"uv": [19, 8], "uv_size": [2, 1]},
								"south": {"uv": [22, 2], "uv_size": [1, 1]},
								"west": {"uv": [19, 9], "uv_size": [2, 1]},
								"up": {"uv": [10, 19], "uv_size": [1, 2]},
								"down": {"uv": [11, 21], "uv_size": [1, -2]}
							}
						}
					]
				},
				{
					"name": "mainabdomen",
					"parent": "frontbody",
					"pivot": [-0.05, 2.78013, 3.43025],
					"cubes": [
						{
							"origin": [-0.15, 1.66821, 1.8929],
							"size": [0.3, 0.475, 2.3],
							"pivot": [0, 3.45571, 2.7429],
							"rotation": [9.5, 0, 0],
							"uv": {
								"north": {"uv": [23, 9], "uv_size": [1, 1]},
								"east": {"uv": [20, 5], "uv_size": [2, 1]},
								"south": {"uv": [10, 23], "uv_size": [1, 1]},
								"west": {"uv": [7, 20], "uv_size": [2, 1]},
								"up": {"uv": [9, 20], "uv_size": [1, 2]},
								"down": {"uv": [20, 12], "uv_size": [1, -2]}
							}
						},
						{
							"origin": [-1.35, 2.26821, 3.2929],
							"size": [2.7, 0.875, 1.3],
							"pivot": [0, 3.45571, 2.7429],
							"rotation": [-7, 0, 0],
							"uv": {
								"north": {"uv": [5, 8], "uv_size": [1, 1]},
								"east": {"uv": [13, 12], "uv_size": [3, 1]},
								"south": {"uv": [15, 11], "uv_size": [3, 1]},
								"west": {"uv": [13, 13], "uv_size": [3, 1]},
								"up": {"uv": [3, 8], "uv_size": [1, 3]},
								"down": {"uv": [3, 14], "uv_size": [1, -5]}
							}
						},
						{
							"origin": [-1.25, 1.46821, 3.1929],
							"size": [2.5, 2.275, 2.1],
							"pivot": [0, 3.45571, 2.7429],
							"rotation": [-7, 0, 0],
							"uv": {
								"north": {"uv": [0, 10], "uv_size": [3, 2]},
								"east": {"uv": [7, 14], "uv_size": [5, 1]},
								"south": {"uv": [10, 0], "uv_size": [3, 2]},
								"west": {"uv": [13, 12], "uv_size": [5, 2]},
								"up": {"uv": [4, 8], "uv_size": [2, 4]},
								"down": {"uv": [3, 12], "uv_size": [1, -7]}
							}
						},
						{
							"origin": [-0.95, 2.38433, 3.29816],
							"size": [1.9, 1.575, 3.9],
							"pivot": [-0.1, 3.02183, 1.59816],
							"rotation": [-14, 0, 0],
							"uv": {
								"north": {"uv": [13, 0], "uv_size": [2, 2]},
								"east": {"uv": [4, 6], "uv_size": [12, 1]},
								"south": {"uv": [2, 13], "uv_size": [2, 2]},
								"west": {"uv": [2, 12], "uv_size": [12, 1]},
								"up": {"uv": [0, 10], "uv_size": [2, 12]},
								"down": {"uv": [6, 17], "uv_size": [1, -14]}
							}
						},
						{
							"origin": [-0.55, 2.58433, 4.09816],
							"size": [1.1, 1.075, 3.5],
							"pivot": [-0.1, 3.02183, 1.59816],
							"rotation": [-14, 0, 0],
							"uv": {
								"north": {"uv": [0, 22], "uv_size": [1, 1]},
								"east": {"uv": [17, 14], "uv_size": [3, 1]},
								"south": {"uv": [14, 0], "uv_size": [1, 1]},
								"west": {"uv": [15, 15], "uv_size": [3, 1]},
								"up": {"uv": [3, 16], "uv_size": [1, 3]},
								"down": {"uv": [1, 19], "uv_size": [1, -3]}
							}
						},
						{
							"origin": [-0.45, 2.55933, 4.49816],
							"size": [0.9, 0.7, 3.4],
							"pivot": [-0.1, 3.02183, 1.59816],
							"rotation": [-14, 0, 0],
							"uv": {
								"north": {"uv": [1, 22], "uv_size": [1, 1]},
								"east": {"uv": [2, 16], "uv_size": [11, 1]},
								"south": {"uv": [7, 6], "uv_size": [1, 1]},
								"west": {"uv": [5, 19], "uv_size": [11, 1]},
								"up": {"uv": [8, 16], "uv_size": [1, 3]},
								"down": {"uv": [4, 19], "uv_size": [1, -11]}
							}
						},
						{
							"origin": [-0.15, 3.18433, 6.99816],
							"size": [0.3, 0.075, 1.3],
							"pivot": [-0.1, 3.02183, 1.59816],
							"rotation": [-19, 0, 0],
							"uv": {
								"north": {"uv": [3, 22], "uv_size": [1, 1]},
								"east": {"uv": [22, 3], "uv_size": [1, 1]},
								"south": {"uv": [4, 22], "uv_size": [1, 1]},
								"west": {"uv": [22, 4], "uv_size": [1, 1]},
								"up": {"uv": [5, 22], "uv_size": [1, 1]},
								"down": {"uv": [22, 6], "uv_size": [1, -1]}
							}
						},
						{
							"origin": [0, 3.20933, 8.29816],
							"size": [0, 0.025, 0.2],
							"pivot": [-0.1, 3.02183, 1.59816],
							"rotation": [-19, 0, 0],
							"uv": {
								"north": {"uv": [3, 22], "uv_size": [1, 1]},
								"east": {"uv": [22, 3], "uv_size": [1, 1]},
								"south": {"uv": [4, 22], "uv_size": [1, 1]},
								"west": {"uv": [22, 4], "uv_size": [1, 1]},
								"up": {"uv": [5, 22], "uv_size": [1, 1]},
								"down": {"uv": [22, 6], "uv_size": [1, -1]}
							}
						},
						{
							"origin": [-0.85, 1.98433, 3.89816],
							"size": [1.7, 1.275, 1],
							"uv": {
								"north": {"uv": [10, 18], "uv_size": [2, 1]},
								"east": {"uv": [21, 9], "uv_size": [1, 1]},
								"south": {"uv": [18, 10], "uv_size": [2, 1]},
								"west": {"uv": [10, 21], "uv_size": [1, 1]},
								"up": {"uv": [18, 11], "uv_size": [2, 1]},
								"down": {"uv": [12, 19], "uv_size": [2, -1]}
							}
						}
					]
				},
				{
					"name": "innershrink",
					"parent": "mainabdomen",
					"pivot": [0, 3.45571, 2.7429],
					"cubes": [
						{
							"origin": [-1.15, 1.56821, 2.6929],
							"size": [2.3, 1.875, 3.9],
							"pivot": [0, 3.45571, 2.7429],
							"rotation": [-5.5, 0, 0],
							"uv": {
								"north": {"uv": [0, 8], "uv_size": [2, 2]},
								"east": {"uv": [1, 0], "uv_size": [8, 1]},
								"south": {"uv": [9, 11], "uv_size": [2, 2]},
								"west": {"uv": [1, 3], "uv_size": [9, 1]},
								"up": {"uv": [2, 3], "uv_size": [1, 9]},
								"down": {"uv": [4, 19], "uv_size": [1, -13]}
							}
						}
					]
				},
				{
					"name": "head",
					"parent": "frontbody",
					"pivot": [-0.05, 2.33128, -1.18139],
					"rotation": [43, 0, 0],
					"cubes": [
						{
							"origin": [-0.8, 2.1892, -1.53394],
							"size": [1.6, 0.36, 1.25],
							"pivot": [0, 2.7722, -0.61251],
							"rotation": [16, 0, 0],
							"uv": {
								"north": {"uv": [7, 4], "uv_size": [2, 1]},
								"east": {"uv": [9, 11], "uv_size": [2, 2]},
								"south": {"uv": [20, 3], "uv_size": [2, 1]},
								"west": {"uv": [9, 11], "uv_size": [2, 2]},
								"up": {"uv": [10, 1], "uv_size": [2, 1]},
								"down": {"uv": [5, 21], "uv_size": [2, -1]}
							}
						},
						{
							"origin": [-0.85, 2.44671, -1.10536],
							"size": [1.7, 0.185, 0.85],
							"pivot": [0, 2.7722, -0.61251],
							"rotation": [16, 0, 0],
							"uv": {
								"north": {"uv": [7, 4], "uv_size": [2, 1]},
								"east": {"uv": [9, 11], "uv_size": [2, 2]},
								"south": {"uv": [20, 3], "uv_size": [2, 1]},
								"west": {"uv": [9, 11], "uv_size": [2, 2]},
								"up": {"uv": [10, 1], "uv_size": [2, 1]},
								"down": {"uv": [5, 21], "uv_size": [2, -1]}
							}
						},
						{"origin": [-0.575, 2.1392, -1.48394], "size": [1.15, 0.91, 1.2], "pivot": [0, 2.7722, -0.61251], "rotation": [16, 0, 0], "uv": [9, 0]},
						{
							"origin": [-0.95, 2.1892, -0.53394],
							"size": [1.9, 0.76, 0.35],
							"pivot": [0, 2.7722, -0.61251],
							"rotation": [16, 0, 0],
							"uv": {
								"north": {"uv": [9, 9], "uv_size": [2, 4]},
								"east": {"uv": [10, 1], "uv_size": [1, 1]},
								"south": {"uv": [16, 19], "uv_size": [0, 1]},
								"west": {"uv": [10, 1], "uv_size": [1, 1]},
								"up": {"uv": [9, 11], "uv_size": [2, 1]},
								"down": {"uv": [18, 20], "uv_size": [2, -1]}
							}
						},
						{
							"origin": [-0.825, 1.6556, -1.00861],
							"size": [1.65, 0.66, 0.325],
							"pivot": [-0.05, 2.33128, -1.18139],
							"rotation": [97.5, 0, 0],
							"uv": {
								"north": {"uv": [18, 18], "uv_size": [2, 1]},
								"east": {"uv": [21, 20], "uv_size": [1, 1]},
								"south": {"uv": [0, 19], "uv_size": [2, 1]},
								"west": {"uv": [21, 21], "uv_size": [1, 1]},
								"up": {"uv": [2, 19], "uv_size": [2, 1]},
								"down": {"uv": [4, 20], "uv_size": [2, -1]}
							}
						}
					]
				},
				{
					"name": "jaws",
					"parent": "head",
					"pivot": [-0.9, 1.8, -0.3],
					"rotation": [21.85151, 2.61664, -6.49481],
					"cubes": [
						{
							"origin": [-0.43965, 3.49667, -2.99796],
							"size": [0.1, 0.06, 2],
							"pivot": [-0.80326, 2.77395, -0.95231],
							"rotation": [-110.59473, 20.08731, -32.86787],
							"uv": {
								"north": {"uv": [8, 21], "uv_size": [1, 1]},
								"east": {"uv": [18, 5], "uv_size": [2, 1]},
								"south": {"uv": [21, 8], "uv_size": [1, 1]},
								"west": {"uv": [6, 18], "uv_size": [2, 1]},
								"up": {"uv": [18, 6], "uv_size": [1, 2]},
								"down": {"uv": [18, 10], "uv_size": [1, -2]}
							}
						},
						{
							"origin": [-0.18101, 2.24933, -1.25076],
							"size": [0.75747, 0.65747, 0.77242],
							"pivot": [0.89298, 2.00372, -0.8161],
							"rotation": [31.99194, -1.68125, 5.08787],
							"uv": {
								"north": {"uv": [23, 6], "uv_size": [1, 1]},
								"east": {"uv": [9, 11], "uv_size": [2, 2]},
								"south": {"uv": [23, 7], "uv_size": [1, 1]},
								"west": {"uv": [9, 0], "uv_size": [3, 1]},
								"up": {"uv": [10, 0], "uv_size": [2, 1]},
								"down": {"uv": [9, 24], "uv_size": [1, -1]}
							}
						},
						{
							"origin": [-0.18101, 2.35006, -1.93768],
							"size": [0.35747, 0.15747, 0.57242],
							"pivot": [0.89298, 2.00372, -0.8161],
							"rotation": [3, 1.5, 0],
							"uv": {
								"north": {"uv": [21, 17], "uv_size": [1, 1]},
								"east": {"uv": [15, 19], "uv_size": [2, 1]},
								"south": {"uv": [21, 18], "uv_size": [1, 1]},
								"west": {"uv": [19, 21], "uv_size": [1, 1]},
								"up": {"uv": [21, 19], "uv_size": [1, 1]},
								"down": {"uv": [20, 22], "uv_size": [1, -1]}
							}
						},
						{
							"origin": [-0.42443, 2.80405, -1.33944],
							"size": [0.3, 0.15747, 0.57242],
							"pivot": [0.89298, 2.00372, -0.9161],
							"rotation": [29.3843, -16.97399, -10.23561],
							"uv": {
								"north": {"uv": [21, 14], "uv_size": [1, 1]},
								"east": {"uv": [15, 19], "uv_size": [2, 1]},
								"south": {"uv": [21, 15], "uv_size": [1, 1]},
								"west": {"uv": [9, 11], "uv_size": [1, 2]},
								"up": {"uv": [9, 10], "uv_size": [1, 4]},
								"down": {"uv": [9, 13], "uv_size": [2, -2]}
							}
						}
					]
				},
				{
					"name": "head2",
					"parent": "jaws",
					"pivot": [0.05, 2.33128, -1.18139],
					"rotation": [43, 0, 0]
				},
				{
					"name": "jaws2",
					"parent": "head2",
					"pivot": [0.8, 1.8, -0.3],
					"rotation": [21.85151, -2.61664, 6.49481]
				},
				{
					"name": "head7",
					"parent": "frontbody",
					"pivot": [0.05, 2.33128, -1.18139],
					"rotation": [43, 0, 0]
				},
				{
					"name": "jaws7",
					"parent": "head7",
					"pivot": [0.9, 1.8, -0.3],
					"rotation": [21.85151, -2.61664, 6.49481],
					"cubes": [
						{
							"origin": [-0.17646, 2.35006, -1.93768],
							"size": [0.35747, 0.15747, 0.57242],
							"pivot": [-0.89298, 2.00372, -0.8161],
							"rotation": [3, -1.5, 0],
							"uv": {
								"north": {"uv": [22, 17], "uv_size": [-1, 1]},
								"east": {"uv": [20, 21], "uv_size": [-1, 1]},
								"south": {"uv": [22, 18], "uv_size": [-1, 1]},
								"west": {"uv": [17, 19], "uv_size": [-2, 1]},
								"up": {"uv": [22, 19], "uv_size": [-1, 1]},
								"down": {"uv": [21, 22], "uv_size": [-1, -1]}
							}
						},
						{
							"origin": [0.12443, 2.80405, -1.33944],
							"size": [0.3, 0.15747, 0.57242],
							"pivot": [-0.89298, 2.00372, -0.9161],
							"rotation": [29.3843, 16.97399, 10.23561],
							"uv": {
								"north": {"uv": [22, 14], "uv_size": [-1, 1]},
								"east": {"uv": [10, 11], "uv_size": [-1, 2]},
								"south": {"uv": [22, 15], "uv_size": [-1, 1]},
								"west": {"uv": [17, 19], "uv_size": [-2, 1]},
								"up": {"uv": [10, 10], "uv_size": [-1, 4]},
								"down": {"uv": [11, 13], "uv_size": [-2, -2]}
							}
						}
					]
				},
				{
					"name": "wings",
					"parent": "frontbody",
					"pivot": [0, 0, 0]
				},
				{
					"name": "wingr",
					"parent": "wings",
					"pivot": [-0.04642, 3.30848, 0.82342],
					"cubes": [
						{
							"origin": [-7.1338, 3.23825, -0.30898],
							"size": [6.8, 0.1, 1.4],
							"pivot": [-0.04642, 3.30848, 0.62342],
							"rotation": [41.49805, 28.51862, 23.89828],
							"uv": {
								"north": {"uv": [24, 0], "uv_size": [-7, 1]},
								"east": {"uv": [24, 0], "uv_size": [-2, 1]},
								"south": {"uv": [24, 0], "uv_size": [-7, 1]},
								"west": {"uv": [9, 22], "uv_size": [-1, 1]},
								"up": {"uv": [24, 0], "uv_size": [-7, 2]},
								"down": {"uv": [24, 2], "uv_size": [-7, -2]}
							}
						}
					]
				},
				{
					"name": "wingl",
					"parent": "wings",
					"pivot": [0.04642, 3.30848, 0.82342],
					"cubes": [
						{
							"origin": [0.3338, 3.23825, -0.30898],
							"size": [6.8, 0.1, 1.4],
							"pivot": [0.04642, 3.30848, 0.62342],
							"rotation": [41.49805, -28.51862, -23.89828],
							"uv": {
								"north": {"uv": [17, 0], "uv_size": [7, 1]},
								"east": {"uv": [8, 22], "uv_size": [1, 1]},
								"south": {"uv": [17, 0], "uv_size": [7, 1]},
								"west": {"uv": [22, 0], "uv_size": [2, 1]},
								"up": {"uv": [17, 0], "uv_size": [7, 2]},
								"down": {"uv": [17, 2], "uv_size": [7, -2]}
							}
						}
					]
				},
				{
					"name": "head6",
					"parent": "frontbody",
					"pivot": [0.05, 2.33128, -1.18139],
					"rotation": [43, 0, 0]
				},
				{
					"name": "jaws6",
					"parent": "head6",
					"pivot": [0.9, 1.8, -0.3],
					"rotation": [21.85151, -2.61664, 6.49481],
					"cubes": [
						{
							"origin": [-0.57646, 2.24933, -1.25076],
							"size": [0.75747, 0.65747, 0.77242],
							"pivot": [-0.89298, 2.00372, -0.8161],
							"rotation": [31.99194, 1.68125, -5.08787],
							"uv": {
								"north": {"uv": [24, 6], "uv_size": [-1, 1]},
								"east": {"uv": [12, 0], "uv_size": [-3, 1]},
								"south": {"uv": [24, 7], "uv_size": [-1, 1]},
								"west": {"uv": [11, 11], "uv_size": [-2, 2]},
								"up": {"uv": [12, 0], "uv_size": [-2, 1]},
								"down": {"uv": [10, 24], "uv_size": [-1, -1]}
							}
						}
					]
				},
				{
					"name": "head3",
					"parent": "frontbody",
					"pivot": [0.05, 2.33128, -1.18139],
					"rotation": [43, 0, 0]
				},
				{
					"name": "jaws3",
					"parent": "head3",
					"pivot": [0.9, 1.8, -0.3],
					"rotation": [21.85151, -2.61664, 6.49481],
					"cubes": [
						{
							"origin": [0.33965, 3.49667, -2.99796],
							"size": [0.1, 0.06, 2],
							"pivot": [0.80326, 2.77395, -0.95231],
							"rotation": [-110.59473, -20.08731, 32.86787],
							"uv": {
								"north": {"uv": [9, 21], "uv_size": [-1, 1]},
								"east": {"uv": [8, 18], "uv_size": [-2, 1]},
								"south": {"uv": [22, 8], "uv_size": [-1, 1]},
								"west": {"uv": [20, 5], "uv_size": [-2, 1]},
								"up": {"uv": [19, 6], "uv_size": [-1, 2]},
								"down": {"uv": [19, 10], "uv_size": [-1, -2]}
							}
						}
					]
				}
			]
		}
	]
}