{
	"format_version": "1.12.0",
	"minecraft:geometry": [
		{
			"description": {
				"identifier": "geometry.longlegs",
				"texture_width": 32,
				"texture_height": 32,
				"visible_bounds_width": 4,
				"visible_bounds_height": 2.5,
				"visible_bounds_offset": [0, 0.75, 0]
			},
			"bones": [
				{
					"name": "longlegs",
					"pivot": [0, -0.7, 0]
				},
				{
					"name": "face",
					"parent": "longlegs",
					"pivot": [0, -1.8, -1.9],
					"cubes": [
						{
							"origin": [0.05, 2.7, -0.25],
							"size": [0.1, 0.1, 0.1],
							"uv": {
								"north": {"uv": [23, 13], "uv_size": [1, 1]},
								"east": {"uv": [14, 23], "uv_size": [1, 1]},
								"south": {"uv": [23, 14], "uv_size": [1, 1]},
								"west": {"uv": [15, 23], "uv_size": [1, 1]},
								"up": {"uv": [23, 15], "uv_size": [1, 1]},
								"down": {"uv": [16, 24], "uv_size": [1, -1]}
							}
						},
						{
							"origin": [-0.15, 2.7, -0.25],
							"size": [0.1, 0.1, 0.1],
							"uv": {
								"north": {"uv": [23, 16], "uv_size": [1, 1]},
								"east": {"uv": [17, 23], "uv_size": [1, 1]},
								"south": {"uv": [23, 17], "uv_size": [1, 1]},
								"west": {"uv": [18, 23], "uv_size": [1, 1]},
								"up": {"uv": [23, 18], "uv_size": [1, 1]},
								"down": {"uv": [19, 24], "uv_size": [1, -1]}
							}
						}
					]
				},
				{
					"name": "petapalps",
					"parent": "face",
					"pivot": [-0.9, -2.5, -3],
					"cubes": [
						{
							"origin": [0.01946, 2.27292, -0.4054],
							"size": [0.05747, 0.15747, 0.07242],
							"pivot": [0.0982, 2.35165, -0.31919],
							"rotation": [-20.34783, 1.89955, -3.82551],
							"uv": {
								"north": {"uv": [23, 10], "uv_size": [1, 1]},
								"east": {"uv": [11, 23], "uv_size": [1, 1]},
								"south": {"uv": [23, 11], "uv_size": [1, 1]},
								"west": {"uv": [12, 23], "uv_size": [1, 1]},
								"up": {"uv": [23, 12], "uv_size": [1, 1]},
								"down": {"uv": [13, 24], "uv_size": [1, -1]}
							}
						},
						{
							"origin": [-0.08054, 2.27292, -0.4054],
							"size": [0.05747, 0.15747, 0.07242],
							"pivot": [0.0982, 2.35165, -0.31919],
							"rotation": [-13.05864, 1.77414, 5.17826],
							"uv": {
								"north": {"uv": [23, 19], "uv_size": [1, 1]},
								"east": {"uv": [20, 23], "uv_size": [1, 1]},
								"south": {"uv": [23, 20], "uv_size": [1, 1]},
								"west": {"uv": [21, 23], "uv_size": [1, 1]},
								"up": {"uv": [23, 21], "uv_size": [1, 1]},
								"down": {"uv": [22, 24], "uv_size": [1, -1]}
							}
						}
					]
				},
				{
					"name": "frontbody",
					"parent": "petapalps",
					"pivot": [0, -4.3, 0.5],
					"cubes": [
						{
							"origin": [-0.4, 2.315, -0.4],
							"size": [0.8, 0.46, 0.5],
							"pivot": [0, 2.495, -0.15],
							"rotation": [-57, 0, 0],
							"uv": {
								"north": {"uv": [21, 17], "uv_size": [1, 1]},
								"east": {"uv": [21, 21], "uv_size": [1, 1]},
								"south": {"uv": [0, 22], "uv_size": [1, 1]},
								"west": {"uv": [1, 22], "uv_size": [1, 1]},
								"up": {"uv": [2, 22], "uv_size": [1, 1]},
								"down": {"uv": [3, 23], "uv_size": [1, -1]}
							}
						}
					]
				},
				{
					"name": "mainabdomen",
					"parent": "frontbody",
					"pivot": [-0.05, -1.61987, 1.83025],
					"cubes": [
						{
							"origin": [-0.65, 2.06821, 0.1929],
							"size": [1.3, 0.875, 1.5],
							"pivot": [0, -0.94429, 1.1429],
							"rotation": [-1, 0, 0],
							"uv": {
								"north": {"uv": [23, 4], "uv_size": [1, 1]},
								"east": {"uv": [5, 23], "uv_size": [1, 1]},
								"south": {"uv": [23, 5], "uv_size": [1, 1]},
								"west": {"uv": [6, 23], "uv_size": [1, 1]},
								"up": {"uv": [23, 6], "uv_size": [1, 1]},
								"down": {"uv": [7, 24], "uv_size": [1, -1]}
							}
						},
						{
							"origin": [-0.35, 2.17116, 0.35489],
							"size": [0.7, 0.875, 1.3],
							"pivot": [0, 2.60866, 1.00489],
							"rotation": [0, 1, 90],
							"uv": {
								"north": {"uv": [23, 4], "uv_size": [1, 1]},
								"east": {"uv": [5, 23], "uv_size": [1, 1]},
								"south": {"uv": [23, 5], "uv_size": [1, 1]},
								"west": {"uv": [6, 23], "uv_size": [1, 1]},
								"up": {"uv": [23, 6], "uv_size": [1, 1]},
								"down": {"uv": [7, 24], "uv_size": [1, -1]}
							}
						},
						{
							"origin": [-0.55, 2.18433, -0.10184],
							"size": [1.1, 0.675, 1.9],
							"uv": {
								"north": {"uv": [23, 7], "uv_size": [1, 1]},
								"east": {"uv": [15, 21], "uv_size": [2, 1]},
								"south": {"uv": [8, 23], "uv_size": [1, 1]},
								"west": {"uv": [17, 21], "uv_size": [2, 1]},
								"up": {"uv": [19, 21], "uv_size": [1, 2]},
								"down": {"uv": [20, 23], "uv_size": [1, -2]}
							}
						},
						{
							"origin": [-0.55, 1.88433, 1.59816],
							"size": [1.1, 0.675, 0.6],
							"pivot": [0, 2.57183, 2.29816],
							"rotation": [-36, 0, 0],
							"uv": {
								"north": {"uv": [23, 22], "uv_size": [1, 1]},
								"east": {"uv": [23, 23], "uv_size": [1, 1]},
								"south": {"uv": [0, 24], "uv_size": [1, 1]},
								"west": {"uv": [24, 0], "uv_size": [1, 1]},
								"up": {"uv": [1, 24], "uv_size": [1, 1]},
								"down": {"uv": [24, 2], "uv_size": [1, -1]}
							}
						}
					]
				},
				{
					"name": "L4",
					"parent": "longlegs",
					"pivot": [1.4, 0.7, 1],
					"rotation": [-10.18169, -6.28178, 11.75547],
					"cubes": [
						{
							"origin": [-0.50616, 4.78465, 2.1188],
							"size": [6.6, 0.075, 0.1],
							"pivot": [1.79384, 3.62215, 2.9688],
							"rotation": [14.30837, -16.14215, -64.38298],
							"uv": {
								"north": {"uv": [0, 4], "uv_size": [7, 1]},
								"east": {"uv": [4, 22], "uv_size": [1, 1]},
								"south": {"uv": [0, 5], "uv_size": [7, 1]},
								"west": {"uv": [5, 22], "uv_size": [1, 1]},
								"up": {"uv": [0, 6], "uv_size": [7, 1]},
								"down": {"uv": [0, 8], "uv_size": [7, -1]}
							}
						},
						{
							"origin": [2.24071, 7.9274, 4.4087],
							"size": [3.7, 0.075, 0.1],
							"pivot": [3.99071, 8.2649, 4.4587],
							"rotation": [2.07005, -50.82016, 5.05057],
							"uv": {
								"north": {"uv": [15, 19], "uv_size": [4, 1]},
								"east": {"uv": [6, 22], "uv_size": [1, 1]},
								"south": {"uv": [19, 19], "uv_size": [4, 1]},
								"west": {"uv": [7, 22], "uv_size": [1, 1]},
								"up": {"uv": [0, 20], "uv_size": [4, 1]},
								"down": {"uv": [4, 21], "uv_size": [4, -1]}
							}
						},
						{
							"origin": [5.81964, 8.04866, 6.01241],
							"size": [7.2, 0.075, 0.1],
							"pivot": [5.26964, 8.58616, 5.96241],
							"rotation": [-36.89814, -27.06138, 59.57684],
							"uv": {
								"north": {"uv": [0, 8], "uv_size": [7, 1]},
								"east": {"uv": [2, 24], "uv_size": [1, 1]},
								"south": {"uv": [8, 0], "uv_size": [7, 1]},
								"west": {"uv": [24, 2], "uv_size": [1, 1]},
								"up": {"uv": [8, 1], "uv_size": [7, 1]},
								"down": {"uv": [8, 3], "uv_size": [7, -1]}
							}
						}
					]
				},
				{
					"name": "L3",
					"parent": "longlegs",
					"pivot": [1.2, 0.7, 0.3],
					"cubes": [
						{
							"origin": [4.31456, 6.36873, 2.35735],
							"size": [2.1, 0.1, 0.1],
							"pivot": [5.16456, 6.51873, 2.30735],
							"rotation": [3.30948, -11.75284, -6.70995],
							"uv": {
								"north": {"uv": [21, 0], "uv_size": [2, 1]},
								"east": {"uv": [8, 22], "uv_size": [1, 1]},
								"south": {"uv": [21, 1], "uv_size": [2, 1]},
								"west": {"uv": [9, 22], "uv_size": [1, 1]},
								"up": {"uv": [21, 2], "uv_size": [2, 1]},
								"down": {"uv": [3, 22], "uv_size": [2, -1]}
							}
						},
						{
							"origin": [6.40648, 6.50357, 2.62502],
							"size": [7.2, 0.1, 0.1],
							"pivot": [6.35648, 6.55357, 2.47502],
							"rotation": [-6.58555, -5.25246, 68.04714],
							"uv": {
								"north": {"uv": [0, 10], "uv_size": [7, 1]},
								"east": {"uv": [4, 24], "uv_size": [1, 1]},
								"south": {"uv": [7, 10], "uv_size": [7, 1]},
								"west": {"uv": [24, 4], "uv_size": [1, 1]},
								"up": {"uv": [0, 11], "uv_size": [7, 1]},
								"down": {"uv": [7, 12], "uv_size": [7, -1]}
							}
						},
						{
							"origin": [-0.15154, 3.32865, 1.44874],
							"size": [5.9, 0.075, 0.1],
							"pivot": [1.34846, 3.16615, 1.39874],
							"rotation": [8.85237, -10.00479, -43.72835],
							"uv": {
								"north": {"uv": [14, 14], "uv_size": [6, 1]},
								"east": {"uv": [10, 22], "uv_size": [1, 1]},
								"south": {"uv": [0, 15], "uv_size": [6, 1]},
								"west": {"uv": [11, 22], "uv_size": [1, 1]},
								"up": {"uv": [15, 0], "uv_size": [6, 1]},
								"down": {"uv": [15, 2], "uv_size": [6, -1]}
							}
						}
					]
				},
				{
					"name": "R3",
					"parent": "longlegs",
					"pivot": [-1.4, 0.7, 0.1],
					"cubes": [
						{
							"origin": [-4.81593, 3.27364, 1.40387],
							"size": [5.1, 0.075, 0.1],
							"pivot": [-0.76593, 3.71114, 1.65387],
							"rotation": [9.60751, 9.28263, 48.23376],
							"uv": {
								"north": {"uv": [6, 17], "uv_size": [5, 1]},
								"east": {"uv": [12, 22], "uv_size": [1, 1]},
								"south": {"uv": [11, 17], "uv_size": [5, 1]},
								"west": {"uv": [13, 22], "uv_size": [1, 1]},
								"up": {"uv": [16, 17], "uv_size": [5, 1]},
								"down": {"uv": [0, 19], "uv_size": [5, -1]}
							}
						},
						{
							"origin": [-5.54364, 6.51372, 2.2834],
							"size": [1.7, 0.075, 0.1],
							"pivot": [-4.49364, 5.45122, 2.1334],
							"rotation": [1.43762, 12.41836, 6.65642],
							"uv": {
								"north": {"uv": [21, 3], "uv_size": [2, 1]},
								"east": {"uv": [14, 22], "uv_size": [1, 1]},
								"south": {"uv": [21, 4], "uv_size": [2, 1]},
								"west": {"uv": [15, 22], "uv_size": [1, 1]},
								"up": {"uv": [5, 21], "uv_size": [2, 1]},
								"down": {"uv": [21, 6], "uv_size": [2, -1]}
							}
						},
						{
							"origin": [-13.03429, 6.82924, 2.48328],
							"size": [7.4, 0.075, 0.1],
							"pivot": [-5.38429, 6.96674, 2.43328],
							"rotation": [-11.73104, 4.34712, -69.9468],
							"uv": {
								"north": {"uv": [0, 12], "uv_size": [7, 1]},
								"east": {"uv": [5, 24], "uv_size": [1, 1]},
								"south": {"uv": [7, 12], "uv_size": [7, 1]},
								"west": {"uv": [24, 5], "uv_size": [1, 1]},
								"up": {"uv": [0, 13], "uv_size": [7, 1]},
								"down": {"uv": [7, 14], "uv_size": [7, -1]}
							}
						}
					]
				},
				{
					"name": "L2",
					"parent": "longlegs",
					"pivot": [1.1, 0.7, -0.8],
					"rotation": [0, 5, 0],
					"cubes": [
						{
							"origin": [4.55, 2.00393, 0.49838],
							"size": [5.5, 0.075, 0.1],
							"pivot": [1.7, -2.29607, -0.45162],
							"rotation": [-10.79643, 7.86337, -56.19618],
							"uv": {
								"north": {"uv": [5, 18], "uv_size": [5, 1]},
								"east": {"uv": [16, 22], "uv_size": [1, 1]},
								"south": {"uv": [10, 18], "uv_size": [5, 1]},
								"west": {"uv": [17, 22], "uv_size": [1, 1]},
								"up": {"uv": [15, 18], "uv_size": [5, 1]},
								"down": {"uv": [18, 16], "uv_size": [5, -1]}
							}
						},
						{
							"origin": [1.32891, 6.44118, -0.32474],
							"size": [2.6, 0.1, 0.1],
							"pivot": [4.92891, 0.10368, -1.47474],
							"rotation": [2.53076, 12.24512, 11.77151],
							"uv": {
								"north": {"uv": [8, 20], "uv_size": [3, 1]},
								"east": {"uv": [22, 17], "uv_size": [1, 1]},
								"south": {"uv": [11, 20], "uv_size": [3, 1]},
								"west": {"uv": [18, 22], "uv_size": [1, 1]},
								"up": {"uv": [14, 20], "uv_size": [3, 1]},
								"down": {"uv": [20, 15], "uv_size": [3, -1]}
							}
						},
						{
							"origin": [5.7449, 5.77276, -0.56518],
							"size": [7.2, 0.1, 0.1],
							"pivot": [6.1449, 6.42276, -0.51518],
							"rotation": [11.83872, 4.04074, 71.41912],
							"uv": {
								"north": {"uv": [0, 14], "uv_size": [7, 1]},
								"east": {"uv": [6, 24], "uv_size": [1, 1]},
								"south": {"uv": [14, 4], "uv_size": [7, 1]},
								"west": {"uv": [24, 6], "uv_size": [1, 1]},
								"up": {"uv": [14, 5], "uv_size": [7, 1]},
								"down": {"uv": [14, 7], "uv_size": [7, -1]}
							}
						}
					]
				},
				{
					"name": "R2",
					"parent": "longlegs",
					"pivot": [-1.2, 0.7, -0.8],
					"rotation": [0, -4, 0],
					"cubes": [
						{
							"origin": [-5.49552, 4.17856, 0.38832],
							"size": [5.8, 0.075, 0.1],
							"pivot": [-1.54552, 3.81606, 0.43832],
							"rotation": [-9.92371, -8.94335, 50.22998],
							"uv": {
								"north": {"uv": [15, 2], "uv_size": [6, 1]},
								"east": {"uv": [21, 22], "uv_size": [1, 1]},
								"south": {"uv": [15, 3], "uv_size": [6, 1]},
								"west": {"uv": [22, 21], "uv_size": [1, 1]},
								"up": {"uv": [6, 15], "uv_size": [6, 1]},
								"down": {"uv": [12, 16], "uv_size": [6, -1]}
							}
						},
						{
							"origin": [-5.51158, 6.15828, -0.56661],
							"size": [2.2, 0.075, 0.1],
							"pivot": [-5.46158, 6.19578, -1.51661],
							"rotation": [5.05184, -11.44856, -24.00673],
							"uv": {
								"north": {"uv": [21, 6], "uv_size": [2, 1]},
								"east": {"uv": [22, 22], "uv_size": [1, 1]},
								"south": {"uv": [7, 21], "uv_size": [2, 1]},
								"west": {"uv": [0, 23], "uv_size": [1, 1]},
								"up": {"uv": [21, 7], "uv_size": [2, 1]},
								"down": {"uv": [21, 9], "uv_size": [2, -1]}
							}
						},
						{
							"origin": [-12.31158, 6.15828, -0.56661],
							"size": [6.9, 0.075, 0.1],
							"pivot": [-5.46158, 6.19578, -1.51661],
							"rotation": [11.80371, -4.14317, -70.92847],
							"uv": {
								"north": {"uv": [7, 14], "uv_size": [7, 1]},
								"east": {"uv": [7, 24], "uv_size": [1, 1]},
								"south": {"uv": [14, 7], "uv_size": [7, 1]},
								"west": {"uv": [24, 7], "uv_size": [1, 1]},
								"up": {"uv": [14, 8], "uv_size": [7, 1]},
								"down": {"uv": [14, 10], "uv_size": [7, -1]}
							}
						}
					]
				},
				{
					"name": "L1",
					"parent": "longlegs",
					"pivot": [1.2, 0.7, -1.6],
					"cubes": [
						{
							"origin": [-0.06587, 4.09776, -0.63127],
							"size": [5.4, 0.1, 0.1],
							"pivot": [1.13413, 3.54776, -0.68127],
							"rotation": [-44.28598, 25.80133, -72.34364],
							"uv": {
								"north": {"uv": [18, 16], "uv_size": [5, 1]},
								"east": {"uv": [23, 0], "uv_size": [1, 1]},
								"south": {"uv": [0, 19], "uv_size": [5, 1]},
								"west": {"uv": [1, 23], "uv_size": [1, 1]},
								"up": {"uv": [5, 19], "uv_size": [5, 1]},
								"down": {"uv": [10, 20], "uv_size": [5, -1]}
							}
						},
						{
							"origin": [0.91308, 7.41596, -2.99642],
							"size": [2.2, 0.1, 0.1],
							"pivot": [2.36308, 5.96596, -3.74642],
							"rotation": [-4.85858, 48.87903, -5.40352],
							"uv": {
								"north": {"uv": [9, 21], "uv_size": [2, 1]},
								"east": {"uv": [23, 1], "uv_size": [1, 1]},
								"south": {"uv": [21, 9], "uv_size": [2, 1]},
								"west": {"uv": [2, 23], "uv_size": [1, 1]},
								"up": {"uv": [21, 10], "uv_size": [2, 1]},
								"down": {"uv": [11, 22], "uv_size": [2, -1]}
							}
						},
						{
							"origin": [2.72579, 7.45348, -3.4171],
							"size": [8, 0.1, 0.1],
							"pivot": [2.72579, 7.50348, -4.1671],
							"rotation": [49.1895, 15.88617, 77.54619],
							"uv": {
								"north": {"uv": [0, 0], "uv_size": [8, 1]},
								"east": {"uv": [8, 24], "uv_size": [1, 1]},
								"south": {"uv": [0, 1], "uv_size": [8, 1]},
								"west": {"uv": [24, 8], "uv_size": [1, 1]},
								"up": {"uv": [0, 2], "uv_size": [8, 1]},
								"down": {"uv": [0, 4], "uv_size": [8, -1]}
							}
						}
					]
				},
				{
					"name": "R1",
					"parent": "longlegs",
					"pivot": [-1.2, 0.7, -1.7],
					"cubes": [
						{
							"origin": [-4.25074, 4.92109, -1.17923],
							"size": [6, 0.075, 0.1],
							"pivot": [-1.35074, 4.70859, -1.52923],
							"rotation": [-39.227, -31.7307, 64.7812],
							"uv": {
								"north": {"uv": [0, 16], "uv_size": [6, 1]},
								"east": {"uv": [23, 2], "uv_size": [1, 1]},
								"south": {"uv": [6, 16], "uv_size": [6, 1]},
								"west": {"uv": [3, 23], "uv_size": [1, 1]},
								"up": {"uv": [12, 16], "uv_size": [6, 1]},
								"down": {"uv": [0, 18], "uv_size": [6, -1]}
							}
						},
						{
							"origin": [-3.6112, 6.97328, -3.10604],
							"size": [2.1, 0.075, 0.1],
							"pivot": [-2.4612, 6.61078, -3.95604],
							"rotation": [4.80159, -50.88994, -7.02329],
							"uv": {
								"north": {"uv": [21, 11], "uv_size": [2, 1]},
								"east": {"uv": [23, 3], "uv_size": [1, 1]},
								"south": {"uv": [21, 12], "uv_size": [2, 1]},
								"west": {"uv": [4, 23], "uv_size": [1, 1]},
								"up": {"uv": [13, 21], "uv_size": [2, 1]},
								"down": {"uv": [21, 14], "uv_size": [2, -1]}
							}
						},
						{
							"origin": [-10.76321, 6.87836, -4.09543],
							"size": [7.5, 0.075, 0.1],
							"pivot": [-3.31321, 6.91586, -4.84543],
							"rotation": [50.06462, -11.69456, -81.21383],
							"uv": {
								"north": {"uv": [14, 10], "uv_size": [7, 1]},
								"east": {"uv": [9, 24], "uv_size": [1, 1]},
								"south": {"uv": [14, 11], "uv_size": [7, 1]},
								"west": {"uv": [24, 9], "uv_size": [1, 1]},
								"up": {"uv": [14, 12], "uv_size": [7, 1]},
								"down": {"uv": [14, 14], "uv_size": [7, -1]}
							}
						}
					]
				},
				{
					"name": "R4",
					"parent": "longlegs",
					"pivot": [-1.5, 0.4, 0.8],
					"rotation": [-0.21865, 4.99523, -2.50954],
					"cubes": [
						{
							"origin": [-6.30904, 3.79598, 2.46691],
							"size": [7.2, 0.075, 0.1],
							"pivot": [-1.50904, 3.33348, 3.21691],
							"rotation": [-0.53066, 32.89965, 55.99518],
							"uv": {
								"north": {"uv": [7, 4], "uv_size": [7, 1]},
								"east": {"uv": [23, 8], "uv_size": [1, 1]},
								"south": {"uv": [7, 5], "uv_size": [7, 1]},
								"west": {"uv": [9, 23], "uv_size": [1, 1]},
								"up": {"uv": [7, 6], "uv_size": [7, 1]},
								"down": {"uv": [7, 8], "uv_size": [7, -1]}
							}
						},
						{
							"origin": [-4.30805, 6.51955, 5.90523],
							"size": [2.7, 0.075, 0.1],
							"pivot": [-4.85805, 0.05705, 5.05523],
							"rotation": [-26.39941, 46.66936, -31.58532],
							"uv": {
								"north": {"uv": [17, 20], "uv_size": [3, 1]},
								"east": {"uv": [23, 9], "uv_size": [1, 1]},
								"south": {"uv": [20, 18], "uv_size": [3, 1]},
								"west": {"uv": [10, 23], "uv_size": [1, 1]},
								"up": {"uv": [20, 20], "uv_size": [3, 1]},
								"down": {"uv": [0, 22], "uv_size": [3, -1]}
							}
						},
						{
							"origin": [-12.06388, 6.20154, 7.24478],
							"size": [6.9, 0.075, 0.1],
							"pivot": [-5.16388, 6.33904, 7.29478],
							"rotation": [-50.40624, 20.44778, -74.58274],
							"uv": {
								"north": {"uv": [8, 3], "uv_size": [7, 1]},
								"east": {"uv": [3, 24], "uv_size": [1, 1]},
								"south": {"uv": [7, 8], "uv_size": [7, 1]},
								"west": {"uv": [24, 3], "uv_size": [1, 1]},
								"up": {"uv": [0, 9], "uv_size": [7, 1]},
								"down": {"uv": [7, 10], "uv_size": [7, -1]}
							}
						}
					]
				}
			]
		}
	]
}