{
	"format_version": "1.12.0",
	"minecraft:geometry": [
		{
			"description": {
				"identifier": "geometry.maggot",
				"texture_width": 16,
				"texture_height": 16,
				"visible_bounds_width": 2,
				"visible_bounds_height": 1.5,
				"visible_bounds_offset": [0, 0.25, 0]
			},
			"bones": [
				{
					"name": "MaggotFull",
					"pivot": [0, 0, 0],
					"rotation": [0, 90, 0]
				},
				{
					"name": "FrontSegment",
					"parent": "MaggotFull",
					"pivot": [0.1, 0, 0],
					"cubes": [
						{"origin": [4, 0.1, -0.5], "size": [0.4, 1.1, 0.9], "uv": [0, 0]},
						{"origin": [4.4, 0.3, -0.3], "size": [0.2, 0.6, 0.5], "uv": [0, 0]},
						{"origin": [3.3, 0, -0.7], "size": [0.7, 1.4, 1.4], "uv": [2, 4]}
					]
				},
				{
					"name": "MidFrontSegment",
					"parent": "MaggotFull",
					"pivot": [0, 0, 0],
					"cubes": [
						{"origin": [-0.3, 0, -1], "size": [1.3, 1.7, 2], "uv": [4, 3]},
						{"origin": [2.2, 0, -0.9], "size": [1, 1.6, 1.8], "uv": [0, 5]},
						{"origin": [1.1, 0, -1], "size": [1, 1.7, 2], "uv": [0, 2]}
					]
				},
				{
					"name": "MidBackSegment",
					"parent": "MaggotFull",
					"pivot": [-0.1, 0, 0],
					"cubes": [
						{"origin": [-1.5, 0, -0.9], "size": [1.1, 1.6, 1.8], "uv": [0, 7]},
						{"origin": [-2.7, 0, -0.8], "size": [1.1, 1.5, 1.6], "uv": [3, 6]},
						{"origin": [-3.5, 0, -0.7], "size": [0.8, 1.4, 1.4], "uv": [4, 1]}
					]
				},
				{
					"name": "BackSegment",
					"parent": "MaggotFull",
					"pivot": [-4.5375, 0.575, 0],
					"cubes": [
						{"origin": [-4.7, 0.2, -0.3], "size": [0.5, 0.8, 0.6], "uv": [0, 0]},
						{"origin": [-4.2, 0.1, -0.5], "size": [0.6, 1.2, 1], "uv": [0, 1]},
						{"origin": [-4.9, 0.3, -0.2], "size": [0.2, 0.4, 0.4], "uv": [0, 0]},
						{"origin": [-5.1, 0.4, -0.1], "size": [0.2, 0.2, 0.2], "uv": [0, 0]}
					]
				},
				{
					"name": "InnerSegment",
					"parent": "MaggotFull",
					"pivot": [0.1, 0, 0],
					"cubes": [
						{"origin": [-3.6, 0.2, -0.4], "size": [7, 1, 0.8], "uv": [0, 0]},
						{"origin": [-1.4, 1.2, -0.5], "size": [4.3, 0.3, 1], "uv": [0, 1]}
					]
				}
			]
		}
	]
}