{
	"format_version": "1.12.0",
	"minecraft:geometry": [
		{
			"description": {
				"identifier": "geometry.beetlerhino",
				"texture_width": 64,
				"texture_height": 64,
				"visible_bounds_width": 4,
				"visible_bounds_height": 2.5,
				"visible_bounds_offset": [0, 0.75, 0]
			},
			"bones": [
				{
					"name": "cockroach",
					"pivot": [0, 0, -2.2],
					"rotation": [3, 0, 0]
				},
				{
					"name": "L4",
					"parent": "cockroach",
					"pivot": [1.6, 1.6, 1.4],
					"rotation": [15.17271, 27.00148, 72.57805],
					"cubes": [
						{
							"origin": [0.17011, 3.24986, 2.86151],
							"size": [2.2, 0.375, 0.5],
							"pivot": [2.22011, 2.73736, 3.51151],
							"rotation": [37.68895, -57.82604, -101.02825],
							"uv": {
								"north": {"uv": [29, 10], "uv_size": [2, 1]},
								"east": {"uv": [23, 31], "uv_size": [1, 1]},
								"south": {"uv": [11, 29], "uv_size": [2, 1]},
								"west": {"uv": [31, 23], "uv_size": [1, 1]},
								"up": {"uv": [29, 11], "uv_size": [2, 1]},
								"down": {"uv": [13, 30], "uv_size": [2, -1]}
							}
						},
						{
							"origin": [1.77011, 3.44986, 2.46151],
							"size": [0.1, 0.075, 0.8],
							"pivot": [2.22011, 2.73736, 3.51151],
							"rotation": [23.47006, -35.17313, -81.88848],
							"uv": {
								"north": {"uv": [4, 34], "uv_size": [1, 1]},
								"east": {"uv": [34, 4], "uv_size": [1, 1]},
								"south": {"uv": [5, 34], "uv_size": [1, 1]},
								"west": {"uv": [34, 5], "uv_size": [1, 1]},
								"up": {"uv": [6, 34], "uv_size": [1, 1]},
								"down": {"uv": [34, 7], "uv_size": [1, -1]}
							}
						},
						{
							"origin": [2.97011, 2.74986, 2.76151],
							"size": [0.1, 0.075, 0.7],
							"pivot": [2.22011, 2.73736, 3.51151],
							"rotation": [80.04223, -70.69899, -147.30816],
							"uv": {
								"north": {"uv": [7, 34], "uv_size": [1, 1]},
								"east": {"uv": [34, 7], "uv_size": [1, 1]},
								"south": {"uv": [8, 34], "uv_size": [1, 1]},
								"west": {"uv": [34, 8], "uv_size": [1, 1]},
								"up": {"uv": [9, 34], "uv_size": [1, 1]},
								"down": {"uv": [34, 10], "uv_size": [1, -1]}
							}
						},
						{
							"origin": [1.12182, 3.02328, 3.77619],
							"size": [1.6, 0.375, 0.3],
							"pivot": [2.17182, 3.66078, 3.92619],
							"rotation": [21.93174, -77.82554, -17.99344],
							"uv": {
								"north": {"uv": [29, 13], "uv_size": [2, 1]},
								"east": {"uv": [24, 31], "uv_size": [1, 1]},
								"south": {"uv": [29, 14], "uv_size": [2, 1]},
								"west": {"uv": [25, 31], "uv_size": [1, 1]},
								"up": {"uv": [15, 29], "uv_size": [2, 1]},
								"down": {"uv": [29, 16], "uv_size": [2, -1]}
							}
						},
						{
							"origin": [1.61467, 2.82596, 6.06404],
							"size": [1.3, 0.275, 0.3],
							"pivot": [3.36467, 0.56346, 5.41404],
							"rotation": [-12.25858, -61.39234, 20.02078],
							"uv": {
								"north": {"uv": [19, 32], "uv_size": [1, 1]},
								"east": {"uv": [32, 19], "uv_size": [1, 1]},
								"south": {"uv": [20, 32], "uv_size": [1, 1]},
								"west": {"uv": [32, 20], "uv_size": [1, 1]},
								"up": {"uv": [21, 32], "uv_size": [1, 1]},
								"down": {"uv": [32, 22], "uv_size": [1, -1]}
							}
						},
						{
							"origin": [3.22068, 3.59235, 6.66174],
							"size": [0.8, 0.275, 0.3],
							"pivot": [4.02068, 1.62985, 6.51174],
							"rotation": [34.59336, -37.56317, -46.24946],
							"uv": {
								"north": {"uv": [22, 32], "uv_size": [1, 1]},
								"east": {"uv": [32, 22], "uv_size": [1, 1]},
								"south": {"uv": [23, 32], "uv_size": [1, 1]},
								"west": {"uv": [32, 23], "uv_size": [1, 1]},
								"up": {"uv": [24, 32], "uv_size": [1, 1]},
								"down": {"uv": [32, 25], "uv_size": [1, -1]}
							}
						}
					]
				},
				{
					"name": "L3",
					"parent": "cockroach",
					"pivot": [1.2, 1.4, -1.9],
					"cubes": [
						{
							"origin": [4.12266, 0.79809, -1.17841],
							"size": [2.2, 0.275, 0.2],
							"pivot": [4.67266, 1.58559, -1.12841],
							"rotation": [-8.47415, 18.0308, 54.97822],
							"uv": {
								"north": {"uv": [29, 16], "uv_size": [2, 1]},
								"east": {"uv": [26, 31], "uv_size": [1, 1]},
								"south": {"uv": [17, 29], "uv_size": [2, 1]},
								"west": {"uv": [31, 26], "uv_size": [1, 1]},
								"up": {"uv": [29, 17], "uv_size": [2, 1]},
								"down": {"uv": [29, 19], "uv_size": [2, -1]}
							}
						},
						{
							"origin": [4.97365, -0.09736, -1.62383],
							"size": [0.8, 0.175, 0.3],
							"pivot": [5.37365, -0.10986, -1.77383],
							"rotation": [-20.03721, -25.18954, 24.98668],
							"uv": {
								"north": {"uv": [16, 32], "uv_size": [1, 1]},
								"east": {"uv": [32, 16], "uv_size": [1, 1]},
								"south": {"uv": [17, 32], "uv_size": [1, 1]},
								"west": {"uv": [32, 17], "uv_size": [1, 1]},
								"up": {"uv": [18, 32], "uv_size": [1, 1]},
								"down": {"uv": [32, 19], "uv_size": [1, -1]}
							}
						},
						{
							"origin": [1.02607, 1.36576, -1.58224],
							"size": [2.9, 0.375, 0.4],
							"pivot": [2.47607, 1.95326, -1.33224],
							"rotation": [-1.16156, -21.39214, -7.61801],
							"uv": {
								"north": {"uv": [6, 26], "uv_size": [3, 1]},
								"east": {"uv": [27, 31], "uv_size": [1, 1]},
								"south": {"uv": [9, 26], "uv_size": [3, 1]},
								"west": {"uv": [31, 27], "uv_size": [1, 1]},
								"up": {"uv": [26, 10], "uv_size": [3, 1]},
								"down": {"uv": [26, 12], "uv_size": [3, -1]}
							}
						},
						{
							"origin": [3.22607, 1.56576, -1.78224],
							"size": [0.1, 0.075, 0.7],
							"pivot": [2.47607, 1.95326, -1.33224],
							"rotation": [-1.16156, -21.39214, -7.61801],
							"uv": {
								"north": {"uv": [33, 28], "uv_size": [1, 1]},
								"east": {"uv": [29, 33], "uv_size": [1, 1]},
								"south": {"uv": [33, 29], "uv_size": [1, 1]},
								"west": {"uv": [30, 33], "uv_size": [1, 1]},
								"up": {"uv": [33, 30], "uv_size": [1, 1]},
								"down": {"uv": [31, 34], "uv_size": [1, -1]}
							}
						},
						{
							"origin": [4.10078, 1.0888, -1.4273],
							"size": [0.1, 0.075, 0.5],
							"pivot": [4.15078, 1.1263, -1.1773],
							"rotation": [-1.11763, 14.6012, -8.32351],
							"uv": {
								"north": {"uv": [33, 31], "uv_size": [1, 1]},
								"east": {"uv": [32, 33], "uv_size": [1, 1]},
								"south": {"uv": [33, 32], "uv_size": [1, 1]},
								"west": {"uv": [33, 33], "uv_size": [1, 1]},
								"up": {"uv": [0, 34], "uv_size": [1, 1]},
								"down": {"uv": [34, 1], "uv_size": [1, -1]}
							}
						},
						{
							"origin": [4.50078, 0.4888, -1.5273],
							"size": [0.1, 0.075, 0.5],
							"pivot": [4.15078, 1.1263, -1.1773],
							"rotation": [-1.11763, 14.6012, -8.32351],
							"uv": {
								"north": {"uv": [1, 34], "uv_size": [1, 1]},
								"east": {"uv": [34, 1], "uv_size": [1, 1]},
								"south": {"uv": [2, 34], "uv_size": [1, 1]},
								"west": {"uv": [34, 2], "uv_size": [1, 1]},
								"up": {"uv": [3, 34], "uv_size": [1, 1]},
								"down": {"uv": [34, 4], "uv_size": [1, -1]}
							}
						}
					]
				},
				{
					"name": "R3",
					"parent": "cockroach",
					"pivot": [-1.4, 1.4, -2.1],
					"rotation": [0, 0, -6],
					"cubes": [
						{
							"origin": [-3.79565, 1.69618, -1.42553],
							"size": [2.5, 0.275, 0.4],
							"pivot": [-2.64565, 2.03368, -1.57553],
							"rotation": [2.25662, 28.94575, 15.51948],
							"uv": {
								"north": {"uv": [19, 29], "uv_size": [2, 1]},
								"east": {"uv": [28, 31], "uv_size": [1, 1]},
								"south": {"uv": [29, 19], "uv_size": [2, 1]},
								"west": {"uv": [31, 28], "uv_size": [1, 1]},
								"up": {"uv": [21, 29], "uv_size": [2, 1]},
								"down": {"uv": [29, 23], "uv_size": [2, -1]}
							}
						},
						{
							"origin": [-5.61825, 0.22082, -0.96074],
							"size": [2.2, 0.375, 0.2],
							"pivot": [-5.11825, 1.15832, -0.81074],
							"rotation": [-8.29612, -8.45502, -52.59875],
							"uv": {
								"north": {"uv": [23, 29], "uv_size": [2, 1]},
								"east": {"uv": [29, 31], "uv_size": [1, 1]},
								"south": {"uv": [25, 29], "uv_size": [2, 1]},
								"west": {"uv": [31, 29], "uv_size": [1, 1]},
								"up": {"uv": [29, 26], "uv_size": [2, 1]},
								"down": {"uv": [27, 30], "uv_size": [2, -1]}
							}
						},
						{
							"origin": [-4.11825, 0.42082, -1.16074],
							"size": [0.1, 0.075, 0.6],
							"pivot": [-5.11825, 1.15832, -0.81074],
							"rotation": [-8.29612, -8.45502, -52.59875],
							"uv": {
								"north": {"uv": [33, 4], "uv_size": [1, 1]},
								"east": {"uv": [5, 33], "uv_size": [1, 1]},
								"south": {"uv": [33, 5], "uv_size": [1, 1]},
								"west": {"uv": [6, 33], "uv_size": [1, 1]},
								"up": {"uv": [33, 6], "uv_size": [1, 1]},
								"down": {"uv": [7, 34], "uv_size": [1, -1]}
							}
						},
						{
							"origin": [-4.61825, 0.42082, -1.06074],
							"size": [0.1, 0.075, 0.4],
							"pivot": [-5.11825, 1.15832, -0.81074],
							"rotation": [-8.29612, -8.45502, -52.59875],
							"uv": {
								"north": {"uv": [33, 7], "uv_size": [1, 1]},
								"east": {"uv": [8, 33], "uv_size": [1, 1]},
								"south": {"uv": [33, 8], "uv_size": [1, 1]},
								"west": {"uv": [9, 33], "uv_size": [1, 1]},
								"up": {"uv": [33, 9], "uv_size": [1, 1]},
								"down": {"uv": [10, 34], "uv_size": [1, -1]}
							}
						},
						{
							"origin": [-5.31825, 0.42082, -1.06074],
							"size": [0.1, 0.075, 0.4],
							"pivot": [-5.11825, 1.15832, -0.81074],
							"rotation": [-8.29612, -8.45502, -52.59875],
							"uv": {
								"north": {"uv": [33, 10], "uv_size": [1, 1]},
								"east": {"uv": [11, 33], "uv_size": [1, 1]},
								"south": {"uv": [33, 11], "uv_size": [1, 1]},
								"west": {"uv": [12, 33], "uv_size": [1, 1]},
								"up": {"uv": [33, 12], "uv_size": [1, 1]},
								"down": {"uv": [13, 34], "uv_size": [1, -1]}
							}
						},
						{
							"origin": [-5.71825, 0.22082, -0.96074],
							"size": [0.8, 0.275, 0.3],
							"pivot": [-5.11825, 1.15832, -0.81074],
							"rotation": [-14.3868, 34.54567, -18.55087],
							"uv": {
								"north": {"uv": [28, 32], "uv_size": [1, 1]},
								"east": {"uv": [32, 28], "uv_size": [1, 1]},
								"south": {"uv": [29, 32], "uv_size": [1, 1]},
								"west": {"uv": [32, 29], "uv_size": [1, 1]},
								"up": {"uv": [30, 32], "uv_size": [1, 1]},
								"down": {"uv": [32, 31], "uv_size": [1, -1]}
							}
						}
					]
				},
				{
					"name": "L2",
					"parent": "cockroach",
					"pivot": [2.2, 2.3, -2.1],
					"rotation": [0, 28, 0],
					"cubes": [
						{
							"origin": [2.16739, 1.60856, -2.88902],
							"size": [1.775, 0.375, 0.3],
							"pivot": [3.07323, 1.93956, -2.15095],
							"rotation": [-7.80937, -9.01285, -35.48393],
							"uv": {
								"north": {"uv": [29, 27], "uv_size": [2, 1]},
								"east": {"uv": [30, 31], "uv_size": [1, 1]},
								"south": {"uv": [29, 28], "uv_size": [2, 1]},
								"west": {"uv": [31, 31], "uv_size": [1, 1]},
								"up": {"uv": [29, 29], "uv_size": [2, 1]},
								"down": {"uv": [0, 31], "uv_size": [2, -1]}
							}
						},
						{
							"origin": [3.65828, -0.15782, -3.17715],
							"size": [2.6, 0.275, 0.2],
							"pivot": [6.02891, 0.90368, -2.77474],
							"rotation": [10.29283, 7.13136, 55.6431],
							"uv": {
								"north": {"uv": [17, 26], "uv_size": [3, 1]},
								"east": {"uv": [0, 32], "uv_size": [1, 1]},
								"south": {"uv": [20, 26], "uv_size": [3, 1]},
								"west": {"uv": [32, 0], "uv_size": [1, 1]},
								"up": {"uv": [23, 26], "uv_size": [3, 1]},
								"down": {"uv": [26, 27], "uv_size": [3, -1]}
							}
						},
						{
							"origin": [4.85828, -0.05782, -3.27715],
							"size": [0.1, 0.075, 0.4],
							"pivot": [6.02891, 0.90368, -2.77474],
							"rotation": [10.29283, 7.13136, 55.6431],
							"uv": {
								"north": {"uv": [10, 34], "uv_size": [1, 1]},
								"east": {"uv": [34, 10], "uv_size": [1, 1]},
								"south": {"uv": [11, 34], "uv_size": [1, 1]},
								"west": {"uv": [34, 11], "uv_size": [1, 1]},
								"up": {"uv": [12, 34], "uv_size": [1, 1]},
								"down": {"uv": [34, 13], "uv_size": [1, -1]}
							}
						},
						{
							"origin": [3.85828, -0.05782, -3.27715],
							"size": [0.1, 0.075, 0.4],
							"pivot": [6.02891, 0.90368, -2.77474],
							"rotation": [10.29283, 7.13136, 55.6431],
							"uv": {
								"north": {"uv": [16, 34], "uv_size": [1, 1]},
								"east": {"uv": [34, 16], "uv_size": [1, 1]},
								"south": {"uv": [17, 34], "uv_size": [1, 1]},
								"west": {"uv": [34, 17], "uv_size": [1, 1]},
								"up": {"uv": [18, 34], "uv_size": [1, 1]},
								"down": {"uv": [34, 19], "uv_size": [1, -1]}
							}
						},
						{
							"origin": [5.74079, -0.05782, -3.36225],
							"size": [0.1, 0.075, 0.5],
							"pivot": [6.02891, 0.90368, -2.77474],
							"rotation": [10.44499, 12.04981, 56.55551],
							"uv": {
								"north": {"uv": [13, 34], "uv_size": [1, 1]},
								"east": {"uv": [34, 13], "uv_size": [1, 1]},
								"south": {"uv": [14, 34], "uv_size": [1, 1]},
								"west": {"uv": [34, 14], "uv_size": [1, 1]},
								"up": {"uv": [15, 34], "uv_size": [1, 1]},
								"down": {"uv": [34, 16], "uv_size": [1, -1]}
							}
						},
						{
							"origin": [5.48257, -0.0156, -3.04305],
							"size": [0.8, 0.275, 0.3],
							"pivot": [5.50072, -0.19419, -1.94064],
							"rotation": [2.74714, 12.19908, 12.79362],
							"uv": {
								"north": {"uv": [32, 12], "uv_size": [1, 1]},
								"east": {"uv": [13, 32], "uv_size": [1, 1]},
								"south": {"uv": [14, 32], "uv_size": [1, 1]},
								"west": {"uv": [32, 14], "uv_size": [1, 1]},
								"up": {"uv": [15, 32], "uv_size": [1, 1]},
								"down": {"uv": [32, 16], "uv_size": [1, -1]}
							}
						}
					]
				},
				{
					"name": "R2",
					"parent": "cockroach",
					"pivot": [-2.3, 1.4, -1.7],
					"rotation": [0, -24, 0],
					"cubes": [
						{
							"origin": [-5.74496, 0.72819, -3.24187],
							"size": [1.9, 0.375, 0.3],
							"pivot": [-2.9, -1.6, -1.4],
							"rotation": [-4.4931, 11.01611, 32.8914],
							"uv": {
								"north": {"uv": [2, 30], "uv_size": [2, 1]},
								"east": {"uv": [1, 32], "uv_size": [1, 1]},
								"south": {"uv": [4, 30], "uv_size": [2, 1]},
								"west": {"uv": [2, 32], "uv_size": [1, 1]},
								"up": {"uv": [30, 4], "uv_size": [2, 1]},
								"down": {"uv": [30, 6], "uv_size": [2, -1]}
							}
						},
						{
							"origin": [-3.08114, 1.65688, -2.20751],
							"size": [2.4, 0.275, 0.2],
							"pivot": [-2.9, -1.6, -1.4],
							"rotation": [9.97528, -7.57131, -53.16171],
							"uv": {
								"north": {"uv": [6, 30], "uv_size": [2, 1]},
								"east": {"uv": [3, 32], "uv_size": [1, 1]},
								"south": {"uv": [8, 30], "uv_size": [2, 1]},
								"west": {"uv": [32, 4], "uv_size": [1, 1]},
								"up": {"uv": [10, 30], "uv_size": [2, 1]},
								"down": {"uv": [12, 31], "uv_size": [2, -1]}
							}
						},
						{
							"origin": [-1.78114, 1.75688, -2.30751],
							"size": [0.1, 0.075, 0.4],
							"pivot": [-2.9, -1.6, -1.4],
							"rotation": [9.97528, -7.57131, -53.16171],
							"uv": {
								"north": {"uv": [33, 13], "uv_size": [1, 1]},
								"east": {"uv": [14, 33], "uv_size": [1, 1]},
								"south": {"uv": [33, 14], "uv_size": [1, 1]},
								"west": {"uv": [15, 33], "uv_size": [1, 1]},
								"up": {"uv": [33, 15], "uv_size": [1, 1]},
								"down": {"uv": [16, 34], "uv_size": [1, -1]}
							}
						},
						{
							"origin": [-0.88114, 1.75688, -2.30751],
							"size": [0.1, 0.075, 0.4],
							"pivot": [-2.9, -1.6, -1.4],
							"rotation": [9.97528, -7.57131, -53.16171],
							"uv": {
								"north": {"uv": [33, 16], "uv_size": [1, 1]},
								"east": {"uv": [17, 33], "uv_size": [1, 1]},
								"south": {"uv": [33, 17], "uv_size": [1, 1]},
								"west": {"uv": [18, 33], "uv_size": [1, 1]},
								"up": {"uv": [33, 18], "uv_size": [1, 1]},
								"down": {"uv": [19, 34], "uv_size": [1, -1]}
							}
						},
						{
							"origin": [-2.38114, 1.75688, -2.30751],
							"size": [0.1, 0.075, 0.4],
							"pivot": [-2.9, -1.6, -1.4],
							"rotation": [9.97528, -7.57131, -53.16171],
							"uv": {
								"north": {"uv": [33, 19], "uv_size": [1, 1]},
								"east": {"uv": [20, 33], "uv_size": [1, 1]},
								"south": {"uv": [33, 20], "uv_size": [1, 1]},
								"west": {"uv": [21, 33], "uv_size": [1, 1]},
								"up": {"uv": [33, 21], "uv_size": [1, 1]},
								"down": {"uv": [22, 34], "uv_size": [1, -1]}
							}
						},
						{
							"origin": [-6.28429, 0.01352, -2.86882],
							"size": [0.8, 0.275, 0.3],
							"pivot": [-5.91586, -0.25448, -1.76132],
							"rotation": [2.42224, -12.26673, -11.26033],
							"uv": {
								"north": {"uv": [25, 32], "uv_size": [1, 1]},
								"east": {"uv": [32, 25], "uv_size": [1, 1]},
								"south": {"uv": [26, 32], "uv_size": [1, 1]},
								"west": {"uv": [32, 26], "uv_size": [1, 1]},
								"up": {"uv": [27, 32], "uv_size": [1, 1]},
								"down": {"uv": [32, 28], "uv_size": [1, -1]}
							}
						}
					]
				},
				{
					"name": "R4",
					"parent": "cockroach",
					"pivot": [-2.2, 1.3, 0.8],
					"rotation": [-24.07783, -17.06178, -24.28681],
					"cubes": [
						{
							"origin": [-3.41899, 3.05522, 2.23833],
							"size": [2.7, 0.275, 0.5],
							"pivot": [-3.01899, 2.84272, 2.28833],
							"rotation": [23.88018, 48.69011, 78.21233],
							"uv": {
								"north": {"uv": [27, 5], "uv_size": [3, 1]},
								"east": {"uv": [32, 5], "uv_size": [1, 1]},
								"south": {"uv": [6, 27], "uv_size": [3, 1]},
								"west": {"uv": [32, 6], "uv_size": [1, 1]},
								"up": {"uv": [9, 27], "uv_size": [3, 1]},
								"down": {"uv": [17, 28], "uv_size": [3, -1]}
							}
						},
						{
							"origin": [-4.61899, 3.15522, 1.93833],
							"size": [1.5, 0.275, 0.4],
							"pivot": [-3.01899, 2.84272, 2.28833],
							"rotation": [-88.25999, 56.9785, -20.47279],
							"uv": {
								"north": {"uv": [30, 12], "uv_size": [2, 1]},
								"east": {"uv": [31, 32], "uv_size": [1, 1]},
								"south": {"uv": [14, 30], "uv_size": [2, 1]},
								"west": {"uv": [32, 31], "uv_size": [1, 1]},
								"up": {"uv": [16, 30], "uv_size": [2, 1]},
								"down": {"uv": [18, 31], "uv_size": [2, -1]}
							}
						},
						{
							"origin": [-4.11899, 2.95522, 2.13833],
							"size": [0.1, 0.675, 0.1],
							"pivot": [-3.01899, 2.84272, 2.28833],
							"rotation": [-88.25999, 56.9785, -20.47279],
							"uv": {
								"north": {"uv": [33, 22], "uv_size": [1, 1]},
								"east": {"uv": [23, 33], "uv_size": [1, 1]},
								"south": {"uv": [33, 23], "uv_size": [1, 1]},
								"west": {"uv": [24, 33], "uv_size": [1, 1]},
								"up": {"uv": [33, 24], "uv_size": [1, 1]},
								"down": {"uv": [25, 34], "uv_size": [1, -1]}
							}
						},
						{
							"origin": [-3.82445, 2.23949, 4.22424],
							"size": [0.1, 0.675, 0.1],
							"pivot": [-3.77445, 2.62699, 4.22424],
							"rotation": [-84.56098, 79.94622, -16.57587],
							"uv": {
								"north": {"uv": [33, 25], "uv_size": [1, 1]},
								"east": {"uv": [26, 33], "uv_size": [1, 1]},
								"south": {"uv": [33, 26], "uv_size": [1, 1]},
								"west": {"uv": [27, 33], "uv_size": [1, 1]},
								"up": {"uv": [33, 27], "uv_size": [1, 1]},
								"down": {"uv": [28, 34], "uv_size": [1, -1]}
							}
						},
						{
							"origin": [-3.50805, 1.51955, 5.90523],
							"size": [0.8, 0.275, 0.3],
							"pivot": [-5.55805, 0.95705, 5.05523],
							"rotation": [-33.28778, 48.33684, -40.67825],
							"uv": {
								"north": {"uv": [32, 7], "uv_size": [1, 1]},
								"east": {"uv": [32, 8], "uv_size": [1, 1]},
								"south": {"uv": [32, 9], "uv_size": [1, 1]},
								"west": {"uv": [32, 10], "uv_size": [1, 1]},
								"up": {"uv": [32, 11], "uv_size": [1, 1]},
								"down": {"uv": [12, 33], "uv_size": [1, -1]}
							}
						},
						{
							"origin": [-4.80805, 2.51955, 5.90523],
							"size": [1, 0.275, 0.3],
							"pivot": [-5.55805, 0.95705, 5.05523],
							"rotation": [7.38623, 55.92135, 9.52819],
							"uv": {
								"north": {"uv": [32, 32], "uv_size": [1, 1]},
								"east": {"uv": [0, 33], "uv_size": [1, 1]},
								"south": {"uv": [33, 0], "uv_size": [1, 1]},
								"west": {"uv": [1, 33], "uv_size": [1, 1]},
								"up": {"uv": [33, 1], "uv_size": [1, 1]},
								"down": {"uv": [2, 34], "uv_size": [1, -1]}
							}
						}
					]
				},
				{
					"name": "frontbody",
					"parent": "cockroach",
					"pivot": [0, -1, -0.7]
				},
				{
					"name": "sockets",
					"parent": "frontbody",
					"pivot": [2.1, -1.8, -1.3],
					"cubes": [
						{
							"origin": [-0.01356, 0.69296, -2.99096],
							"size": [1.45, 0.45, 0.45],
							"pivot": [0.71144, 0.91796, -2.56596],
							"rotation": [-1.10693, 12.45167, -5.12076],
							"uv": {
								"north": {"uv": [8, 24], "uv_size": [1, 1]},
								"east": {"uv": [3, 26], "uv_size": [1, 1]},
								"south": {"uv": [31, 14], "uv_size": [1, 1]},
								"west": {"uv": [31, 15], "uv_size": [1, 1]},
								"up": {"uv": [16, 31], "uv_size": [1, 1]},
								"down": {"uv": [31, 17], "uv_size": [1, -1]}
							}
						},
						{
							"origin": [-0.28057, 1.12384, -2.06305],
							"size": [1.65, 0.45, 0.75],
							"pivot": [1.14443, 1.14884, -2.03805],
							"rotation": [2.69652, 5.28148, -11.9643],
							"uv": {
								"north": {"uv": [29, 3], "uv_size": [2, 1]},
								"east": {"uv": [17, 31], "uv_size": [1, 1]},
								"south": {"uv": [5, 29], "uv_size": [2, 1]},
								"west": {"uv": [31, 17], "uv_size": [1, 1]},
								"up": {"uv": [29, 6], "uv_size": [2, 1]},
								"down": {"uv": [7, 30], "uv_size": [2, -1]}
							}
						},
						{
							"origin": [-1.43644, 0.79296, -2.99096],
							"size": [1.45, 0.45, 0.45],
							"pivot": [-0.71144, 0.91796, -2.56596],
							"rotation": [-1.10693, -12.45167, 5.12076],
							"uv": {
								"north": {"uv": [18, 31], "uv_size": [1, 1]},
								"east": {"uv": [31, 18], "uv_size": [1, 1]},
								"south": {"uv": [19, 31], "uv_size": [1, 1]},
								"west": {"uv": [31, 19], "uv_size": [1, 1]},
								"up": {"uv": [20, 31], "uv_size": [1, 1]},
								"down": {"uv": [21, 32], "uv_size": [1, -1]}
							}
						},
						{
							"origin": [-2.65, 1.17, -1.625],
							"size": [1.85, 0.45, 0.75],
							"pivot": [-1.8, -1.8, -2.2],
							"rotation": [5.35255, -4.59021, 13.45632],
							"uv": {
								"north": {"uv": [29, 7], "uv_size": [2, 1]},
								"east": {"uv": [22, 31], "uv_size": [1, 1]},
								"south": {"uv": [29, 8], "uv_size": [2, 1]},
								"west": {"uv": [31, 22], "uv_size": [1, 1]},
								"up": {"uv": [9, 29], "uv_size": [2, 1]},
								"down": {"uv": [29, 10], "uv_size": [2, -1]}
							}
						},
						{
							"origin": [-2.22888, -4.78328, -2.35268],
							"size": [1.05, 7.25, 2.55],
							"pivot": [-1.30388, 0.84172, -1.12768],
							"rotation": [91.93465, 5.66268, 99.40797],
							"uv": {
								"north": {"uv": [13, 21], "uv_size": [1, 7]},
								"east": {"uv": [10, 0], "uv_size": [3, 7]},
								"south": {"uv": [14, 21], "uv_size": [1, 7]},
								"west": {"uv": [12, 7], "uv_size": [3, 7]},
								"up": {"uv": [12, 25], "uv_size": [1, 3]},
								"down": {"uv": [0, 29], "uv_size": [1, -3]}
							}
						},
						{
							"origin": [0.91862, -4.69291, -2.4295],
							"size": [1.25, 7.15, 2.55],
							"pivot": [1.19362, 0.83209, -1.1045],
							"rotation": [89.95239, -5.31515, -95.59996],
							"uv": {
								"north": {"uv": [15, 22], "uv_size": [1, 7]},
								"east": {"uv": [13, 0], "uv_size": [3, 7]},
								"south": {"uv": [16, 22], "uv_size": [1, 7]},
								"west": {"uv": [12, 14], "uv_size": [3, 7]},
								"up": {"uv": [1, 26], "uv_size": [1, 3]},
								"down": {"uv": [2, 29], "uv_size": [1, -3]}
							}
						}
					]
				},
				{
					"name": "mainabdomen",
					"parent": "frontbody",
					"pivot": [-0.45, 2.18013, 0.03025],
					"rotation": [4, 0, 0],
					"cubes": [
						{
							"origin": [-2.6, 1.96821, -2.2071],
							"size": [5.1, 0.475, 2.9],
							"pivot": [-0.4, 2.45571, -0.6571],
							"rotation": [-3, 0, 0],
							"uv": {
								"north": {"uv": [3, 23], "uv_size": [6, 1]},
								"east": {"uv": [3, 27], "uv_size": [3, 1]},
								"south": {"uv": [23, 13], "uv_size": [6, 1]},
								"west": {"uv": [27, 4], "uv_size": [3, 1]},
								"up": {"uv": [0, 15], "uv_size": [6, 3]},
								"down": {"uv": [6, 18], "uv_size": [6, -3]}
							}
						},
						{
							"origin": [-2.45, 1.36821, -0.7071],
							"size": [5, 0.675, 2],
							"pivot": [-0.4, 2.45571, -0.6571],
							"rotation": [-3, 0, 0],
							"uv": {
								"north": {"uv": [24, 6], "uv_size": [5, 1]},
								"east": {"uv": [31, 3], "uv_size": [2, 1]},
								"south": {"uv": [24, 7], "uv_size": [5, 1]},
								"west": {"uv": [12, 31], "uv_size": [2, 1]},
								"up": {"uv": [19, 0], "uv_size": [5, 2]},
								"down": {"uv": [19, 4], "uv_size": [5, -2]}
							}
						},
						{
							"origin": [-3.05, 1.96821, -0.0071],
							"size": [5.8, 0.375, 2.3],
							"pivot": [-0.4, 2.45571, -0.6571],
							"rotation": [-3, 0, 0],
							"uv": {
								"north": {"uv": [23, 16], "uv_size": [6, 1]},
								"east": {"uv": [31, 13], "uv_size": [2, 1]},
								"south": {"uv": [23, 17], "uv_size": [6, 1]},
								"west": {"uv": [14, 31], "uv_size": [2, 1]},
								"up": {"uv": [18, 8], "uv_size": [6, 2]},
								"down": {"uv": [18, 12], "uv_size": [6, -2]}
							}
						},
						{
							"origin": [-2.7, 1.56821, 2.1929],
							"size": [5.5, 0.675, 2.3],
							"pivot": [-0.4, 2.45571, -0.6571],
							"rotation": [-1, 0, 0],
							"uv": {
								"north": {"uv": [23, 14], "uv_size": [6, 1]},
								"east": {"uv": [20, 30], "uv_size": [2, 1]},
								"south": {"uv": [23, 15], "uv_size": [6, 1]},
								"west": {"uv": [30, 20], "uv_size": [2, 1]},
								"up": {"uv": [3, 18], "uv_size": [6, 2]},
								"down": {"uv": [18, 8], "uv_size": [6, -2]}
							}
						},
						{
							"origin": [-2.35, 0.36821, 3.3929],
							"size": [4.8, 1.775, 2.2],
							"pivot": [-0.4, 2.45571, -0.6571],
							"rotation": [-1, 0, 0],
							"uv": {
								"north": {"uv": [18, 12], "uv_size": [5, 2]},
								"east": {"uv": [17, 24], "uv_size": [2, 2]},
								"south": {"uv": [18, 14], "uv_size": [5, 2]},
								"west": {"uv": [19, 24], "uv_size": [2, 2]},
								"up": {"uv": [18, 16], "uv_size": [5, 2]},
								"down": {"uv": [18, 20], "uv_size": [5, -2]}
							}
						},
						{
							"origin": [-2.425, 1.65933, -4.20184],
							"size": [4.95, 0.6, 7],
							"uv": {
								"north": {"uv": [24, 8], "uv_size": [5, 1]},
								"east": {"uv": [22, 22], "uv_size": [7, 1]},
								"south": {"uv": [24, 9], "uv_size": [5, 1]},
								"west": {"uv": [23, 12], "uv_size": [7, 1]},
								"up": {"uv": [0, 0], "uv_size": [5, 7]},
								"down": {"uv": [5, 7], "uv_size": [5, -7]}
							}
						}
					]
				},
				{
					"name": "relytra",
					"parent": "mainabdomen",
					"pivot": [-0.45, 2.18013, 0.03025],
					"cubes": [
						{
							"origin": [-2.85, 2.08013, -1.36975],
							"size": [2.8, 1.4, 6.3],
							"pivot": [-0.45, 2.18013, 0.03025],
							"rotation": [-14, 0, 0],
							"uv": {
								"north": {"uv": [20, 27], "uv_size": [3, 1]},
								"east": {"uv": [23, 18], "uv_size": [6, 1]},
								"south": {"uv": [23, 27], "uv_size": [3, 1]},
								"west": {"uv": [23, 19], "uv_size": [6, 1]},
								"up": {"uv": [15, 7], "uv_size": [3, 6]},
								"down": {"uv": [15, 19], "uv_size": [3, -6]}
							}
						},
						{
							"origin": [-2.825, 2.78013, -3.66975],
							"size": [2.775, 1.1, 3.15],
							"pivot": [-0.45, 2.18013, 0.03025],
							"rotation": [18, 0, 0],
							"uv": {
								"north": {"uv": [27, 24], "uv_size": [3, 1]},
								"east": {"uv": [27, 25], "uv_size": [3, 1]},
								"south": {"uv": [26, 27], "uv_size": [3, 1]},
								"west": {"uv": [3, 28], "uv_size": [3, 1]},
								"up": {"uv": [9, 18], "uv_size": [3, 3]},
								"down": {"uv": [15, 22], "uv_size": [3, -3]}
							}
						}
					]
				},
				{
					"name": "rwing",
					"parent": "relytra",
					"pivot": [-0.45, -3.91987, -2.96975],
					"cubes": [
						{
							"origin": [-2.75, 2.88013, -4.26975],
							"size": [2.7, 0.1, 7.6],
							"pivot": [-0.45, -3.91987, -2.96975],
							"rotation": [-14, 0, 0],
							"uv": {
								"north": {"uv": [28, 23], "uv_size": [3, 1]},
								"east": {"uv": [19, 4], "uv_size": [8, 1]},
								"south": {"uv": [26, 28], "uv_size": [3, 1]},
								"west": {"uv": [19, 5], "uv_size": [8, 1]},
								"up": {"uv": [0, 7], "uv_size": [3, 8]},
								"down": {"uv": [3, 15], "uv_size": [3, -8]}
							}
						}
					]
				},
				{
					"name": "lelytra",
					"parent": "mainabdomen",
					"pivot": [2.45, 2.18013, 0.03025],
					"cubes": [
						{
							"origin": [0.05, 2.08013, -1.36975],
							"size": [2.8, 1.4, 6.2],
							"pivot": [2.45, 2.18013, 0.03025],
							"rotation": [-14, 0, 0],
							"uv": {
								"north": {"uv": [20, 28], "uv_size": [3, 1]},
								"east": {"uv": [22, 23], "uv_size": [6, 1]},
								"south": {"uv": [23, 28], "uv_size": [3, 1]},
								"west": {"uv": [0, 24], "uv_size": [6, 1]},
								"up": {"uv": [16, 0], "uv_size": [3, 6]},
								"down": {"uv": [0, 24], "uv_size": [3, -6]}
							}
						},
						{
							"origin": [-0.05, 2.78013, -3.66975],
							"size": [2.875, 1.1, 3.15],
							"pivot": [2.45, 2.18013, 0.03025],
							"rotation": [18, 0, 0],
							"uv": {
								"north": {"uv": [6, 28], "uv_size": [3, 1]},
								"east": {"uv": [9, 28], "uv_size": [3, 1]},
								"south": {"uv": [12, 28], "uv_size": [3, 1]},
								"west": {"uv": [17, 28], "uv_size": [3, 1]},
								"up": {"uv": [3, 20], "uv_size": [3, 3]},
								"down": {"uv": [6, 23], "uv_size": [3, -3]}
							}
						}
					]
				},
				{
					"name": "lwing",
					"parent": "lelytra",
					"pivot": [2.25, -4.01987, -3.26975],
					"cubes": [
						{
							"origin": [-0.05, 2.78013, -4.56975],
							"size": [2.7, 0.1, 7.6],
							"pivot": [2.25, -4.01987, -3.26975],
							"rotation": [-14, 0, 0],
							"uv": {
								"north": {"uv": [0, 29], "uv_size": [3, 1]},
								"east": {"uv": [22, 20], "uv_size": [8, 1]},
								"south": {"uv": [29, 0], "uv_size": [3, 1]},
								"west": {"uv": [22, 21], "uv_size": [8, 1]},
								"up": {"uv": [6, 7], "uv_size": [3, 8]},
								"down": {"uv": [9, 15], "uv_size": [3, -8]}
							}
						}
					]
				},
				{
					"name": "mainabdomen2",
					"parent": "frontbody",
					"pivot": [-1.05, 2.88013, 2.13025],
					"rotation": [4, 0, 0]
				},
				{
					"name": "headfront",
					"parent": "frontbody",
					"pivot": [0, -1, -2.2],
					"cubes": [
						{
							"origin": [-2.6, 1.2, -4.8],
							"size": [5.3, 0.6, 1.3],
							"uv": {
								"north": {"uv": [24, 0], "uv_size": [5, 1]},
								"east": {"uv": [33, 2], "uv_size": [1, 1]},
								"south": {"uv": [24, 1], "uv_size": [5, 1]},
								"west": {"uv": [3, 33], "uv_size": [1, 1]},
								"up": {"uv": [24, 2], "uv_size": [5, 1]},
								"down": {"uv": [24, 4], "uv_size": [5, -1]}
							}
						},
						{
							"origin": [-1.1, 0.815, -3.6],
							"size": [2.1, 1.26, 1.7],
							"uv": {
								"north": {"uv": [16, 6], "uv_size": [2, 1]},
								"east": {"uv": [29, 1], "uv_size": [2, 1]},
								"south": {"uv": [29, 2], "uv_size": [2, 1]},
								"west": {"uv": [3, 29], "uv_size": [2, 1]},
								"up": {"uv": [6, 24], "uv_size": [2, 2]},
								"down": {"uv": [24, 12], "uv_size": [2, -2]}
							}
						},
						{
							"origin": [0, 1.715, -5.1],
							"size": [1.6, 0.66, 4],
							"pivot": [0, -1, -2.2],
							"rotation": [4, 0, 0],
							"uv": {
								"north": {"uv": [30, 21], "uv_size": [2, 1]},
								"east": {"uv": [21, 24], "uv_size": [4, 1]},
								"south": {"uv": [22, 30], "uv_size": [2, 1]},
								"west": {"uv": [0, 25], "uv_size": [4, 1]},
								"up": {"uv": [18, 20], "uv_size": [2, 4]},
								"down": {"uv": [20, 24], "uv_size": [2, -4]}
							}
						},
						{
							"origin": [-1.5, 1.715, -5],
							"size": [1.5, 0.66, 3.9],
							"pivot": [0, -1, -2.2],
							"rotation": [4, 0, 0],
							"uv": {
								"north": {"uv": [24, 30], "uv_size": [2, 1]},
								"east": {"uv": [8, 25], "uv_size": [4, 1]},
								"south": {"uv": [30, 24], "uv_size": [2, 1]},
								"west": {"uv": [21, 25], "uv_size": [4, 1]},
								"up": {"uv": [9, 21], "uv_size": [2, 4]},
								"down": {"uv": [11, 25], "uv_size": [2, -4]}
							}
						},
						{
							"origin": [-1.2, 0.615, -5.3],
							"size": [2.4, 0.56, 1.2],
							"pivot": [0, -1, -2.2],
							"rotation": [-18, 0, 0],
							"uv": {
								"north": {"uv": [0, 31], "uv_size": [2, 1]},
								"east": {"uv": [33, 3], "uv_size": [1, 1]},
								"south": {"uv": [31, 1], "uv_size": [2, 1]},
								"west": {"uv": [4, 33], "uv_size": [1, 1]},
								"up": {"uv": [2, 31], "uv_size": [2, 1]},
								"down": {"uv": [31, 3], "uv_size": [2, -1]}
							}
						}
					]
				},
				{
					"name": "mouthL",
					"parent": "frontbody",
					"pivot": [0, 0.9, -1.1],
					"rotation": [38, 0, 0],
					"cubes": [
						{
							"origin": [-0.8, 3.9, -4],
							"size": [1.6, 1.1, 1.6],
							"pivot": [-0.4, 3, -3.2],
							"rotation": [26.5, 0, -1.1247],
							"uv": {
								"north": {"uv": [30, 25], "uv_size": [2, 1]},
								"east": {"uv": [26, 30], "uv_size": [2, 1]},
								"south": {"uv": [28, 30], "uv_size": [2, 1]},
								"west": {"uv": [30, 30], "uv_size": [2, 1]},
								"up": {"uv": [4, 25], "uv_size": [2, 2]},
								"down": {"uv": [25, 26], "uv_size": [2, -2]}
							}
						},
						{
							"origin": [0.80857, 5.50814, -5.50683],
							"size": [0.5, 1.9, 0.2],
							"pivot": [1.25857, 7.70814, -5.35683],
							"rotation": [14.7071, -12.74984, 29.49696],
							"uv": {
								"north": {"uv": [17, 22], "uv_size": [1, 2]},
								"east": {"uv": [4, 31], "uv_size": [1, 2]},
								"south": {"uv": [5, 31], "uv_size": [1, 2]},
								"west": {"uv": [6, 31], "uv_size": [1, 2]},
								"up": {"uv": [19, 34], "uv_size": [1, 1]},
								"down": {"uv": [34, 20], "uv_size": [1, -1]}
							}
						},
						{
							"origin": [-0.29143, 4.20814, -5.50683],
							"size": [0.5, 1.9, 0.2],
							"pivot": [1.25857, 7.70814, -5.35683],
							"rotation": [19.05872, -3.53393, -0.44435],
							"uv": {
								"north": {"uv": [9, 31], "uv_size": [1, 2]},
								"east": {"uv": [10, 31], "uv_size": [1, 2]},
								"south": {"uv": [31, 10], "uv_size": [1, 2]},
								"west": {"uv": [11, 31], "uv_size": [1, 2]},
								"up": {"uv": [21, 34], "uv_size": [1, 1]},
								"down": {"uv": [34, 22], "uv_size": [1, -1]}
							}
						},
						{
							"origin": [-1.09143, 7.10814, -5.50683],
							"size": [0.6, 1.8, 0.2],
							"pivot": [1.25857, 7.70814, -5.35683],
							"rotation": [17.63545, 8.1463, -34.58515],
							"uv": {
								"north": {"uv": [31, 6], "uv_size": [1, 2]},
								"east": {"uv": [7, 31], "uv_size": [1, 2]},
								"south": {"uv": [8, 31], "uv_size": [1, 2]},
								"west": {"uv": [31, 8], "uv_size": [1, 2]},
								"up": {"uv": [20, 34], "uv_size": [1, 1]},
								"down": {"uv": [34, 21], "uv_size": [1, -1]}
							}
						}
					]
				}
			]
		}
	]
}