{
	"format_version": "1.12.0",
	"minecraft:geometry": [
		{
			"description": {
				"identifier": "geometry.silverfishspectre",
				"texture_width": 32,
				"texture_height": 32,
				"visible_bounds_width": 4,
				"visible_bounds_height": 2.5,
				"visible_bounds_offset": [0, 0.75, 0]
			},
			"bones": [
				{
					"name": "horrorfish",
					"pivot": [0, 0.7, -1.2],
					"rotation": [-1, 0, 0]
				},
				{
					"name": "frontbody",
					"parent": "horrorfish",
					"pivot": [0, 0, 0.3]
				},
				{
					"name": "mainabdomen",
					"parent": "frontbody",
					"pivot": [-0.05, 1.58013, 2.03025],
					"cubes": [
						{
							"origin": [-0.15, 0.76821, -0.1071],
							"size": [0.3, 0.375, 3.6],
							"pivot": [0, 2.25571, 1.3429],
							"rotation": [-4.5, 0, 0],
							"uv": {
								"north": {"uv": [12, 13], "uv_size": [1, 2]},
								"east": {"uv": [8, 8], "uv_size": [2, 2]},
								"south": {"uv": [13, 13], "uv_size": [1, 2]},
								"west": {"uv": [0, 9], "uv_size": [2, 2]},
								"up": {"uv": [0, 14], "uv_size": [1, 2]},
								"down": {"uv": [14, 2], "uv_size": [1, -2]}
							}
						},
						{
							"origin": [-0.25, 0.96821, -0.0071],
							"size": [0.5, 0.075, 4.075],
							"pivot": [0, 2.25571, 1.3429],
							"rotation": [-4.5, 0, 0],
							"uv": {
								"north": {"uv": [12, 13], "uv_size": [1, 2]},
								"east": {"uv": [8, 8], "uv_size": [2, 2]},
								"south": {"uv": [13, 13], "uv_size": [1, 2]},
								"west": {"uv": [0, 9], "uv_size": [2, 2]},
								"up": {"uv": [0, 14], "uv_size": [1, 2]},
								"down": {"uv": [14, 2], "uv_size": [1, -2]}
							}
						},
						{
							"origin": [-0.15, 0.96821, -3.0071],
							"size": [0.3, 0.375, 2.5],
							"pivot": [0, 2.25571, 1.3429],
							"rotation": [3.5, 0, 0],
							"uv": {
								"north": {"uv": [12, 13], "uv_size": [1, 2]},
								"east": {"uv": [8, 8], "uv_size": [2, 2]},
								"south": {"uv": [13, 13], "uv_size": [1, 2]},
								"west": {"uv": [0, 9], "uv_size": [2, 2]},
								"up": {"uv": [0, 14], "uv_size": [1, 2]},
								"down": {"uv": [14, 2], "uv_size": [1, -2]}
							}
						},
						{
							"origin": [-0.25, 0.82, 0.5929],
							"size": [0.5, 0.375, 2.3],
							"pivot": [0, 2.25571, 1.3429],
							"rotation": [-4.5, 0, 0],
							"uv": {
								"north": {"uv": [12, 13], "uv_size": [1, 2]},
								"east": {"uv": [8, 8], "uv_size": [2, 2]},
								"south": {"uv": [13, 13], "uv_size": [1, 2]},
								"west": {"uv": [0, 9], "uv_size": [2, 2]},
								"up": {"uv": [0, 14], "uv_size": [1, 2]},
								"down": {"uv": [14, 2], "uv_size": [1, -2]}
							}
						},
						{
							"origin": [-0.27, 0.795, 1.4929],
							"size": [0.55, 0.425, 1.5],
							"pivot": [0, 2.25571, 1.3429],
							"rotation": [-4.5, 0, 0],
							"uv": {
								"north": {"uv": [12, 13], "uv_size": [1, 2]},
								"east": {"uv": [8, 8], "uv_size": [2, 2]},
								"south": {"uv": [13, 13], "uv_size": [1, 2]},
								"west": {"uv": [0, 9], "uv_size": [2, 2]},
								"up": {"uv": [0, 14], "uv_size": [1, 2]},
								"down": {"uv": [14, 2], "uv_size": [1, -2]}
							}
						},
						{
							"origin": [-0.45, 0.58433, -3.70184],
							"size": [0.9, 0.475, 5.5],
							"pivot": [-0.1, 1.82183, 0.19816],
							"rotation": [2, 0, 0],
							"uv": {
								"north": {"uv": [3, 16], "uv_size": [1, 1]},
								"east": {"uv": [0, 0], "uv_size": [6, 1]},
								"south": {"uv": [16, 3], "uv_size": [1, 1]},
								"west": {"uv": [0, 1], "uv_size": [6, 1]},
								"up": {"uv": [0, 2], "uv_size": [1, 6]},
								"down": {"uv": [1, 8], "uv_size": [1, -6]}
							}
						},
						{
							"origin": [-0.35, 0.58433, 1.79816],
							"size": [0.7, 0.375, 0.8],
							"pivot": [-0.1, 1.82183, 0.19816],
							"rotation": [2, 0, 0],
							"uv": {
								"north": {"uv": [3, 16], "uv_size": [1, 1]},
								"east": {"uv": [0, 0], "uv_size": [6, 1]},
								"south": {"uv": [16, 3], "uv_size": [1, 1]},
								"west": {"uv": [0, 1], "uv_size": [6, 1]},
								"up": {"uv": [0, 2], "uv_size": [1, 6]},
								"down": {"uv": [1, 8], "uv_size": [1, -6]}
							}
						},
						{
							"origin": [-0.65, 0.48433, -2.70184],
							"size": [1.3, 0.575, 2.5],
							"pivot": [-0.1, 1.82183, 0.19816],
							"rotation": [2, 0, 0],
							"uv": {
								"north": {"uv": [20, 22], "uv_size": [4, 2]},
								"east": {"uv": [0, 0], "uv_size": [6, 1]},
								"south": {"uv": [16, 3], "uv_size": [1, 1]},
								"west": {"uv": [0, 1], "uv_size": [6, 1]},
								"up": {"uv": [0, 2], "uv_size": [1, 6]},
								"down": {"uv": [1, 8], "uv_size": [1, -6]}
							}
						}
					]
				},
				{
					"name": "frontportion",
					"parent": "frontbody",
					"pivot": [0, -0.2, -1.2],
					"cubes": [
						{"origin": [-0.7, 0.715, 0], "size": [1.4, 0.26, 0.8], "pivot": [0, -0.2, -1.2], "rotation": [9.5, 0, 0], "uv": [13, 16]},
						{"origin": [-0.675, 0.715, 0.7], "size": [1.35, 0.26, 0.5], "pivot": [0, -0.2, -1.2], "rotation": [6.5, 0, 0], "uv": [13, 16]},
						{"origin": [-0.75, 0.815, -0.8], "size": [1.5, 0.26, 0.9], "pivot": [0, -0.2, -1.2], "rotation": [9.5, 0, 0], "uv": [13, 16]},
						{"origin": [-0.9, 0.915, -1.6], "size": [1.8, 0.26, 1], "pivot": [0, -0.2, -1.2], "rotation": [12, 0, 0], "uv": [12, 16]},
						{
							"origin": [-0.8, 1.015, -2.8],
							"size": [1.6, 0.26, 1.5],
							"pivot": [0, -0.2, -1.2],
							"rotation": [10, 0, 0],
							"uv": {
								"north": {"uv": [16, 16], "uv_size": [1, 1]},
								"east": {"uv": [0, 17], "uv_size": [1, 1]},
								"south": {"uv": [17, 0], "uv_size": [1, 1]},
								"west": {"uv": [1, 17], "uv_size": [1, 1]},
								"up": {"uv": [17, 1], "uv_size": [1, 1]},
								"down": {"uv": [2, 18], "uv_size": [1, -1]}
							}
						},
						{
							"origin": [-0.6, 1.315, -3.2],
							"size": [1.2, 0.26, 1],
							"pivot": [0, -0.2, -1.2],
							"rotation": [17, 0, 0],
							"uv": {
								"north": {"uv": [11, 14], "uv_size": [1, 1]},
								"east": {"uv": [15, 1], "uv_size": [1, 1]},
								"south": {"uv": [15, 2], "uv_size": [1, 1]},
								"west": {"uv": [15, 3], "uv_size": [1, 1]},
								"up": {"uv": [4, 15], "uv_size": [1, 1]},
								"down": {"uv": [5, 16], "uv_size": [1, -1]}
							}
						}
					]
				},
				{
					"name": "lleg1",
					"parent": "frontportion",
					"pivot": [0, -0.2, -1.2],
					"cubes": [
						{"origin": [0.2, 1.115, -1.6], "size": [1.8, 0.06, 0.1], "pivot": [0, -0.2, -1.2], "rotation": [7.84528, 23.32735, 35.1559], "uv": [21, 22]},
						{"origin": [0.2, 0.99, -1.625], "size": [0.8, 0.21, 0.175], "pivot": [0, -0.2, -1.2], "rotation": [7.84528, 23.32735, 35.1559], "uv": [20, 24]}
					]
				},
				{
					"name": "head",
					"parent": "frontportion",
					"pivot": [-0.9, 0.2, -2.4],
					"rotation": [50, 0, 0],
					"cubes": [
						{
							"origin": [-0.45, 1.65933, -3.00184],
							"size": [0.9, 0.175, 0.35],
							"pivot": [-0.1, 1.82183, 0.19816],
							"rotation": [4.75, 0, 0],
							"uv": {
								"north": {"uv": [3, 16], "uv_size": [1, 1]},
								"east": {"uv": [0, 0], "uv_size": [6, 1]},
								"south": {"uv": [16, 3], "uv_size": [1, 1]},
								"west": {"uv": [0, 1], "uv_size": [6, 1]},
								"up": {"uv": [0, 2], "uv_size": [1, 6]},
								"down": {"uv": [1, 8], "uv_size": [1, -6]}
							}
						},
						{"origin": [-0.30326, 1.59395, -7.25231], "size": [0.1, 0.06, 4.3], "pivot": [-0.80326, 1.37395, -3.05231], "rotation": [-41.51032, 19.08178, -4.29637], "uv": [-1, -4]},
						{"origin": [0.20326, 1.59395, -7.25231], "size": [0.1, 0.06, 4.3], "pivot": [0.80326, 1.37395, -3.05231], "rotation": [-41.51032, -19.08178, 4.29637], "uv": [-1, -3], "mirror": true},
						{"origin": [-0.4917, 1.32499, -2.35231], "size": [1, 0.05747, 0.07242], "pivot": [-0.89298, 0.40372, -2.9161], "rotation": [32, -1.5, 0], "uv": [30, 1], "mirror": true},
						{
							"origin": [-0.47092, 1.04189, -3.12105],
							"size": [0.95747, 0.45747, 0.37242],
							"pivot": [0.00782, 1.32062, -2.93484],
							"rotation": [60.00931, -0.63393, -0.50001],
							"uv": {
								"north": {"uv": [6, 16], "uv_size": [-1, 1]},
								"east": {"uv": [17, 6], "uv_size": [-1, 1]},
								"south": {"uv": [7, 16], "uv_size": [-1, 1]},
								"west": {"uv": [17, 5], "uv_size": [-1, 1]},
								"up": {"uv": [8, 16], "uv_size": [-1, 1]},
								"down": {"uv": [17, 8], "uv_size": [-1, -1]}
							}
						}
					]
				},
				{
					"name": "rleg2",
					"parent": "frontportion",
					"pivot": [0, -0.2, -1.2],
					"cubes": [
						{"origin": [-1.4, 0.715, -0.7], "size": [1.8, 0.06, 0.1], "pivot": [0, -0.2, -1.2], "rotation": [7.2227, -4.48814, -32.60103], "uv": [23, 24], "mirror": true},
						{"origin": [-0.5, 0.64, -0.8], "size": [0.9, 0.16, 0.2], "pivot": [0, -0.2, -1.2], "rotation": [7.20295, -1.51187, -32.22389], "uv": [23, 23], "mirror": true}
					]
				},
				{
					"name": "lleg2",
					"parent": "frontportion",
					"pivot": [0, -0.2, -1.2],
					"cubes": [
						{"origin": [-0.4, 0.715, -0.7], "size": [1.8, 0.06, 0.1], "pivot": [0, -0.2, -1.2], "rotation": [7.2227, 4.48814, 32.60103], "uv": [22, 24]},
						{"origin": [-0.4, 0.64, -0.8], "size": [0.9, 0.16, 0.2], "pivot": [0, -0.2, -1.2], "rotation": [7.20295, 1.51187, 32.22389], "uv": [22, 24]}
					]
				},
				{
					"name": "rleg1",
					"parent": "frontportion",
					"pivot": [0, -0.2, -1.2],
					"cubes": [
						{"origin": [-2, 1.115, -1.6], "size": [1.8, 0.06, 0.1], "pivot": [0, -0.2, -1.2], "rotation": [7.84528, -23.32735, -35.1559], "uv": [22, 24], "mirror": true},
						{"origin": [-1, 0.99, -1.625], "size": [0.8, 0.21, 0.175], "pivot": [0, -0.2, -1.2], "rotation": [7.84528, -23.32735, -35.1559], "uv": [23, 25], "mirror": true}
					]
				},
				{
					"name": "backportion",
					"parent": "frontbody",
					"pivot": [0, -0.2, -1.2],
					"cubes": [
						{
							"origin": [-0.125, 0.86821, 2.8929],
							"size": [0.25, 0.325, 1.6],
							"pivot": [0, 2.25571, 1.3429],
							"rotation": [-5.5, 0, 0],
							"uv": {
								"north": {"uv": [12, 13], "uv_size": [1, 2]},
								"east": {"uv": [8, 8], "uv_size": [2, 2]},
								"south": {"uv": [13, 13], "uv_size": [1, 2]},
								"west": {"uv": [0, 9], "uv_size": [2, 2]},
								"up": {"uv": [0, 14], "uv_size": [1, 2]},
								"down": {"uv": [14, 2], "uv_size": [1, -2]}
							}
						},
						{
							"origin": [-0.1, 0.62108, 4.283],
							"size": [0.25, 0.225, 0.3],
							"pivot": [0.025, 0.73358, 4.433],
							"rotation": [-24.25, 0, 0],
							"uv": {
								"north": {"uv": [12, 13], "uv_size": [1, 2]},
								"east": {"uv": [8, 8], "uv_size": [2, 2]},
								"south": {"uv": [13, 13], "uv_size": [1, 2]},
								"west": {"uv": [0, 9], "uv_size": [2, 2]},
								"up": {"uv": [0, 14], "uv_size": [1, 2]},
								"down": {"uv": [14, 2], "uv_size": [1, -2]}
							}
						},
						{
							"origin": [-0.25, 0.75251, 3.96012],
							"size": [0.5, 0.16, 0.425],
							"pivot": [0, 0.83251, 4.22262],
							"rotation": [-1.5, 0, 0],
							"uv": {
								"north": {"uv": [12, 16], "uv_size": [1, 1]},
								"east": {"uv": [16, 12], "uv_size": [1, 1]},
								"south": {"uv": [13, 16], "uv_size": [1, 1]},
								"west": {"uv": [16, 13], "uv_size": [1, 1]},
								"up": {"uv": [14, 16], "uv_size": [1, 1]},
								"down": {"uv": [16, 15], "uv_size": [1, -1]}
							}
						},
						{
							"origin": [-0.225, 0.75251, 4.28512],
							"size": [0.45, 0.135, 0.425],
							"pivot": [0, 0.83251, 4.22262],
							"rotation": [-15.5, 0, 0],
							"uv": {
								"north": {"uv": [12, 16], "uv_size": [1, 1]},
								"east": {"uv": [16, 12], "uv_size": [1, 1]},
								"south": {"uv": [13, 16], "uv_size": [1, 1]},
								"west": {"uv": [16, 13], "uv_size": [1, 1]},
								"up": {"uv": [14, 16], "uv_size": [1, 1]},
								"down": {"uv": [16, 15], "uv_size": [1, -1]}
							}
						},
						{"origin": [-0.575, 0.615, 1.2], "size": [1.15, 0.26, 0.5], "pivot": [0, -0.2, -1.2], "rotation": [7.5, 0, 0], "uv": [13, 16]},
						{"origin": [-0.55, 0.7, 1.6], "size": [1.1, 0.26, 0.5], "pivot": [0, -0.2, -1.2], "rotation": [4.5, 0, 0], "uv": [13, 16]},
						{
							"origin": [-0.525, 0.515, 2.1],
							"size": [1.05, 0.26, 0.5],
							"pivot": [0, -0.2, -1.2],
							"rotation": [6.5, 0, 0],
							"uv": {
								"north": {"uv": [12, 16], "uv_size": [1, 1]},
								"east": {"uv": [16, 12], "uv_size": [1, 1]},
								"south": {"uv": [13, 16], "uv_size": [1, 1]},
								"west": {"uv": [16, 13], "uv_size": [1, 1]},
								"up": {"uv": [14, 16], "uv_size": [1, 1]},
								"down": {"uv": [16, 15], "uv_size": [1, -1]}
							}
						},
						{
							"origin": [-0.475, 0.415, 2.6],
							"size": [0.95, 0.26, 0.5],
							"pivot": [0, -0.2, -1.2],
							"rotation": [6.5, 0, 0],
							"uv": {
								"north": {"uv": [12, 16], "uv_size": [1, 1]},
								"east": {"uv": [16, 12], "uv_size": [1, 1]},
								"south": {"uv": [13, 16], "uv_size": [1, 1]},
								"west": {"uv": [16, 13], "uv_size": [1, 1]},
								"up": {"uv": [14, 16], "uv_size": [1, 1]},
								"down": {"uv": [16, 15], "uv_size": [1, -1]}
							}
						},
						{
							"origin": [-0.375, 0.415, 3],
							"size": [0.75, 0.26, 0.6],
							"pivot": [0, -0.2, -1.2],
							"rotation": [4.5, 0, 0],
							"uv": {
								"north": {"uv": [12, 16], "uv_size": [1, 1]},
								"east": {"uv": [16, 12], "uv_size": [1, 1]},
								"south": {"uv": [13, 16], "uv_size": [1, 1]},
								"west": {"uv": [16, 13], "uv_size": [1, 1]},
								"up": {"uv": [14, 16], "uv_size": [1, 1]},
								"down": {"uv": [16, 15], "uv_size": [1, -1]}
							}
						},
						{
							"origin": [-0.275, 0.315, 3.6],
							"size": [0.55, 0.16, 0.5],
							"pivot": [0, -0.2, -1.2],
							"rotation": [5.5, 0, 0],
							"uv": {
								"north": {"uv": [12, 16], "uv_size": [1, 1]},
								"east": {"uv": [16, 12], "uv_size": [1, 1]},
								"south": {"uv": [13, 16], "uv_size": [1, 1]},
								"west": {"uv": [16, 13], "uv_size": [1, 1]},
								"up": {"uv": [14, 16], "uv_size": [1, 1]},
								"down": {"uv": [16, 15], "uv_size": [1, -1]}
							}
						}
					]
				},
				{
					"name": "rleg3",
					"parent": "backportion",
					"pivot": [0, -0.2, -1.2],
					"cubes": [
						{"origin": [-2.6, 0.715, 0.7], "size": [2.1, 0.06, 0.1], "pivot": [0, -0.2, -1.2], "rotation": [7.68043, 20.30747, -29.35315], "uv": [21, 25], "mirror": true},
						{"origin": [-1.3, 0.715, 0.7], "size": [0.8, 0.16, 0.2], "pivot": [0, -0.2, -1.2], "rotation": [7.5873, 18.3252, -29.63467], "uv": [22, 23], "mirror": true}
					]
				},
				{
					"name": "lleg3",
					"parent": "backportion",
					"pivot": [0, -0.2, -1.2],
					"cubes": [
						{"origin": [0.5, 0.715, 0.7], "size": [2.1, 0.06, 0.1], "pivot": [0, -0.2, -1.2], "rotation": [7.68043, -20.30747, 29.35315], "uv": [21, 25]},
						{"origin": [0.5, 0.715, 0.7], "size": [0.8, 0.16, 0.2], "pivot": [0, -0.2, -1.2], "rotation": [7.5873, -18.3252, 29.63467], "uv": [23, 23]}
					]
				},
				{
					"name": "tail",
					"parent": "backportion",
					"pivot": [-0.02, 0.67842, 5.43692],
					"cubes": [
						{
							"origin": [0.63, 0.34842, 4.61192],
							"size": [0.1, 0.06, 4.125],
							"pivot": [-0.02, 0.67842, 5.43692],
							"rotation": [-21.93054, 40.91295, -21.38292],
							"uv": {
								"north": {"uv": [0, 0], "uv_size": [0, 1]},
								"east": {"uv": [5, 1], "uv_size": [2, 1]},
								"south": {"uv": [0, 0], "uv_size": [0, 1]},
								"west": {"uv": [18, 20], "uv_size": [2, 1]},
								"up": {"uv": [0, 0], "uv_size": [0, 2]},
								"down": {"uv": [0, 2], "uv_size": [0, -2]}
							}
						},
						{
							"origin": [-0.07, 0.57637, 3.92868],
							"size": [0.1, 0.06, 4.9],
							"pivot": [-0.02, 0.55637, 6.37868],
							"rotation": [-3.65597, 0, 0],
							"uv": {
								"north": {"uv": [0, 0], "uv_size": [0, 1]},
								"east": {"uv": [5, 1], "uv_size": [2, 1]},
								"south": {"uv": [0, 0], "uv_size": [0, 1]},
								"west": {"uv": [18, 20], "uv_size": [2, 1]},
								"up": {"uv": [0, 0], "uv_size": [0, 2]},
								"down": {"uv": [0, 2], "uv_size": [0, -2]}
							}
						},
						{
							"origin": [-0.73, 0.34842, 4.61192],
							"size": [0.1, 0.06, 4.125],
							"pivot": [0.02, 0.67842, 5.43692],
							"rotation": [-20.93054, -40.91295, 21.38292],
							"uv": {
								"north": {"uv": [0, 0], "uv_size": [0, 1]},
								"east": {"uv": [11, 14], "uv_size": [-2, 1]},
								"south": {"uv": [0, 0], "uv_size": [0, 1]},
								"west": {"uv": [16, 8], "uv_size": [-2, 1]},
								"up": {"uv": [0, 0], "uv_size": [0, 2]},
								"down": {"uv": [0, 2], "uv_size": [0, -2]}
							}
						}
					]
				}
			]
		}
	]
}