{
	"format_version": "1.12.0",
	"minecraft:geometry": [
		{
			"description": {
				"identifier": "geometry.spidersea",
				"texture_width": 32,
				"texture_height": 32,
				"visible_bounds_width": 4,
				"visible_bounds_height": 2.5,
				"visible_bounds_offset": [0, 0.75, 0]
			},
			"bones": [
				{
					"name": "longlegs",
					"pivot": [0, -0.7, 0]
				},
				{
					"name": "face",
					"parent": "longlegs",
					"pivot": [0, -1.8, -1.9]
				},
				{
					"name": "petapalps",
					"parent": "face",
					"pivot": [-0.9, -2.5, -3]
				},
				{
					"name": "frontbody",
					"parent": "petapalps",
					"pivot": [0, -1.6, 0.5]
				},
				{
					"name": "mainabdomen",
					"parent": "frontbody",
					"pivot": [-0.05, 1.08013, 1.83025],
					"cubes": [
						{
							"origin": [-0.65, 5.55661, 0.25825],
							"size": [0.7, 0.2, 0.2],
							"pivot": [0, 5.50661, 0.40825],
							"rotation": [-82.97797, -28.09641, 10.13945],
							"uv": {
								"north": {"uv": [27, 4], "uv_size": [-3, 4]},
								"east": {"uv": [5, 23], "uv_size": [1, 1]},
								"south": {"uv": [23, 5], "uv_size": [1, 1]},
								"west": {"uv": [6, 23], "uv_size": [1, 1]},
								"up": {"uv": [23, 6], "uv_size": [1, 1]},
								"down": {"uv": [7, 24], "uv_size": [1, -1]}
							}
						},
						{
							"origin": [-0.45, 5.4066, 0.15825],
							"size": [1.6, 0.2, 0.2],
							"pivot": [0, 5.50661, 0.40825],
							"rotation": [-3.94383, -82.63824, -87.62545],
							"uv": {
								"north": {"uv": [23, 4], "uv_size": [1, 1]},
								"east": {"uv": [5, 23], "uv_size": [1, 1]},
								"south": {"uv": [23, 5], "uv_size": [1, 1]},
								"west": {"uv": [6, 23], "uv_size": [1, 1]},
								"up": {"uv": [23, 6], "uv_size": [1, 1]},
								"down": {"uv": [7, 24], "uv_size": [1, -1]}
							}
						},
						{
							"origin": [-0.05, 5.55661, 0.25825],
							"size": [0.7, 0.2, 0.2],
							"pivot": [0, 5.50661, 0.40825],
							"rotation": [-87.27687, 31.34177, -20.76858],
							"uv": {
								"north": {"uv": [23, 4], "uv_size": [4, 5]},
								"east": {"uv": [5, 23], "uv_size": [1, 1]},
								"south": {"uv": [23, 5], "uv_size": [1, 1]},
								"west": {"uv": [6, 23], "uv_size": [1, 1]},
								"up": {"uv": [23, 6], "uv_size": [1, 1]},
								"down": {"uv": [7, 24], "uv_size": [1, -1]}
							}
						},
						{
							"origin": [0.05, 5.62617, 1.2337],
							"size": [0.6, 0.175, 0.2],
							"pivot": [0.25, 5.51367, 1.6337],
							"rotation": [-62.37472, -24.29628, -12.15221],
							"uv": {
								"north": {"uv": [23, 22], "uv_size": [6, 4]},
								"east": {"uv": [23, 23], "uv_size": [1, 1]},
								"south": {"uv": [0, 24], "uv_size": [1, 1]},
								"west": {"uv": [24, 0], "uv_size": [1, 1]},
								"up": {"uv": [1, 24], "uv_size": [1, 1]},
								"down": {"uv": [24, 2], "uv_size": [1, -1]}
							}
						},
						{
							"origin": [-0.65, 5.62617, 1.2337],
							"size": [0.6, 0.175, 0.2],
							"pivot": [-0.35, 5.51367, 1.6337],
							"rotation": [-63.60782, 18.05776, 8.74472],
							"uv": {
								"north": {"uv": [19, 20], "uv_size": [5, 3]},
								"east": {"uv": [23, 23], "uv_size": [1, 1]},
								"south": {"uv": [0, 24], "uv_size": [1, 1]},
								"west": {"uv": [24, 0], "uv_size": [1, 1]},
								"up": {"uv": [1, 24], "uv_size": [1, 1]},
								"down": {"uv": [24, 2], "uv_size": [1, -1]}
							}
						},
						{
							"origin": [0.05, 5.68276, 0.87204],
							"size": [0.6, 0.275, 0.2],
							"pivot": [0, 5.52026, 1.12204],
							"rotation": [-42.56275, -6.80137, -7.34816],
							"uv": {
								"north": {"uv": [19, 20], "uv_size": [5, 3]},
								"east": {"uv": [23, 23], "uv_size": [1, 1]},
								"south": {"uv": [0, 24], "uv_size": [1, 1]},
								"west": {"uv": [24, 0], "uv_size": [1, 1]},
								"up": {"uv": [1, 24], "uv_size": [1, 1]},
								"down": {"uv": [24, 2], "uv_size": [1, -1]}
							}
						},
						{
							"origin": [-0.65, 5.68276, 0.87204],
							"size": [0.6, 0.275, 0.2],
							"pivot": [0, 5.52026, 1.12204],
							"rotation": [-42.01064, 10.16679, 11.0875],
							"uv": {
								"north": {"uv": [19, 19], "uv_size": [5, 4]},
								"east": {"uv": [23, 23], "uv_size": [1, 1]},
								"south": {"uv": [0, 24], "uv_size": [1, 1]},
								"west": {"uv": [24, 0], "uv_size": [1, 1]},
								"up": {"uv": [1, 24], "uv_size": [1, 1]},
								"down": {"uv": [24, 2], "uv_size": [1, -1]}
							}
						},
						{
							"origin": [-0.85, 5.61626, 0.57233],
							"size": [0.8, 0.175, 0.2],
							"pivot": [-0.2, 5.55376, 0.87233],
							"rotation": [-52.95946, -9.16887, 11.9227],
							"uv": {
								"north": {"uv": [18, 19], "uv_size": [6, 4]},
								"east": {"uv": [23, 23], "uv_size": [1, 1]},
								"south": {"uv": [0, 24], "uv_size": [1, 1]},
								"west": {"uv": [24, 0], "uv_size": [1, 1]},
								"up": {"uv": [1, 24], "uv_size": [1, 1]},
								"down": {"uv": [24, 2], "uv_size": [1, -1]}
							}
						},
						{
							"origin": [0.05, 5.58, 0.67233],
							"size": [0.8, 0.175, 0.2],
							"pivot": [-0.2, 5.55376, 0.87233],
							"rotation": [-53.49224, 4.78683, -12.71958],
							"uv": {
								"north": {"uv": [20, 20], "uv_size": [4, 3]},
								"east": {"uv": [23, 23], "uv_size": [1, 1]},
								"south": {"uv": [0, 24], "uv_size": [1, 1]},
								"west": {"uv": [24, 0], "uv_size": [1, 1]},
								"up": {"uv": [1, 24], "uv_size": [1, 1]},
								"down": {"uv": [24, 2], "uv_size": [1, -1]}
							}
						}
					]
				},
				{
					"name": "proboscischelicera",
					"parent": "mainabdomen",
					"pivot": [0, 5.50661, 0.40825],
					"cubes": [
						{
							"origin": [-1.25, 5.3066, 0.25825],
							"size": [1.3, 0.1, 0.1],
							"pivot": [0, 5.50661, 0.40825],
							"rotation": [2.4721, -15.84839, -119.16298],
							"uv": {
								"north": {"uv": [23, 4], "uv_size": [1, 1]},
								"east": {"uv": [5, 23], "uv_size": [1, 1]},
								"south": {"uv": [23, 5], "uv_size": [1, 1]},
								"west": {"uv": [6, 23], "uv_size": [1, 1]},
								"up": {"uv": [23, 6], "uv_size": [1, 1]},
								"down": {"uv": [7, 24], "uv_size": [1, -1]}
							}
						},
						{
							"origin": [-1.35, 5.5566, 0.15825],
							"size": [1.4, 0.1, 0.1],
							"pivot": [0, 5.50661, 0.40825],
							"rotation": [-26.90405, -18.96018, -64.69505],
							"uv": {
								"north": {"uv": [23, 4], "uv_size": [1, 1]},
								"east": {"uv": [5, 23], "uv_size": [1, 1]},
								"south": {"uv": [23, 5], "uv_size": [1, 1]},
								"west": {"uv": [6, 23], "uv_size": [1, 1]},
								"up": {"uv": [23, 6], "uv_size": [1, 1]},
								"down": {"uv": [7, 24], "uv_size": [1, -1]}
							}
						},
						{
							"origin": [-1.93149, 4.614, 0.02],
							"size": [0.9, 0.05, 0.05],
							"pivot": [-1.08149, 4.73141, -0.66969],
							"rotation": [-29.3076, -20.12307, -77.72451],
							"uv": {
								"north": {"uv": [23, 4], "uv_size": [1, 1]},
								"east": {"uv": [5, 23], "uv_size": [1, 1]},
								"south": {"uv": [23, 5], "uv_size": [1, 1]},
								"west": {"uv": [6, 23], "uv_size": [1, 1]},
								"up": {"uv": [23, 6], "uv_size": [1, 1]},
								"down": {"uv": [7, 24], "uv_size": [1, -1]}
							}
						},
						{
							"origin": [0.04515, 4.57542, -0.07153],
							"size": [1, 0.05, 0.05],
							"pivot": [0.74515, 4.50042, -0.74653],
							"rotation": [-5.92773, -16.93177, -108.72067],
							"uv": {
								"north": {"uv": [23, 4], "uv_size": [1, 1]},
								"east": {"uv": [5, 23], "uv_size": [1, 1]},
								"south": {"uv": [23, 5], "uv_size": [1, 1]},
								"west": {"uv": [6, 23], "uv_size": [1, 1]},
								"up": {"uv": [23, 6], "uv_size": [1, 1]},
								"down": {"uv": [7, 24], "uv_size": [1, -1]}
							}
						},
						{
							"origin": [0.15, 4.815, -0.5],
							"size": [0.25, 0.25, 1.7],
							"pivot": [0, 5.195, -0.15],
							"rotation": [-161.38526, 22.21486, -49.34679],
							"uv": {
								"north": {"uv": [18, 12], "uv_size": [4, 6]},
								"east": {"uv": [21, 21], "uv_size": [1, 1]},
								"south": {"uv": [0, 5], "uv_size": [6, 2]},
								"west": {"uv": [9, 9], "uv_size": [8, 10]},
								"up": {"uv": [4, 13], "uv_size": [3, 6]},
								"down": {"uv": [3, 23], "uv_size": [7, -11]}
							}
						}
					]
				},
				{
					"name": "L4",
					"parent": "longlegs",
					"pivot": [4.87861, 5.39385, 5.84466],
					"rotation": [-16.30801, -12.23412, 12.63025],
					"cubes": [
						{
							"origin": [0.53107, 5.2336, 3.74642],
							"size": [4.4, 0.075, 0.1],
							"pivot": [2.03107, 2.1711, 5.29642],
							"rotation": [4.92521, -22.90446, -35.42413],
							"uv": {
								"north": {"uv": [0, 4], "uv_size": [7, 1]},
								"east": {"uv": [4, 22], "uv_size": [1, 1]},
								"south": {"uv": [0, 5], "uv_size": [7, 1]},
								"west": {"uv": [5, 22], "uv_size": [1, 1]},
								"up": {"uv": [0, 6], "uv_size": [7, 1]},
								"down": {"uv": [0, 8], "uv_size": [7, -1]}
							}
						},
						{
							"origin": [2.07794, 6.74895, 5.83632],
							"size": [3.7, 0.075, 0.1],
							"pivot": [4.22794, 6.81386, 6.78632],
							"rotation": [10.36024, -36.90575, -5.33869],
							"uv": {
								"north": {"uv": [15, 19], "uv_size": [4, 1]},
								"east": {"uv": [6, 22], "uv_size": [1, 1]},
								"south": {"uv": [19, 19], "uv_size": [4, 1]},
								"west": {"uv": [7, 22], "uv_size": [1, 1]},
								"up": {"uv": [0, 20], "uv_size": [4, 1]},
								"down": {"uv": [4, 21], "uv_size": [4, -1]}
							}
						},
						{
							"origin": [5.35687, 6.39761, 6.97762],
							"size": [6.8, 0.075, 0.1],
							"pivot": [5.50687, 7.13511, 8.29003],
							"rotation": [-37.68996, -25.84947, 61.354],
							"uv": {
								"north": {"uv": [0, 8], "uv_size": [7, 1]},
								"east": {"uv": [2, 24], "uv_size": [1, 1]},
								"south": {"uv": [8, 0], "uv_size": [7, 1]},
								"west": {"uv": [24, 2], "uv_size": [1, 1]},
								"up": {"uv": [8, 1], "uv_size": [7, 1]},
								"down": {"uv": [8, 3], "uv_size": [7, -1]}
							}
						}
					]
				},
				{
					"name": "L3",
					"parent": "longlegs",
					"pivot": [1.2, 0.7, 0.3],
					"cubes": [
						{
							"origin": [4.61456, 7.06873, 2.4],
							"size": [3.1, 0.1, 0.1],
							"pivot": [5.16456, 6.51873, 2.30735],
							"rotation": [-0.10641, -12.20314, 9.64215],
							"uv": {
								"north": {"uv": [21, 0], "uv_size": [2, 1]},
								"east": {"uv": [8, 22], "uv_size": [1, 1]},
								"south": {"uv": [21, 1], "uv_size": [2, 1]},
								"west": {"uv": [9, 22], "uv_size": [1, 1]},
								"up": {"uv": [21, 2], "uv_size": [2, 1]},
								"down": {"uv": [3, 22], "uv_size": [2, -1]}
							}
						},
						{
							"origin": [6.70648, 7.80357, 2.72502],
							"size": [7.3, 0.1, 0.1],
							"pivot": [6.35648, 6.55357, 2.47502],
							"rotation": [-6.58555, -5.25246, 68.04714],
							"uv": {
								"north": {"uv": [0, 10], "uv_size": [7, 1]},
								"east": {"uv": [4, 24], "uv_size": [1, 1]},
								"south": {"uv": [7, 10], "uv_size": [7, 1]},
								"west": {"uv": [24, 4], "uv_size": [1, 1]},
								"up": {"uv": [0, 11], "uv_size": [7, 1]},
								"down": {"uv": [7, 12], "uv_size": [7, -1]}
							}
						},
						{
							"origin": [1.14846, 6.01, 1.44874],
							"size": [4.7, 0.075, 0.1],
							"pivot": [1.34846, 3.16615, 1.39874],
							"rotation": [3.53155, -12.86077, -17.35011],
							"uv": {
								"north": {"uv": [14, 14], "uv_size": [6, 1]},
								"east": {"uv": [10, 22], "uv_size": [1, 1]},
								"south": {"uv": [0, 15], "uv_size": [6, 1]},
								"west": {"uv": [11, 22], "uv_size": [1, 1]},
								"up": {"uv": [15, 0], "uv_size": [6, 1]},
								"down": {"uv": [15, 2], "uv_size": [6, -1]}
							}
						}
					]
				},
				{
					"name": "R3",
					"parent": "longlegs",
					"pivot": [-1.4, 0.7, 0.1],
					"cubes": [
						{
							"origin": [-6.21593, 5.87364, 1.30387],
							"size": [5, 0.075, 0.1],
							"pivot": [-0.76593, 3.71114, 1.65387],
							"rotation": [3.87199, 12.76392, 18.88521],
							"uv": {
								"north": {"uv": [6, 17], "uv_size": [5, 1]},
								"east": {"uv": [12, 22], "uv_size": [1, 1]},
								"south": {"uv": [11, 17], "uv_size": [5, 1]},
								"west": {"uv": [13, 22], "uv_size": [1, 1]},
								"up": {"uv": [16, 17], "uv_size": [5, 1]},
								"down": {"uv": [0, 19], "uv_size": [5, -1]}
							}
						},
						{
							"origin": [-7.74364, 7.61372, 2.1834],
							"size": [3.1, 0.075, 0.1],
							"pivot": [-4.49364, 5.45122, 2.1334],
							"rotation": [-4.08749, 15.94657, -17.15292],
							"uv": {
								"north": {"uv": [21, 3], "uv_size": [2, 1]},
								"east": {"uv": [14, 22], "uv_size": [1, 1]},
								"south": {"uv": [21, 4], "uv_size": [2, 1]},
								"west": {"uv": [15, 22], "uv_size": [1, 1]},
								"up": {"uv": [5, 21], "uv_size": [2, 1]},
								"down": {"uv": [21, 6], "uv_size": [2, -1]}
							}
						},
						{
							"origin": [-13.83429, 9.42924, 2.58328],
							"size": [7.2, 0.075, 0.1],
							"pivot": [-5.38429, 6.96674, 2.43328],
							"rotation": [-11.73104, 4.34712, -69.9468],
							"uv": {
								"north": {"uv": [0, 12], "uv_size": [7, 1]},
								"east": {"uv": [5, 24], "uv_size": [1, 1]},
								"south": {"uv": [7, 12], "uv_size": [7, 1]},
								"west": {"uv": [24, 5], "uv_size": [1, 1]},
								"up": {"uv": [0, 13], "uv_size": [7, 1]},
								"down": {"uv": [7, 14], "uv_size": [7, -1]}
							}
						}
					]
				},
				{
					"name": "L2",
					"parent": "longlegs",
					"pivot": [1.1, 0.7, -0.8],
					"rotation": [0, 5, 0],
					"cubes": [
						{
							"origin": [1.95, 6.00393, 0.49838],
							"size": [4.1, 0.075, 0.1],
							"pivot": [1.7, -2.29607, -0.45162],
							"rotation": [-2.26241, 13.13897, -11.71255],
							"uv": {
								"north": {"uv": [5, 18], "uv_size": [5, 1]},
								"east": {"uv": [16, 22], "uv_size": [1, 1]},
								"south": {"uv": [10, 18], "uv_size": [5, 1]},
								"west": {"uv": [17, 22], "uv_size": [1, 1]},
								"up": {"uv": [15, 18], "uv_size": [5, 1]},
								"down": {"uv": [18, 16], "uv_size": [5, -1]}
							}
						},
						{
							"origin": [2.92891, 6.44118, -0.32474],
							"size": [2.6, 0.1, 0.1],
							"pivot": [4.92891, 0.10368, -1.47474],
							"rotation": [2.31353, 12.28738, 10.74906],
							"uv": {
								"north": {"uv": [8, 20], "uv_size": [3, 1]},
								"east": {"uv": [22, 17], "uv_size": [1, 1]},
								"south": {"uv": [11, 20], "uv_size": [3, 1]},
								"west": {"uv": [18, 22], "uv_size": [1, 1]},
								"up": {"uv": [14, 20], "uv_size": [3, 1]},
								"down": {"uv": [20, 15], "uv_size": [3, -1]}
							}
						},
						{
							"origin": [6.5449, 7.07276, -0.56518],
							"size": [6.8, 0.1, 0.1],
							"pivot": [6.1449, 6.42276, -0.51518],
							"rotation": [11.83872, 4.04074, 71.41912],
							"uv": {
								"north": {"uv": [0, 14], "uv_size": [7, 1]},
								"east": {"uv": [6, 24], "uv_size": [1, 1]},
								"south": {"uv": [14, 4], "uv_size": [7, 1]},
								"west": {"uv": [24, 6], "uv_size": [1, 1]},
								"up": {"uv": [14, 5], "uv_size": [7, 1]},
								"down": {"uv": [14, 7], "uv_size": [7, -1]}
							}
						}
					]
				},
				{
					"name": "R2",
					"parent": "longlegs",
					"pivot": [-1.2, 0.7, -0.8],
					"rotation": [0, -4, 0],
					"cubes": [
						{
							"origin": [-5.19552, 6.07856, 0.48832],
							"size": [4.1, 0.075, 0.1],
							"pivot": [-1.54552, 3.81606, 0.43832],
							"rotation": [-3.64533, -12.82947, 17.86194],
							"uv": {
								"north": {"uv": [15, 2], "uv_size": [6, 1]},
								"east": {"uv": [21, 22], "uv_size": [1, 1]},
								"south": {"uv": [15, 3], "uv_size": [6, 1]},
								"west": {"uv": [22, 21], "uv_size": [1, 1]},
								"up": {"uv": [6, 15], "uv_size": [6, 1]},
								"down": {"uv": [12, 16], "uv_size": [6, -1]}
							}
						},
						{
							"origin": [-6.3616, 6.75828, -0.46661],
							"size": [2.6, 0.075, 0.1],
							"pivot": [-5.46158, 6.19578, -1.51661],
							"rotation": [2.53076, -12.24512, -11.77151],
							"uv": {
								"north": {"uv": [21, 6], "uv_size": [2, 1]},
								"east": {"uv": [22, 22], "uv_size": [1, 1]},
								"south": {"uv": [7, 21], "uv_size": [2, 1]},
								"west": {"uv": [0, 23], "uv_size": [1, 1]},
								"up": {"uv": [21, 7], "uv_size": [2, 1]},
								"down": {"uv": [21, 9], "uv_size": [2, -1]}
							}
						},
						{
							"origin": [-12.51158, 7.25828, -0.46661],
							"size": [7.1, 0.075, 0.1],
							"pivot": [-5.46158, 6.19578, -1.51661],
							"rotation": [11.80371, -4.14317, -70.92847],
							"uv": {
								"north": {"uv": [7, 14], "uv_size": [7, 1]},
								"east": {"uv": [7, 24], "uv_size": [1, 1]},
								"south": {"uv": [14, 7], "uv_size": [7, 1]},
								"west": {"uv": [24, 7], "uv_size": [1, 1]},
								"up": {"uv": [14, 8], "uv_size": [7, 1]},
								"down": {"uv": [14, 10], "uv_size": [7, -1]}
							}
						}
					]
				},
				{
					"name": "L1",
					"parent": "longlegs",
					"pivot": [1.4, 0.7, -1.5],
					"cubes": [
						{
							"origin": [0.93413, 5.99776, -0.55],
							"size": [4.9, 0.1, 0.1],
							"pivot": [1.33413, 3.54776, -0.58127],
							"rotation": [-18.76862, 48.15922, -31.273],
							"uv": {
								"north": {"uv": [18, 16], "uv_size": [5, 1]},
								"east": {"uv": [23, 0], "uv_size": [1, 1]},
								"south": {"uv": [0, 19], "uv_size": [5, 1]},
								"west": {"uv": [1, 23], "uv_size": [1, 1]},
								"up": {"uv": [5, 19], "uv_size": [5, 1]},
								"down": {"uv": [10, 20], "uv_size": [5, -1]}
							}
						},
						{
							"origin": [2.01308, 7.31596, -2.99642],
							"size": [3.1, 0.1, 0.1],
							"pivot": [2.56308, 5.96596, -3.64642],
							"rotation": [29.78602, 40.97125, 42.15388],
							"uv": {
								"north": {"uv": [9, 21], "uv_size": [2, 1]},
								"east": {"uv": [23, 1], "uv_size": [1, 1]},
								"south": {"uv": [21, 9], "uv_size": [2, 1]},
								"west": {"uv": [2, 23], "uv_size": [1, 1]},
								"up": {"uv": [21, 10], "uv_size": [2, 1]},
								"down": {"uv": [11, 22], "uv_size": [2, -1]}
							}
						},
						{
							"origin": [5.22579, 9.05348, -3.3171],
							"size": [6.3, 0.1, 0.1],
							"pivot": [2.92579, 7.50348, -4.0671],
							"rotation": [49.1895, 15.88617, 77.54619],
							"uv": {
								"north": {"uv": [0, 0], "uv_size": [8, 1]},
								"east": {"uv": [8, 24], "uv_size": [1, 1]},
								"south": {"uv": [0, 1], "uv_size": [8, 1]},
								"west": {"uv": [24, 8], "uv_size": [1, 1]},
								"up": {"uv": [0, 2], "uv_size": [8, 1]},
								"down": {"uv": [0, 4], "uv_size": [8, -1]}
							}
						}
					]
				},
				{
					"name": "R1",
					"parent": "longlegs",
					"pivot": [-1.2, 0.7, -1.7],
					"cubes": [
						{
							"origin": [-4.85074, 6.12109, -0.94],
							"size": [5, 0.075, 0.1],
							"pivot": [-1.35074, 4.70859, -1.52923],
							"rotation": [-16.10015, -46.7049, 29.204],
							"uv": {
								"north": {"uv": [0, 16], "uv_size": [6, 1]},
								"east": {"uv": [23, 2], "uv_size": [1, 1]},
								"south": {"uv": [6, 16], "uv_size": [6, 1]},
								"west": {"uv": [3, 23], "uv_size": [1, 1]},
								"up": {"uv": [12, 16], "uv_size": [6, 1]},
								"down": {"uv": [0, 18], "uv_size": [6, -1]}
							}
						},
						{
							"origin": [-4.95, 7.31, -2.826],
							"size": [2.6, 0.075, 0.1],
							"pivot": [-2.4612, 6.61078, -3.95604],
							"rotation": [23.80855, -46.60153, -32.11332],
							"uv": {
								"north": {"uv": [21, 11], "uv_size": [2, 1]},
								"east": {"uv": [23, 3], "uv_size": [1, 1]},
								"south": {"uv": [21, 12], "uv_size": [2, 1]},
								"west": {"uv": [4, 23], "uv_size": [1, 1]},
								"up": {"uv": [13, 21], "uv_size": [2, 1]},
								"down": {"uv": [21, 14], "uv_size": [2, -1]}
							}
						},
						{
							"origin": [-11.06321, 7.97836, -3.79543],
							"size": [6.8, 0.075, 0.1],
							"pivot": [-3.31321, 6.91586, -4.84543],
							"rotation": [49.28125, -15.50747, -77.88531],
							"uv": {
								"north": {"uv": [14, 10], "uv_size": [7, 1]},
								"east": {"uv": [9, 24], "uv_size": [1, 1]},
								"south": {"uv": [14, 11], "uv_size": [7, 1]},
								"west": {"uv": [24, 9], "uv_size": [1, 1]},
								"up": {"uv": [14, 12], "uv_size": [7, 1]},
								"down": {"uv": [14, 14], "uv_size": [7, -1]}
							}
						}
					]
				},
				{
					"name": "R4",
					"parent": "longlegs",
					"pivot": [-1.5, 0.4, 0.8],
					"rotation": [-0.21865, 4.99523, -2.50954],
					"cubes": [
						{
							"origin": [-4.90904, 5.59598, 1.36691],
							"size": [4.5, 0.075, 0.1],
							"pivot": [-1.50904, 3.33348, 3.21691],
							"rotation": [-19.38626, 37.91571, 19.9759],
							"uv": {
								"north": {"uv": [7, 4], "uv_size": [7, 1]},
								"east": {"uv": [23, 8], "uv_size": [1, 1]},
								"south": {"uv": [7, 5], "uv_size": [7, 1]},
								"west": {"uv": [9, 23], "uv_size": [1, 1]},
								"up": {"uv": [7, 6], "uv_size": [7, 1]},
								"down": {"uv": [7, 8], "uv_size": [7, -1]}
							}
						},
						{
							"origin": [-5.50805, 6.61955, 5.20523],
							"size": [3.3, 0.075, 0.1],
							"pivot": [-4.85805, 0.05705, 5.05523],
							"rotation": [-15.52339, 45.21175, -16.91704],
							"uv": {
								"north": {"uv": [17, 20], "uv_size": [3, 1]},
								"east": {"uv": [23, 9], "uv_size": [1, 1]},
								"south": {"uv": [20, 18], "uv_size": [3, 1]},
								"west": {"uv": [10, 23], "uv_size": [1, 1]},
								"up": {"uv": [20, 20], "uv_size": [3, 1]},
								"down": {"uv": [0, 22], "uv_size": [3, -1]}
							}
						},
						{
							"origin": [-12.26388, 6.40154, 6.5],
							"size": [7.1, 0.075, 0.1],
							"pivot": [-5.16388, 6.33904, 7.29478],
							"rotation": [-50.76938, 17.49518, -75.77986],
							"uv": {
								"north": {"uv": [8, 3], "uv_size": [7, 1]},
								"east": {"uv": [3, 24], "uv_size": [1, 1]},
								"south": {"uv": [7, 8], "uv_size": [7, 1]},
								"west": {"uv": [24, 3], "uv_size": [1, 1]},
								"up": {"uv": [0, 9], "uv_size": [7, 1]},
								"down": {"uv": [7, 10], "uv_size": [7, -1]}
							}
						}
					]
				}
			]
		}
	]
}