{
	"format_version": "1.12.0",
	"minecraft:geometry": [
		{
			"description": {
				"identifier": "geometry.spiderflat",
				"texture_width": 32,
				"texture_height": 32,
				"visible_bounds_width": 4,
				"visible_bounds_height": 2.5,
				"visible_bounds_offset": [0, 0.75, 0]
			},
			"bones": [
				{
					"name": "horrorspider",
					"pivot": [0, 1.3, 0]
				},
				{
					"name": "legs",
					"parent": "horrorspider",
					"pivot": [1.77734, -0.29975, 1.32243]
				},
				{
					"name": "L4",
					"parent": "legs",
					"pivot": [1.3, 2.7, 2],
					"rotation": [-11.08031, 6.99899, 0.31707],
					"cubes": [
						{
							"origin": [-0.92989, 3.04986, 3.56151],
							"size": [6.4, 0.275, 0.375],
							"pivot": [2.42011, 3.83736, 3.31151],
							"rotation": [25.22415, -43.4536, -44.79047],
							"uv": {
								"north": {"uv": [0, 15], "uv_size": [4, 0.5]},
								"east": {"uv": [23, 11], "uv_size": [0.5, 0.5]},
								"south": {"uv": [4, 15], "uv_size": [4, 0.5]},
								"west": {"uv": [12, 23], "uv_size": [0.5, 0.5]},
								"up": {"uv": [8, 15], "uv_size": [4, 0.5]},
								"down": {"uv": [15, 11.5], "uv_size": [4, -0.5]}
							}
						},
						{
							"origin": [3.43057, 4.00715, 6.16634],
							"size": [2.6, 0.275, 0.3],
							"pivot": [4.43057, 3.79465, 5.91634],
							"rotation": [-36.74377, -30.06529, 56.82248],
							"uv": {
								"north": {"uv": [10, 11], "uv_size": [4.5, 0.5]},
								"east": {"uv": [23, 12], "uv_size": [0.5, 0.5]},
								"south": {"uv": [11, 10], "uv_size": [4.5, 0.5]},
								"west": {"uv": [13, 23], "uv_size": [0.5, 0.5]},
								"up": {"uv": [0, 12], "uv_size": [4.5, 0.5]},
								"down": {"uv": [12, 2.5], "uv_size": [4.5, -0.5]}
							}
						},
						{
							"origin": [3.54093, 2.15427, 6.97181],
							"size": [2.4, 0.175, 0.2],
							"pivot": [5.09093, 1.04177, 7.57181],
							"rotation": [-31.1978, -24.78773, 46.46575],
							"uv": {
								"north": {"uv": [10, 11], "uv_size": [4.5, 0.5]},
								"east": {"uv": [23, 12], "uv_size": [0.5, 0.5]},
								"south": {"uv": [11, 10], "uv_size": [4.5, 0.5]},
								"west": {"uv": [13, 23], "uv_size": [0.5, 0.5]},
								"up": {"uv": [0, 12], "uv_size": [4.5, 0.5]},
								"down": {"uv": [12, 2.5], "uv_size": [4.5, -0.5]}
							}
						}
					]
				},
				{
					"name": "L3",
					"parent": "legs",
					"pivot": [1.1, 2.7, 1.3],
					"cubes": [
						{
							"origin": [3.82266, 4.29809, 1.82159],
							"size": [3.9, 0.275, 0.3],
							"pivot": [4.57266, 2.88559, 2.07159],
							"rotation": [-9.48741, -3.1495, 49.34606],
							"uv": {
								"north": {"uv": [12, 15], "uv_size": [4, 0.5]},
								"east": {"uv": [23, 13], "uv_size": [0.5, 0.5]},
								"south": {"uv": [15, 12], "uv_size": [4, 0.5]},
								"west": {"uv": [14, 23], "uv_size": [0.5, 0.5]},
								"up": {"uv": [15, 13], "uv_size": [4, 0.5]},
								"down": {"uv": [15, 14.5], "uv_size": [4, -0.5]}
							}
						},
						{
							"origin": [6.07194, 1.96599, 2.31805],
							"size": [2.3, 0.175, 0.2],
							"pivot": [6.37194, -0.04651, 2.36805],
							"rotation": [-0.6221, -0.94077, 44.6625],
							"uv": {
								"north": {"uv": [12, 15], "uv_size": [4, 0.5]},
								"east": {"uv": [23, 13], "uv_size": [0.5, 0.5]},
								"south": {"uv": [15, 12], "uv_size": [4, 0.5]},
								"west": {"uv": [14, 23], "uv_size": [0.5, 0.5]},
								"up": {"uv": [15, 13], "uv_size": [4, 0.5]},
								"down": {"uv": [15, 14.5], "uv_size": [4, -0.5]}
							}
						},
						{
							"origin": [2.02734, 1.50025, 1.07243],
							"size": [5.4, 0.375, 0.3],
							"pivot": [1.67734, -0.29975, 1.12243],
							"rotation": [6.67454, -11.56367, -32.12856],
							"uv": {
								"north": {"uv": [0, 17], "uv_size": [3, 0.5]},
								"east": {"uv": [23, 14], "uv_size": [0.5, 0.5]},
								"south": {"uv": [17, 2], "uv_size": [3, 0.5]},
								"west": {"uv": [15, 23], "uv_size": [0.5, 0.5]},
								"up": {"uv": [3, 17], "uv_size": [3, 0.5]},
								"down": {"uv": [17, 3.5], "uv_size": [3, -0.5]}
							}
						}
					]
				},
				{
					"name": "R3",
					"parent": "legs",
					"pivot": [-1.3, 2.7, 1.2],
					"cubes": [
						{
							"origin": [-7.59143, 1.81308, 1.2689],
							"size": [5.5, 0.275, 0.3],
							"pivot": [-1.84143, -0.28692, 1.1189],
							"rotation": [6.3971, 7.81885, 29.65241],
							"uv": {
								"north": {"uv": [6, 17], "uv_size": [2.5, 0.5]},
								"east": {"uv": [23, 15], "uv_size": [0.5, 0.5]},
								"south": {"uv": [17, 7], "uv_size": [2.5, 0.5]},
								"west": {"uv": [16, 23], "uv_size": [0.5, 0.5]},
								"up": {"uv": [17, 8], "uv_size": [2.5, 0.5]},
								"down": {"uv": [9, 17.5], "uv_size": [2.5, -0.5]}
							}
						},
						{
							"origin": [-3.29143, 5.51308, 0.7689],
							"size": [3.2, 0.275, 0.3],
							"pivot": [-1.84143, -0.28692, 1.1189],
							"rotation": [-10.88079, 1.3658, -54.05366],
							"uv": {
								"north": {"uv": [12, 3], "uv_size": [4.5, 0.5]},
								"east": {"uv": [23, 16], "uv_size": [0.5, 0.5]},
								"south": {"uv": [12, 4], "uv_size": [4.5, 0.5]},
								"west": {"uv": [17, 23], "uv_size": [0.5, 0.5]},
								"up": {"uv": [5, 12], "uv_size": [4.5, 0.5]},
								"down": {"uv": [12, 5.5], "uv_size": [4.5, -0.5]}
							}
						},
						{
							"origin": [-8.32741, 1.90217, 1.51383],
							"size": [2.5, 0.175, 0.2],
							"pivot": [-6.52741, 0.28967, 2.41383],
							"rotation": [-9.2959, -11.69225, -47.73829],
							"uv": {
								"north": {"uv": [12, 3], "uv_size": [4.5, 0.5]},
								"east": {"uv": [23, 16], "uv_size": [0.5, 0.5]},
								"south": {"uv": [12, 4], "uv_size": [4.5, 0.5]},
								"west": {"uv": [17, 23], "uv_size": [0.5, 0.5]},
								"up": {"uv": [5, 12], "uv_size": [4.5, 0.5]},
								"down": {"uv": [12, 5.5], "uv_size": [4.5, -0.5]}
							}
						}
					]
				},
				{
					"name": "L2",
					"parent": "legs",
					"pivot": [1.2, 2.7, 0.4],
					"rotation": [0, 5, 0],
					"cubes": [
						{
							"origin": [2.05, 1.70393, 0.19838],
							"size": [5.3, 0.275, 0.3],
							"pivot": [1.8, -0.29607, 0.74838],
							"rotation": [-6.87666, 11.44569, -33.14194],
							"uv": {
								"north": {"uv": [12, 17], "uv_size": [2.5, 0.5]},
								"east": {"uv": [23, 17], "uv_size": [0.5, 0.5]},
								"south": {"uv": [15, 17], "uv_size": [2.5, 0.5]},
								"west": {"uv": [18, 23], "uv_size": [0.5, 0.5]},
								"up": {"uv": [0, 18], "uv_size": [2.5, 0.5]},
								"down": {"uv": [18, 0.5], "uv_size": [2.5, -0.5]}
							}
						},
						{
							"origin": [3.22891, 3.76618, -0.62474],
							"size": [4.3, 0.275, 0.3],
							"pivot": [5.02891, 2.10368, -0.27474],
							"rotation": [9.28293, 8.40819, 48.18385],
							"uv": {
								"north": {"uv": [12, 7], "uv_size": [4.5, 0.5]},
								"east": {"uv": [23, 18], "uv_size": [0.5, 0.5]},
								"south": {"uv": [12, 8], "uv_size": [4.5, 0.5]},
								"west": {"uv": [19, 23], "uv_size": [0.5, 0.5]},
								"up": {"uv": [10, 12], "uv_size": [4.5, 0.5]},
								"down": {"uv": [0, 13.5], "uv_size": [4.5, -0.5]}
							}
						},
						{
							"origin": [6.88454, 1.68383, -0.67544],
							"size": [2.9, 0.175, 0.2],
							"pivot": [7.03454, 0.17133, -0.97544],
							"rotation": [20.4021, 14.16011, 41.30302],
							"uv": {
								"north": {"uv": [12, 7], "uv_size": [4.5, 0.5]},
								"east": {"uv": [23, 18], "uv_size": [0.5, 0.5]},
								"south": {"uv": [12, 8], "uv_size": [4.5, 0.5]},
								"west": {"uv": [19, 23], "uv_size": [0.5, 0.5]},
								"up": {"uv": [10, 12], "uv_size": [4.5, 0.5]},
								"down": {"uv": [0, 13.5], "uv_size": [4.5, -0.5]}
							}
						}
					]
				},
				{
					"name": "R2",
					"parent": "legs",
					"pivot": [-1.2, 2.7, 0.4],
					"rotation": [-3, -4, 0],
					"cubes": [
						{
							"origin": [-7.75, 1.8, 0.25],
							"size": [5.9, 0.275, 0.3],
							"pivot": [-1.8, -0.3, 0.7],
							"rotation": [-5.84485, -12, 28.06681],
							"uv": {
								"north": {"uv": [18, 1], "uv_size": [2.5, 0.5]},
								"east": {"uv": [23, 19], "uv_size": [0.5, 0.5]},
								"south": {"uv": [3, 18], "uv_size": [2.5, 0.5]},
								"west": {"uv": [20, 23], "uv_size": [0.5, 0.5]},
								"up": {"uv": [6, 18], "uv_size": [2.5, 0.5]},
								"down": {"uv": [9, 18.5], "uv_size": [2.5, -0.5]}
							}
						},
						{
							"origin": [-3.25, 5.6, 0.15],
							"size": [3, 0.275, 0.3],
							"pivot": [-1.8, -0.3, 0.7],
							"rotation": [10.35398, -7.04176, -56.1388],
							"uv": {
								"north": {"uv": [13, 0], "uv_size": [4.5, 0.5]},
								"east": {"uv": [23, 20], "uv_size": [0.5, 0.5]},
								"south": {"uv": [13, 1], "uv_size": [4.5, 0.5]},
								"west": {"uv": [21, 23], "uv_size": [0.5, 0.5]},
								"up": {"uv": [5, 13], "uv_size": [4.5, 0.5]},
								"down": {"uv": [10, 13.5], "uv_size": [4.5, -0.5]}
							}
						},
						{
							"origin": [-8.87459, 2.27513, -0.83941],
							"size": [2.8, 0.175, 0.2],
							"pivot": [-6.22459, 0.56263, -0.63941],
							"rotation": [6.77082, -17.87355, -44.38391],
							"uv": {
								"north": {"uv": [13, 0], "uv_size": [4.5, 0.5]},
								"east": {"uv": [23, 20], "uv_size": [0.5, 0.5]},
								"south": {"uv": [13, 1], "uv_size": [4.5, 0.5]},
								"west": {"uv": [21, 23], "uv_size": [0.5, 0.5]},
								"up": {"uv": [5, 13], "uv_size": [4.5, 0.5]},
								"down": {"uv": [10, 13.5], "uv_size": [4.5, -0.5]}
							}
						}
					]
				},
				{
					"name": "L1",
					"parent": "legs",
					"pivot": [1.2, 2.7, -0.1],
					"rotation": [0, 3, -8],
					"cubes": [
						{
							"origin": [1.95, 1.775, -0.45],
							"size": [6.5, 0.275, 0.3],
							"pivot": [1.8, -0.3, 0.2],
							"rotation": [-22.82343, 41.60526, -39.4336],
							"uv": {
								"north": {"uv": [12, 18], "uv_size": [2.5, 0.5]},
								"east": {"uv": [23, 21], "uv_size": [0.5, 0.5]},
								"south": {"uv": [15, 18], "uv_size": [2.5, 0.5]},
								"west": {"uv": [22, 23], "uv_size": [0.5, 0.5]},
								"up": {"uv": [18, 17], "uv_size": [2.5, 0.5]},
								"down": {"uv": [18, 18.5], "uv_size": [2.5, -0.5]}
							}
						},
						{
							"origin": [2.10239, 4.81707, -2.82658],
							"size": [4.3, 0.275, 0.3],
							"pivot": [3.10239, 2.25457, -3.02658],
							"rotation": [46.0132, 36.78845, 66.70296],
							"uv": {
								"north": {"uv": [0, 16], "uv_size": [4, 0.5]},
								"east": {"uv": [23, 22], "uv_size": [0.5, 0.5]},
								"south": {"uv": [4, 16], "uv_size": [4, 0.5]},
								"west": {"uv": [23, 23], "uv_size": [0.5, 0.5]},
								"up": {"uv": [8, 16], "uv_size": [4, 0.5]},
								"down": {"uv": [16, 9.5], "uv_size": [4, -0.5]}
							}
						},
						{
							"origin": [5.03659, 2.37451, -5.10058],
							"size": [4, 0.175, 0.2],
							"pivot": [4.78659, 0.16201, -4.75058],
							"rotation": [44.79145, 45.81736, 62.10459],
							"uv": {
								"north": {"uv": [0, 16], "uv_size": [4, 0.5]},
								"east": {"uv": [23, 22], "uv_size": [0.5, 0.5]},
								"south": {"uv": [4, 16], "uv_size": [4, 0.5]},
								"west": {"uv": [23, 23], "uv_size": [0.5, 0.5]},
								"up": {"uv": [8, 16], "uv_size": [4, 0.5]},
								"down": {"uv": [16, 9.5], "uv_size": [4, -0.5]}
							}
						}
					]
				},
				{
					"name": "R1",
					"parent": "legs",
					"pivot": [-0.9, 2.7, -0.2],
					"rotation": [0, 0, -3],
					"cubes": [
						{
							"origin": [-8.35, 1.575, -0.25],
							"size": [6.4, 0.275, 0.3],
							"pivot": [-1.5, -0.3, 0.1],
							"rotation": [-28.34244, -43.18008, 47.85292],
							"uv": {
								"north": {"uv": [0, 19], "uv_size": [2.5, 0.5]},
								"east": {"uv": [0, 24], "uv_size": [0.5, 0.5]},
								"south": {"uv": [3, 19], "uv_size": [2.5, 0.5]},
								"west": {"uv": [24, 0], "uv_size": [0.5, 0.5]},
								"up": {"uv": [19, 4], "uv_size": [2.5, 0.5]},
								"down": {"uv": [13.5, 9.5], "uv_size": [2.5, -0.5]}
							}
						},
						{
							"origin": [-5.75077, 4.87062, -3.28233],
							"size": [4, 0.275, 0.3],
							"pivot": [-2.90077, 2.00812, -3.33233],
							"rotation": [38.4325, -36.63453, -53.90218],
							"uv": {
								"north": {"uv": [0, 14], "uv_size": [4.5, 0.5]},
								"east": {"uv": [1, 24], "uv_size": [0.5, 0.5]},
								"south": {"uv": [5, 15], "uv_size": [4.5, 0.5]},
								"west": {"uv": [24, 1], "uv_size": [0.5, 0.5]},
								"up": {"uv": [10, 13.5], "uv_size": [4.5, -3.5]},
								"down": {"uv": [10, 14.5], "uv_size": [4.5, -0.5]}
							}
						},
						{
							"origin": [-8.42959, 3.24905, -4.7136],
							"size": [4, 0.175, 0.2],
							"pivot": [-4.27959, 0.23655, -4.5136],
							"rotation": [36.94798, -40.66262, -51.41513],
							"uv": {
								"north": {"uv": [0, 14], "uv_size": [4.5, 0.5]},
								"east": {"uv": [1, 24], "uv_size": [0.5, 0.5]},
								"south": {"uv": [5, 15], "uv_size": [4.5, 0.5]},
								"west": {"uv": [24, 1], "uv_size": [0.5, 0.5]},
								"up": {"uv": [12, 5], "uv_size": [4.5, 0.5]},
								"down": {"uv": [10, 14.5], "uv_size": [4.5, -0.5]}
							}
						}
					]
				},
				{
					"name": "R4",
					"parent": "legs",
					"pivot": [-1.2, 2.4, 1.5],
					"rotation": [-3.52598, -12.96585, 4.43104],
					"cubes": [
						{
							"origin": [-5.51899, 4.15522, 4.13833],
							"size": [6.1, 0.375, 0.3],
							"pivot": [-2.01899, 3.94272, 2.98833],
							"rotation": [-64.58154, 51.19808, 35.19388],
							"uv": {
								"north": {"uv": [16, 10], "uv_size": [4, 0.5]},
								"east": {"uv": [2, 24], "uv_size": [0.5, 0.5]},
								"south": {"uv": [12, 16], "uv_size": [4, 0.5]},
								"west": {"uv": [24, 2], "uv_size": [0.5, 0.5]},
								"up": {"uv": [16, 15], "uv_size": [4, 0.5]},
								"down": {"uv": [16, 16.5], "uv_size": [4, -0.5]}
							}
						},
						{
							"origin": [-5.90805, 3.01955, 6.60523],
							"size": [3, 0.275, 0.3],
							"pivot": [-4.55805, 2.05705, 5.75523],
							"rotation": [-52.3729, 30.69503, -70.44523],
							"uv": {
								"north": {"uv": [6, 10], "uv_size": [5, 0.5]},
								"east": {"uv": [3, 24], "uv_size": [0.5, 0.5]},
								"south": {"uv": [0, 11], "uv_size": [5, 0.5]},
								"west": {"uv": [24, 3], "uv_size": [0.5, 0.5]},
								"up": {"uv": [5, 11], "uv_size": [5, 0.5]},
								"down": {"uv": [11, 9.5], "uv_size": [5, -0.5]}
							}
						},
						{
							"origin": [-5.31047, 1.85025, 6.36885],
							"size": [2.3, 0.175, 0.2],
							"pivot": [-3.76047, -0.06225, 6.76885],
							"rotation": [-44.51424, 15.6801, -55.15079],
							"uv": {
								"north": {"uv": [6, 10], "uv_size": [5, 0.5]},
								"east": {"uv": [3, 24], "uv_size": [0.5, 0.5]},
								"south": {"uv": [0, 11], "uv_size": [5, 0.5]},
								"west": {"uv": [24, 3], "uv_size": [0.5, 0.5]},
								"up": {"uv": [5, 11], "uv_size": [5, 0.5]},
								"down": {"uv": [11, 9.5], "uv_size": [5, -0.5]}
							}
						}
					]
				},
				{
					"name": "torso",
					"parent": "horrorspider",
					"pivot": [0, 1.3, 0]
				},
				{
					"name": "frontbody",
					"parent": "torso",
					"pivot": [0, 0.6, 1.5],
					"cubes": [
						{
							"origin": [-0.6, 1.915, -0.8],
							"size": [1.2, 0.76, 0.5],
							"pivot": [0, 0.4, 0],
							"rotation": [-8, 0, 0],
							"uv": {
								"north": {"uv": [10, 2], "uv_size": [2, 1.5]},
								"east": {"uv": [9, 7], "uv_size": [2.5, 1.5]},
								"south": {"uv": [10, 4], "uv_size": [2, 1.5]},
								"west": {"uv": [10, 0], "uv_size": [2.5, 1.5]},
								"up": {"uv": [7, 6], "uv_size": [2, 2.5]},
								"down": {"uv": [4, 10.5], "uv_size": [2, -2.5]}
							}
						},
						{
							"origin": [-0.4, 1.815, -0.9],
							"size": [0.8, 0.96, 0.9],
							"pivot": [0, 0.4, 0],
							"rotation": [-10, 0, 0],
							"uv": {
								"north": {"uv": [10, 2], "uv_size": [2, 1.5]},
								"east": {"uv": [9, 7], "uv_size": [2.5, 1.5]},
								"south": {"uv": [10, 4], "uv_size": [2, 1.5]},
								"west": {"uv": [10, 0], "uv_size": [2.5, 1.5]},
								"up": {"uv": [7, 6], "uv_size": [2, 2.5]},
								"down": {"uv": [4, 10.5], "uv_size": [2, -2.5]}
							}
						},
						{
							"origin": [-1.1, 2.015, -0.4],
							"size": [2.2, 0.56, 1.9],
							"pivot": [0, 0.4, 0],
							"rotation": [-13, 0, 0],
							"uv": {
								"north": {"uv": [10, 2], "uv_size": [2, 1.5]},
								"east": {"uv": [9, 7], "uv_size": [2.5, 1.5]},
								"south": {"uv": [10, 4], "uv_size": [2, 1.5]},
								"west": {"uv": [10, 0], "uv_size": [2.5, 1.5]},
								"up": {"uv": [7, 6], "uv_size": [2, 2.5]},
								"down": {"uv": [4, 10.5], "uv_size": [2, -2.5]}
							}
						}
					]
				},
				{
					"name": "sockets",
					"parent": "frontbody",
					"pivot": [2.1, -0.9, 0.9],
					"cubes": [
						{
							"origin": [-0.01356, 1.59296, 1.40904],
							"size": [0.85, 0.45, 0.15],
							"pivot": [0.71144, 1.81796, -0.36596],
							"rotation": [-1.08094, -0.54598, -4.87175],
							"uv": {
								"north": {"uv": [13, 19], "uv_size": [1.5, 0.5]},
								"east": {"uv": [23, 3], "uv_size": [0.5, 0.5]},
								"south": {"uv": [19, 14], "uv_size": [1.5, 0.5]},
								"west": {"uv": [4, 23], "uv_size": [0.5, 0.5]},
								"up": {"uv": [15, 19], "uv_size": [1.5, 0.5]},
								"down": {"uv": [17, 19.5], "uv_size": [1.5, -0.5]}
							}
						},
						{
							"origin": [0.01943, 1.72384, -0.06305],
							"size": [0.65, 0.35, 0.45],
							"pivot": [1.14443, 2.04884, 0.16195],
							"rotation": [2.52705, -1.93836, -7.29559],
							"uv": {
								"north": {"uv": [19, 19], "uv_size": [1.5, 0.5]},
								"east": {"uv": [23, 4], "uv_size": [0.5, 0.5]},
								"south": {"uv": [0, 20], "uv_size": [1.5, 0.5]},
								"west": {"uv": [5, 23], "uv_size": [0.5, 0.5]},
								"up": {"uv": [2, 20], "uv_size": [1.5, 0.5]},
								"down": {"uv": [20, 2.5], "uv_size": [1.5, -0.5]}
							}
						},
						{
							"origin": [-0.4298, 1.59296, 0.93582],
							"size": [0.75, 0.45, 0.45],
							"pivot": [0.6952, 1.81796, -1.03918],
							"rotation": [-2.20462, 12.3071, -10.23771],
							"uv": {
								"north": {"uv": [20, 3], "uv_size": [1.5, 0.5]},
								"east": {"uv": [23, 5], "uv_size": [0.5, 0.5]},
								"south": {"uv": [4, 20], "uv_size": [1.5, 0.5]},
								"west": {"uv": [6, 23], "uv_size": [0.5, 0.5]},
								"up": {"uv": [6, 20], "uv_size": [1.5, 0.5]},
								"down": {"uv": [20, 7.5], "uv_size": [1.5, -0.5]}
							}
						},
						{
							"origin": [-0.3202, 1.59296, 0.83582],
							"size": [0.75, 0.45, 0.45],
							"pivot": [-0.6952, 1.81796, -1.03918],
							"rotation": [-1.66075, -12.89115, 7.69478],
							"uv": {
								"north": {"uv": [20, 8], "uv_size": [1.5, 0.5]},
								"east": {"uv": [23, 6], "uv_size": [0.5, 0.5]},
								"south": {"uv": [20, 9], "uv_size": [1.5, 0.5]},
								"west": {"uv": [7, 23], "uv_size": [0.5, 0.5]},
								"up": {"uv": [10, 20], "uv_size": [1.5, 0.5]},
								"down": {"uv": [20, 10.5], "uv_size": [1.5, -0.5]}
							}
						},
						{
							"origin": [-0.73644, 1.59296, 1.40904],
							"size": [0.75, 0.45, 0.05],
							"pivot": [-0.71144, 1.81796, -0.36596],
							"rotation": [-1.08128, 1.5458, 4.85288],
							"uv": {
								"north": {"uv": [20, 12], "uv_size": [1.5, 0.5]},
								"east": {"uv": [23, 7], "uv_size": [0.5, 0.5]},
								"south": {"uv": [13, 20], "uv_size": [1.5, 0.5]},
								"west": {"uv": [8, 23], "uv_size": [0.5, 0.5]},
								"up": {"uv": [20, 13], "uv_size": [1.5, 0.5]},
								"down": {"uv": [15, 20.5], "uv_size": [1.5, -0.5]}
							}
						},
						{
							"origin": [-1.15, 1.77, 0.275],
							"size": [0.65, 0.45, 0.45],
							"pivot": [-1.8, -0.9, 0],
							"rotation": [5.20859, 2.65525, 11.11808],
							"uv": {
								"north": {"uv": [20, 15], "uv_size": [1.5, 0.5]},
								"east": {"uv": [23, 8], "uv_size": [0.5, 0.5]},
								"south": {"uv": [20, 16], "uv_size": [1.5, 0.5]},
								"west": {"uv": [9, 23], "uv_size": [0.5, 0.5]},
								"up": {"uv": [17, 20], "uv_size": [1.5, 0.5]},
								"down": {"uv": [19, 20.5], "uv_size": [1.5, -0.5]}
							}
						},
						{
							"origin": [-1.22888, 1.71672, 1.54732],
							"size": [0.45, 0.45, 0.85],
							"pivot": [-1.30388, 1.74172, 1.07232],
							"rotation": [106.94479, 83.38092, 116.05525],
							"uv": {
								"north": {"uv": [23, 9], "uv_size": [0.5, 0.5]},
								"east": {"uv": [0, 21], "uv_size": [1.5, 0.5]},
								"south": {"uv": [10, 23], "uv_size": [0.5, 0.5]},
								"west": {"uv": [21, 0], "uv_size": [1.5, 0.5]},
								"up": {"uv": [2, 21], "uv_size": [0.5, 1.5]},
								"down": {"uv": [3, 22.5], "uv_size": [0.5, -1.5]}
							}
						},
						{
							"origin": [0.56862, 1.70709, 1.5705],
							"size": [0.45, 0.45, 0.65],
							"pivot": [1.19362, 1.73209, 1.0955],
							"rotation": [93.81423, -80.76566, -105.33311],
							"uv": {
								"north": {"uv": [23, 10], "uv_size": [0.5, 0.5]},
								"east": {"uv": [21, 1], "uv_size": [1.5, 0.5]},
								"south": {"uv": [11, 23], "uv_size": [0.5, 0.5]},
								"west": {"uv": [4, 21], "uv_size": [1.5, 0.5]},
								"up": {"uv": [6, 21], "uv_size": [0.5, 1.5]},
								"down": {"uv": [7, 22.5], "uv_size": [0.5, -1.5]}
							}
						}
					]
				},
				{
					"name": "mainabdomen",
					"parent": "frontbody",
					"pivot": [-0.05, 2.18013, 3.23025],
					"cubes": [
						{
							"origin": [-0.15, 1.64321, 2.6929],
							"size": [0.3, 0, 0.8],
							"inflate": 0.5,
							"pivot": [0, 2.85571, 2.5429],
							"rotation": [7, 0, 0],
							"uv": {
								"north": {"uv": [7, 0], "uv_size": [2.5, 2.5]},
								"east": {"uv": [0, 0], "uv_size": [4, 2.5]},
								"south": {"uv": [7, 3], "uv_size": [2.5, 2.5]},
								"west": {"uv": [0, 3], "uv_size": [4, 2.5]},
								"up": {"uv": [4, 0], "uv_size": [2.5, 4]},
								"down": {"uv": [4, 8], "uv_size": [2.5, -4]}
							}
						},
						{
							"origin": [-0.45, 1.48433, 0.69816],
							"size": [0.9, 0.575, 3.7],
							"uv": {
								"north": {"uv": [17, 4], "uv_size": [1.5, 1]},
								"east": {"uv": [6, 9], "uv_size": [4.5, 1]},
								"south": {"uv": [17, 5], "uv_size": [1.5, 1]},
								"west": {"uv": [9, 6], "uv_size": [4.5, 1]},
								"up": {"uv": [0, 6], "uv_size": [1.5, 4.5]},
								"down": {"uv": [2, 10.5], "uv_size": [1.5, -4.5]}
							}
						}
					]
				},
				{
					"name": "face",
					"parent": "torso",
					"pivot": [0, 2, 0.8],
					"rotation": [-7, 0, 0],
					"cubes": [
						{
							"origin": [0.07524, 2.39301, -0.75],
							"size": [0.15, 0.15, 0.1],
							"pivot": [0.25024, 2.36801, -0.6],
							"rotation": [-48, 0, 2],
							"uv": {
								"north": {"uv": [6, 8], "uv_size": [0.5, 0.5]},
								"east": {"uv": [21, 14], "uv_size": [0.5, 0.5]},
								"south": {"uv": [16, 21], "uv_size": [0.5, 0.5]},
								"west": {"uv": [17, 21], "uv_size": [0.5, 0.5]},
								"up": {"uv": [21, 17], "uv_size": [0.5, 0.5]},
								"down": {"uv": [18, 21.5], "uv_size": [0.5, -0.5]}
							}
						},
						{
							"origin": [0.275, 2.4, -0.65],
							"size": [0.15, 0.15, 0.1],
							"uv": {
								"north": {"uv": [6, 8], "uv_size": [0.5, 0.5]},
								"east": {"uv": [21, 14], "uv_size": [0.5, 0.5]},
								"south": {"uv": [16, 21], "uv_size": [0.5, 0.5]},
								"west": {"uv": [17, 21], "uv_size": [0.5, 0.5]},
								"up": {"uv": [21, 17], "uv_size": [0.5, 0.5]},
								"down": {"uv": [18, 21.5], "uv_size": [0.5, -0.5]}
							}
						},
						{
							"origin": [-0.425, 2.4, -0.65],
							"size": [0.15, 0.15, 0.1],
							"uv": {
								"north": {"uv": [6, 8], "uv_size": [0.5, 0.5]},
								"east": {"uv": [21, 14], "uv_size": [0.5, 0.5]},
								"south": {"uv": [16, 21], "uv_size": [0.5, 0.5]},
								"west": {"uv": [17, 21], "uv_size": [0.5, 0.5]},
								"up": {"uv": [21, 17], "uv_size": [0.5, 0.5]},
								"down": {"uv": [18, 21.5], "uv_size": [0.5, -0.5]}
							}
						},
						{
							"origin": [-0.22524, 2.39301, -0.75],
							"size": [0.15, 0.15, 0.1],
							"pivot": [-0.25024, 2.36801, -0.6],
							"rotation": [-49, 0, -2],
							"uv": {
								"north": {"uv": [21, 18], "uv_size": [0.5, 0.5]},
								"east": {"uv": [19, 21], "uv_size": [0.5, 0.5]},
								"south": {"uv": [21, 19], "uv_size": [0.5, 0.5]},
								"west": {"uv": [20, 21], "uv_size": [0.5, 0.5]},
								"up": {"uv": [21, 20], "uv_size": [0.5, 0.5]},
								"down": {"uv": [21, 21.5], "uv_size": [0.5, -0.5]}
							}
						},
						{
							"origin": [0.45, 2.6, -0.45],
							"size": [0.1, 0.1, 0.1],
							"pivot": [0.6, 2.55, -0.6],
							"rotation": [0, -32, 0],
							"uv": {
								"north": {"uv": [22, 9], "uv_size": [0.5, 0.5]},
								"east": {"uv": [22, 10], "uv_size": [0.5, 0.5]},
								"south": {"uv": [12, 22], "uv_size": [0.5, 0.5]},
								"west": {"uv": [22, 12], "uv_size": [0.5, 0.5]},
								"up": {"uv": [13, 22], "uv_size": [0.5, 0.5]},
								"down": {"uv": [22, 13.5], "uv_size": [0.5, -0.5]}
							}
						},
						{
							"origin": [-0.55, 2.6, -0.45],
							"size": [0.1, 0.1, 0.1],
							"pivot": [-0.6, 2.55, -0.6],
							"rotation": [0, 29, 0],
							"uv": {
								"north": {"uv": [22, 14], "uv_size": [0.5, 0.5]},
								"east": {"uv": [22, 15], "uv_size": [0.5, 0.5]},
								"south": {"uv": [16, 22], "uv_size": [0.5, 0.5]},
								"west": {"uv": [22, 16], "uv_size": [0.5, 0.5]},
								"up": {"uv": [17, 22], "uv_size": [0.5, 0.5]},
								"down": {"uv": [22, 17.5], "uv_size": [0.5, -0.5]}
							}
						},
						{
							"origin": [0.05, 2.6, -0.55],
							"size": [0.2, 0.1, 0.1],
							"pivot": [0.25, 2.7, -0.45],
							"rotation": [-54, 0, 0],
							"uv": {
								"north": {"uv": [18, 22], "uv_size": [0.5, 0.5]},
								"east": {"uv": [22, 18], "uv_size": [0.5, 0.5]},
								"south": {"uv": [19, 22], "uv_size": [0.5, 0.5]},
								"west": {"uv": [22, 19], "uv_size": [0.5, 0.5]},
								"up": {"uv": [20, 22], "uv_size": [0.5, 0.5]},
								"down": {"uv": [22, 20.5], "uv_size": [0.5, -0.5]}
							}
						},
						{
							"origin": [-0.25, 2.6, -0.55],
							"size": [0.2, 0.1, 0.1],
							"pivot": [-0.25, 2.7, -0.45],
							"rotation": [-52, 0, 0],
							"uv": {
								"north": {"uv": [21, 22], "uv_size": [0.5, 0.5]},
								"east": {"uv": [22, 21], "uv_size": [0.5, 0.5]},
								"south": {"uv": [22, 22], "uv_size": [0.5, 0.5]},
								"west": {"uv": [0, 23], "uv_size": [0.5, 0.5]},
								"up": {"uv": [23, 0], "uv_size": [0.5, 0.5]},
								"down": {"uv": [1, 23.5], "uv_size": [0.5, -0.5]}
							}
						}
					]
				},
				{
					"name": "petapalps",
					"parent": "face",
					"pivot": [-0.9, 1.3, -0.2],
					"cubes": [
						{
							"origin": [-0.90326, 2.09395, -0.85231],
							"size": [0.2, 0.16, 0.7],
							"pivot": [-0.80326, 2.27395, -0.85231],
							"rotation": [-6.06285, 13.92306, 0.20293],
							"uv": {
								"north": {"uv": [10, 2], "uv_size": [2, 1.5]},
								"east": {"uv": [9, 7], "uv_size": [2.5, 1.5]},
								"south": {"uv": [10, 4], "uv_size": [2, 1.5]},
								"west": {"uv": [10, 0], "uv_size": [2.5, 1.5]},
								"up": {"uv": [7, 6], "uv_size": [2, 2.5]},
								"down": {"uv": [4, 10.5], "uv_size": [2, -2.5]}
							}
						},
						{
							"origin": [-1.07251, 1.76837, -1.74993],
							"size": [0.4, 0.16, 0.7],
							"pivot": [-0.92251, 2.24837, -1.34993],
							"rotation": [54.23858, -5.2541, -10.95636],
							"uv": {
								"north": {"uv": [10, 2], "uv_size": [2, 1.5]},
								"east": {"uv": [9, 7], "uv_size": [2.5, 1.5]},
								"south": {"uv": [10, 4], "uv_size": [2, 1.5]},
								"west": {"uv": [10, 0], "uv_size": [2.5, 1.5]},
								"up": {"uv": [7, 6], "uv_size": [2, 2.5]},
								"down": {"uv": [4, 10.5], "uv_size": [2, -2.5]}
							}
						},
						{
							"origin": [0.58011, 1.73809, -1.78398],
							"size": [0.4, 0.16, 0.6],
							"pivot": [0.93011, 2.31809, -1.48398],
							"rotation": [60.75325, 5.12859, 13.4032],
							"uv": {
								"north": {"uv": [10, 2], "uv_size": [2, 1.5]},
								"east": {"uv": [9, 7], "uv_size": [2.5, 1.5]},
								"south": {"uv": [10, 4], "uv_size": [2, 1.5]},
								"west": {"uv": [10, 0], "uv_size": [2.5, 1.5]},
								"up": {"uv": [7, 6], "uv_size": [2, 2.5]},
								"down": {"uv": [4, 10.5], "uv_size": [2, -2.5]}
							}
						},
						{
							"origin": [0.6815, 2.08286, -0.87339],
							"size": [0.2, 0.16, 0.7],
							"pivot": [0.7815, 2.26286, -0.87339],
							"rotation": [-7.16176, -13.90441, 0.59777],
							"uv": {
								"north": {"uv": [10, 2], "uv_size": [2, 1.5]},
								"east": {"uv": [9, 7], "uv_size": [2.5, 1.5]},
								"south": {"uv": [10, 4], "uv_size": [2, 1.5]},
								"west": {"uv": [10, 0], "uv_size": [2.5, 1.5]},
								"up": {"uv": [7, 6], "uv_size": [2, 2.5]},
								"down": {"uv": [4, 10.5], "uv_size": [2, -2.5]}
							}
						},
						{
							"origin": [-0.47172, 1.32499, -0.85231],
							"size": [0.25747, 0.35747, 0.77242],
							"pivot": [-0.89298, 1.50372, -0.7161],
							"rotation": [81.25382, -6.05029, -15.86338],
							"uv": {
								"north": {"uv": [23, 1], "uv_size": [0.5, 0.5]},
								"east": {"uv": [6, 19], "uv_size": [1.5, 0.5]},
								"south": {"uv": [2, 23], "uv_size": [0.5, 0.5]},
								"west": {"uv": [19, 6], "uv_size": [1.5, 0.5]},
								"up": {"uv": [8, 19], "uv_size": [0.5, 1.5]},
								"down": {"uv": [9, 20.5], "uv_size": [0.5, -1.5]}
							}
						},
						{
							"origin": [-0.27172, 1.42499, -1.25231],
							"size": [0.25747, 0.35747, 0.67242],
							"pivot": [-0.89298, 1.50372, -0.7161],
							"rotation": [-89.84007, 3.21132, -12.08681],
							"uv": {
								"north": {"uv": [23, 1], "uv_size": [0.5, 0.5]},
								"east": {"uv": [6, 19], "uv_size": [1.5, 0.5]},
								"south": {"uv": [2, 23], "uv_size": [0.5, 0.5]},
								"west": {"uv": [19, 6], "uv_size": [1.5, 0.5]},
								"up": {"uv": [8, 19], "uv_size": [0.5, 1.5]},
								"down": {"uv": [9, 20.5], "uv_size": [0.5, -1.5]}
							}
						},
						{
							"origin": [-0.13607, 0.73431, -1.04006],
							"size": [0.05747, 0.15747, 0.37242],
							"pivot": [-0.20734, 1.21305, -1.20385],
							"rotation": [72.5929, -5.10341, -37.80089],
							"uv": {
								"north": {"uv": [4, 24], "uv_size": [0.5, 0.5]},
								"east": {"uv": [21, 6], "uv_size": [1.5, 0.5]},
								"south": {"uv": [24, 4], "uv_size": [0.5, 0.5]},
								"west": {"uv": [8, 21], "uv_size": [1.5, 0.5]},
								"up": {"uv": [10, 21], "uv_size": [0.5, 1.5]},
								"down": {"uv": [11, 22.5], "uv_size": [0.5, -1.5]}
							}
						},
						{
							"origin": [0.21425, 1.32499, -0.85231],
							"size": [0.25747, 0.35747, 0.67242],
							"pivot": [0.89298, 1.50372, -0.7161],
							"rotation": [83.25528, 5.25601, 17.4127],
							"uv": {
								"north": {"uv": [23, 2], "uv_size": [0.5, 0.5]},
								"east": {"uv": [10, 19], "uv_size": [1.5, 0.5]},
								"south": {"uv": [3, 23], "uv_size": [0.5, 0.5]},
								"west": {"uv": [19, 11], "uv_size": [1.5, 0.5]},
								"up": {"uv": [12, 19], "uv_size": [0.5, 1.5]},
								"down": {"uv": [19, 13.5], "uv_size": [0.5, -1.5]}
							}
						},
						{
							"origin": [0.01425, 1.42499, -1.25231],
							"size": [0.25747, 0.35747, 0.67242],
							"pivot": [0.89298, 1.50372, -0.7161],
							"rotation": [-91.84007, -3.21132, 12.08681],
							"uv": {
								"north": {"uv": [23, 2], "uv_size": [0.5, 0.5]},
								"east": {"uv": [10, 19], "uv_size": [1.5, 0.5]},
								"south": {"uv": [3, 23], "uv_size": [0.5, 0.5]},
								"west": {"uv": [19, 11], "uv_size": [1.5, 0.5]},
								"up": {"uv": [12, 19], "uv_size": [0.5, 1.5]},
								"down": {"uv": [19, 13.5], "uv_size": [0.5, -1.5]}
							}
						},
						{
							"origin": [0.41425, 1.32499, -1.25231],
							"size": [0.05747, 0.15747, 0.47242],
							"pivot": [0.89298, 1.50372, -0.7161],
							"rotation": [67.35508, 14.18695, 32.82654],
							"uv": {
								"north": {"uv": [5, 24], "uv_size": [0.5, 0.5]},
								"east": {"uv": [21, 11], "uv_size": [1.5, 0.5]},
								"south": {"uv": [24, 5], "uv_size": [0.5, 0.5]},
								"west": {"uv": [12, 21], "uv_size": [1.5, 0.5]},
								"up": {"uv": [14, 21], "uv_size": [0.5, 1.5]},
								"down": {"uv": [15, 22.5], "uv_size": [0.5, -1.5]}
							}
						}
					]
				}
			]
		}
	]
}