{
	"format_version": "1.12.0",
	"minecraft:geometry": [
		{
			"description": {
				"identifier": "geometry.spiderfunnel",
				"texture_width": 32,
				"texture_height": 32,
				"visible_bounds_width": 4,
				"visible_bounds_height": 2.5,
				"visible_bounds_offset": [0, 0.75, 0]
			},
			"bones": [
				{
					"name": "horrorspider",
					"pivot": [0, 1.3, 0]
				},
				{
					"name": "face",
					"parent": "horrorspider",
					"pivot": [0, 2.1, 0.8],
					"rotation": [-7, 0, 0],
					"cubes": [
						{
							"origin": [0.075, 2.6, -0.65],
							"size": [0.15, 0.15, 0.1],
							"pivot": [0, 2.75336, -0.57261],
							"rotation": [-13, 0, 0],
							"uv": {
								"north": {"uv": [6, 8], "uv_size": [0.5, 0.5]},
								"east": {"uv": [21, 14], "uv_size": [0.5, 0.5]},
								"south": {"uv": [16, 21], "uv_size": [0.5, 0.5]},
								"west": {"uv": [17, 21], "uv_size": [0.5, 0.5]},
								"up": {"uv": [21, 17], "uv_size": [0.5, 0.5]},
								"down": {"uv": [18, 21.5], "uv_size": [0.5, -0.5]}
							}
						},
						{
							"origin": [0.275, 2.7, -0.65],
							"size": [0.05, 0.05, 0.1],
							"pivot": [0, 2.75336, -0.57261],
							"rotation": [-13, 0, 0],
							"uv": {
								"north": {"uv": [6, 8], "uv_size": [0.5, 0.5]},
								"east": {"uv": [21, 14], "uv_size": [0.5, 0.5]},
								"south": {"uv": [16, 21], "uv_size": [0.5, 0.5]},
								"west": {"uv": [17, 21], "uv_size": [0.5, 0.5]},
								"up": {"uv": [21, 17], "uv_size": [0.5, 0.5]},
								"down": {"uv": [18, 21.5], "uv_size": [0.5, -0.5]}
							}
						},
						{
							"origin": [0.175, 2.8, -0.65],
							"size": [0.05, 0.05, 0.05],
							"pivot": [0, 2.75336, -0.57261],
							"rotation": [-66, 0, 0],
							"uv": {
								"north": {"uv": [6, 8], "uv_size": [0.5, 0.5]},
								"east": {"uv": [21, 14], "uv_size": [0.5, 0.5]},
								"south": {"uv": [16, 21], "uv_size": [0.5, 0.5]},
								"west": {"uv": [17, 21], "uv_size": [0.5, 0.5]},
								"up": {"uv": [21, 17], "uv_size": [0.5, 0.5]},
								"down": {"uv": [18, 21.5], "uv_size": [0.5, -0.5]}
							}
						},
						{
							"origin": [-0.325, 2.7, -0.65],
							"size": [0.05, 0.05, 0.1],
							"pivot": [0, 2.75336, -0.57261],
							"rotation": [-13, 0, 0],
							"uv": {
								"north": {"uv": [6, 8], "uv_size": [0.5, 0.5]},
								"east": {"uv": [21, 14], "uv_size": [0.5, 0.5]},
								"south": {"uv": [16, 21], "uv_size": [0.5, 0.5]},
								"west": {"uv": [17, 21], "uv_size": [0.5, 0.5]},
								"up": {"uv": [21, 17], "uv_size": [0.5, 0.5]},
								"down": {"uv": [18, 21.5], "uv_size": [0.5, -0.5]}
							}
						},
						{
							"origin": [-0.225, 2.8, -0.65],
							"size": [0.05, 0.05, 0.05],
							"pivot": [0, 2.75336, -0.57261],
							"rotation": [-70, 0, 0],
							"uv": {
								"north": {"uv": [6, 8], "uv_size": [0.5, 0.5]},
								"east": {"uv": [21, 14], "uv_size": [0.5, 0.5]},
								"south": {"uv": [16, 21], "uv_size": [0.5, 0.5]},
								"west": {"uv": [17, 21], "uv_size": [0.5, 0.5]},
								"up": {"uv": [21, 17], "uv_size": [0.5, 0.5]},
								"down": {"uv": [18, 21.5], "uv_size": [0.5, -0.5]}
							}
						},
						{
							"origin": [-0.225, 2.6, -0.65],
							"size": [0.15, 0.15, 0.1],
							"pivot": [0, 2.75336, -0.57261],
							"rotation": [-13, 0, 0],
							"uv": {
								"north": {"uv": [21, 18], "uv_size": [0.5, 0.5]},
								"east": {"uv": [19, 21], "uv_size": [0.5, 0.5]},
								"south": {"uv": [21, 19], "uv_size": [0.5, 0.5]},
								"west": {"uv": [20, 21], "uv_size": [0.5, 0.5]},
								"up": {"uv": [21, 20], "uv_size": [0.5, 0.5]},
								"down": {"uv": [21, 21.5], "uv_size": [0.5, -0.5]}
							}
						},
						{
							"origin": [0.05, 2.83874, -0.61917],
							"size": [0.1, 0.1, 0.1],
							"pivot": [0, 2.75336, -0.57261],
							"rotation": [-67, 0, 0],
							"uv": {
								"north": {"uv": [18, 22], "uv_size": [0.5, 0.5]},
								"east": {"uv": [22, 18], "uv_size": [0.5, 0.5]},
								"south": {"uv": [19, 22], "uv_size": [0.5, 0.5]},
								"west": {"uv": [22, 19], "uv_size": [0.5, 0.5]},
								"up": {"uv": [20, 22], "uv_size": [0.5, 0.5]},
								"down": {"uv": [22, 20.5], "uv_size": [0.5, -0.5]}
							}
						},
						{
							"origin": [-0.15, 2.84026, -0.61267],
							"size": [0.1, 0.1, 0.1],
							"pivot": [0, 2.75336, -0.57261],
							"rotation": [-65, 0, 0],
							"uv": {
								"north": {"uv": [21, 22], "uv_size": [0.5, 0.5]},
								"east": {"uv": [22, 21], "uv_size": [0.5, 0.5]},
								"south": {"uv": [22, 22], "uv_size": [0.5, 0.5]},
								"west": {"uv": [0, 23], "uv_size": [0.5, 0.5]},
								"up": {"uv": [23, 0], "uv_size": [0.5, 0.5]},
								"down": {"uv": [1, 23.5], "uv_size": [0.5, -0.5]}
							}
						}
					]
				},
				{
					"name": "petapalps",
					"parent": "face",
					"pivot": [-0.9, 1.4, -0.2],
					"cubes": [
						{
							"origin": [-0.90326, 1.49395, -2.15231],
							"size": [0.3, 0.36, 2],
							"pivot": [-0.80326, 2.37395, -0.85231],
							"rotation": [-4.42686, 9.15798, 5.19213],
							"uv": {
								"north": {"uv": [9.5, 16], "uv_size": [-0.5, -1]},
								"east": {"uv": [2.5, 14], "uv_size": [1, 0.5]},
								"south": {"uv": [3.5, 13], "uv_size": [1, 0.5]},
								"west": {"uv": [9, 15], "uv_size": [0.5, 1]},
								"up": {"uv": [9, 15], "uv_size": [0.5, 1]},
								"down": {"uv": [9, 16], "uv_size": [0.5, -1]}
							}
						},
						{"origin": [-1.27251, 2.56837, -3.94993], "size": [0.2, 0.26, 1.7], "pivot": [-0.92251, 2.34837, -1.34993], "rotation": [51.90703, -1.6392, -12.02757], "uv": [9, 6]},
						{"origin": [-0.8557, 0.27247, -3.77831], "size": [0.2, 0.16, 0.6], "pivot": [-0.70574, 0.40247, -3.32831], "rotation": [62.09948, 9.84813, -0.54062], "uv": [8, 7]},
						{"origin": [1.0201, 2.33809, -3.68398], "size": [0.2, 0.26, 1.9], "pivot": [0.83011, 1.81809, -1.48398], "rotation": [54.19513, 5.41349, 14.16888], "uv": [9, 6]},
						{"origin": [0.54138, 0.10486, -3.72568], "size": [0.2, 0.16, 0.6], "pivot": [0.64138, 0.23486, -3.47568], "rotation": [59.56094, -11.00466, 6.75582], "uv": [8, 7]},
						{
							"origin": [0.6815, 1.48286, -2.27339],
							"size": [0.3, 0.36, 2.1],
							"pivot": [0.6815, 1.76286, -0.87339],
							"rotation": [-8.94608, -10.75994, -2.09483],
							"uv": {
								"north": {"uv": [10, 2], "uv_size": [2, 1.5]},
								"east": {"uv": [9, 7], "uv_size": [2.5, 1.5]},
								"south": {"uv": [10, 4], "uv_size": [2, 1.5]},
								"west": {"uv": [10, 0], "uv_size": [2.5, 1.5]},
								"up": {"uv": [9, 15], "uv_size": [0.5, 1]},
								"down": {"uv": [4, 10.5], "uv_size": [2, -2.5]}
							}
						},
						{
							"origin": [-0.57172, 1.42499, -1.35231],
							"size": [0.45747, 0.55747, 1.27242],
							"pivot": [-0.89298, 1.60372, -0.7161],
							"rotation": [80.19718, -4.10932, -3.97395],
							"uv": {
								"north": {"uv": [23, 1], "uv_size": [0.5, 0.5]},
								"east": {"uv": [6, 19], "uv_size": [1.5, 0.5]},
								"south": {"uv": [2, 23], "uv_size": [0.5, 0.5]},
								"west": {"uv": [19, 6], "uv_size": [1.5, 0.5]},
								"up": {"uv": [8, 19], "uv_size": [0.5, 1.5]},
								"down": {"uv": [9, 20.5], "uv_size": [0.5, -1.5]}
							}
						},
						{
							"origin": [-0.27172, 1.52499, -1.25231],
							"size": [0.25747, 0.35747, 0.67242],
							"pivot": [-0.89298, 1.60372, -0.7161],
							"rotation": [-89.84007, 3.21132, -12.08681],
							"uv": {
								"north": {"uv": [23, 1], "uv_size": [0.5, 0.5]},
								"east": {"uv": [6, 19], "uv_size": [1.5, 0.5]},
								"south": {"uv": [2, 23], "uv_size": [0.5, 0.5]},
								"west": {"uv": [19, 6], "uv_size": [1.5, 0.5]},
								"up": {"uv": [8, 19], "uv_size": [0.5, 1.5]},
								"down": {"uv": [9, 20.5], "uv_size": [0.5, -1.5]}
							}
						},
						{
							"origin": [-0.38607, 0.83431, -1.4601],
							"size": [0.05747, 0.15747, 0.37242],
							"pivot": [-0.20734, 1.31305, -1.20385],
							"rotation": [72.5929, -5.10341, -37.80089],
							"uv": {
								"north": {"uv": [4, 24], "uv_size": [0.5, 0.5]},
								"east": {"uv": [21, 6], "uv_size": [1.5, 0.5]},
								"south": {"uv": [24, 4], "uv_size": [0.5, 0.5]},
								"west": {"uv": [8, 21], "uv_size": [1.5, 0.5]},
								"up": {"uv": [10, 21], "uv_size": [0.5, 1.5]},
								"down": {"uv": [11, 22.5], "uv_size": [0.5, -1.5]}
							}
						},
						{
							"origin": [0.11425, 1.42499, -1.35231],
							"size": [0.45747, 0.55747, 1.27242],
							"pivot": [0.89298, 1.60372, -0.7161],
							"rotation": [82.31495, 3.74342, 5.47112],
							"uv": {
								"north": {"uv": [23, 2], "uv_size": [0.5, 0.5]},
								"east": {"uv": [10, 19], "uv_size": [1.5, 0.5]},
								"south": {"uv": [3, 23], "uv_size": [0.5, 0.5]},
								"west": {"uv": [19, 11], "uv_size": [1.5, 0.5]},
								"up": {"uv": [12, 19], "uv_size": [0.5, 1.5]},
								"down": {"uv": [19, 13.5], "uv_size": [0.5, -1.5]}
							}
						},
						{
							"origin": [0.01425, 1.52499, -1.25231],
							"size": [0.25747, 0.35747, 0.67242],
							"pivot": [0.89298, 1.60372, -0.7161],
							"rotation": [-91.84007, -3.21132, 12.08681],
							"uv": {
								"north": {"uv": [23, 2], "uv_size": [0.5, 0.5]},
								"east": {"uv": [10, 19], "uv_size": [1.5, 0.5]},
								"south": {"uv": [3, 23], "uv_size": [0.5, 0.5]},
								"west": {"uv": [19, 11], "uv_size": [1.5, 0.5]},
								"up": {"uv": [12, 19], "uv_size": [0.5, 1.5]},
								"down": {"uv": [19, 13.5], "uv_size": [0.5, -1.5]}
							}
						},
						{
							"origin": [0.61425, 1.42499, -1.75231],
							"size": [0.05747, 0.15747, 0.47242],
							"pivot": [0.89298, 1.60372, -0.7161],
							"rotation": [67.35508, 14.18695, 32.82654],
							"uv": {
								"north": {"uv": [5, 24], "uv_size": [0.5, 0.5]},
								"east": {"uv": [21, 11], "uv_size": [1.5, 0.5]},
								"south": {"uv": [24, 5], "uv_size": [0.5, 0.5]},
								"west": {"uv": [12, 21], "uv_size": [1.5, 0.5]},
								"up": {"uv": [14, 21], "uv_size": [0.5, 1.5]},
								"down": {"uv": [15, 22.5], "uv_size": [0.5, -1.5]}
							}
						}
					]
				},
				{
					"name": "legs",
					"parent": "horrorspider",
					"pivot": [1.77734, -0.59975, 1.32243]
				},
				{
					"name": "L4",
					"parent": "legs",
					"pivot": [1.1, 2.4, 2],
					"rotation": [-9.01274, 3.07305, 1.08631],
					"cubes": [
						{
							"origin": [-1.02989, 3.04986, 3.16151],
							"size": [3.9, 0.275, 0.4],
							"pivot": [2.22011, 3.53736, 3.31151],
							"rotation": [28.47911, -34.94294, -49.34545],
							"uv": {
								"north": {"uv": [0, 15], "uv_size": [4, 0.5]},
								"east": {"uv": [23, 11], "uv_size": [0.5, 0.5]},
								"south": {"uv": [4, 15], "uv_size": [4, 0.5]},
								"west": {"uv": [12, 23], "uv_size": [0.5, 0.5]},
								"up": {"uv": [8, 15], "uv_size": [4, 0.5]},
								"down": {"uv": [15, 11.5], "uv_size": [4, -0.5]}
							}
						},
						{
							"origin": [2.77011, 3.64986, 2.76151],
							"size": [1.2, 0.275, 0.4],
							"pivot": [2.22011, 3.53736, 3.31151],
							"rotation": [-51.44331, -70.28758, 45.32374],
							"uv": {
								"north": {"uv": [0, 15], "uv_size": [4, 0.5]},
								"east": {"uv": [23, 11], "uv_size": [0.5, 0.5]},
								"south": {"uv": [4, 15], "uv_size": [4, 0.5]},
								"west": {"uv": [12, 23], "uv_size": [0.5, 0.5]},
								"up": {"uv": [8, 15], "uv_size": [4, 0.5]},
								"down": {"uv": [15, 11.5], "uv_size": [4, -0.5]}
							}
						}
					]
				},
				{
					"name": "legtip4",
					"parent": "L4",
					"pivot": [4.89093, 0.74177, 7.57181],
					"cubes": [
						{
							"origin": [3.03057, 2.30715, 6.06634],
							"size": [2.8, 0.275, 0.3],
							"pivot": [4.23057, 3.49465, 5.91634],
							"rotation": [-32.73877, -41.48779, 51.64672],
							"uv": {
								"north": {"uv": [10, 11], "uv_size": [4.5, 0.5]},
								"east": {"uv": [23, 12], "uv_size": [0.5, 0.5]},
								"south": {"uv": [11, 10], "uv_size": [4.5, 0.5]},
								"west": {"uv": [13, 23], "uv_size": [0.5, 0.5]},
								"up": {"uv": [0, 12], "uv_size": [4.5, 0.5]},
								"down": {"uv": [12, 2.5], "uv_size": [4.5, -0.5]}
							}
						},
						{
							"origin": [3.34093, 0.45427, 7.67181],
							"size": [1.5, 0.175, 0.2],
							"pivot": [4.89093, 0.74177, 7.57181],
							"rotation": [-51.10207, -35.6248, 69.85871],
							"uv": {
								"north": {"uv": [10, 11], "uv_size": [4.5, 0.5]},
								"east": {"uv": [23, 12], "uv_size": [0.5, 0.5]},
								"south": {"uv": [11, 10], "uv_size": [4.5, 0.5]},
								"west": {"uv": [13, 23], "uv_size": [0.5, 0.5]},
								"up": {"uv": [0, 12], "uv_size": [4.5, 0.5]},
								"down": {"uv": [12, 2.5], "uv_size": [4.5, -0.5]}
							}
						}
					]
				},
				{
					"name": "L3",
					"parent": "legs",
					"pivot": [0.9, 2.4, 1.3],
					"cubes": [
						{
							"origin": [2.12734, 1.20025, 1.07243],
							"size": [3.1, 0.375, 0.4],
							"pivot": [1.47734, -0.59975, 1.12243],
							"rotation": [6.84197, -15.27966, -34.65048],
							"uv": {
								"north": {"uv": [0, 17], "uv_size": [3, 0.5]},
								"east": {"uv": [23, 14], "uv_size": [0.5, 0.5]},
								"south": {"uv": [17, 2], "uv_size": [3, 0.5]},
								"west": {"uv": [15, 23], "uv_size": [0.5, 0.5]},
								"up": {"uv": [3, 17], "uv_size": [3, 0.5]},
								"down": {"uv": [17, 3.5], "uv_size": [3, -0.5]}
							}
						},
						{
							"origin": [3.30911, 2.90299, 1.86546],
							"size": [0.7, 0.275, 0.4],
							"pivot": [3.45911, 3.19049, 2.06546],
							"rotation": [-3.92352, -26.46677, 16.29184],
							"uv": {
								"north": {"uv": [0, 17], "uv_size": [3, 0.5]},
								"east": {"uv": [23, 14], "uv_size": [0.5, 0.5]},
								"south": {"uv": [17, 2], "uv_size": [3, 0.5]},
								"west": {"uv": [15, 23], "uv_size": [0.5, 0.5]},
								"up": {"uv": [3, 17], "uv_size": [3, 0.5]},
								"down": {"uv": [17, 3.5], "uv_size": [3, -0.5]}
							}
						}
					]
				},
				{
					"name": "legtip3",
					"parent": "L3",
					"pivot": [4.37266, 2.58559, 2.07159],
					"cubes": [
						{
							"origin": [4.47194, -0.93401, 2.1681],
							"size": [1.3, 0.175, 0.2],
							"pivot": [6.17194, -0.34651, 2.36805],
							"rotation": [-0.9862, -0.54724, 72.1621],
							"uv": {
								"north": {"uv": [12, 15], "uv_size": [4, 0.5]},
								"east": {"uv": [23, 13], "uv_size": [0.5, 0.5]},
								"south": {"uv": [15, 12], "uv_size": [4, 0.5]},
								"west": {"uv": [14, 23], "uv_size": [0.5, 0.5]},
								"up": {"uv": [15, 13], "uv_size": [4, 0.5]},
								"down": {"uv": [15, 14.5], "uv_size": [4, -0.5]}
							}
						},
						{
							"origin": [3.72266, 2.29809, 2.22159],
							"size": [2.3, 0.175, 0.3],
							"pivot": [4.37266, 2.58559, 2.07159],
							"rotation": [-10.55145, 2.42829, 52.36499],
							"uv": {
								"north": {"uv": [12, 15], "uv_size": [4, 0.5]},
								"east": {"uv": [23, 13], "uv_size": [0.5, 0.5]},
								"south": {"uv": [15, 12], "uv_size": [4, 0.5]},
								"west": {"uv": [14, 23], "uv_size": [0.5, 0.5]},
								"up": {"uv": [15, 13], "uv_size": [4, 0.5]},
								"down": {"uv": [15, 14.5], "uv_size": [4, -0.5]}
							}
						}
					]
				},
				{
					"name": "R3",
					"parent": "legs",
					"pivot": [-1.3, 2.4, 1.2],
					"cubes": [
						{
							"origin": [-5.32734, 1.40025, 1.07243],
							"size": [3.1, 0.375, 0.4],
							"pivot": [-1.57734, -0.39975, 1.12243],
							"rotation": [6.84197, 15.27966, 34.65048],
							"uv": {
								"north": {"uv": [3, 17], "uv_size": [-3, 0.5]},
								"east": {"uv": [15.5, 23], "uv_size": [-0.5, 0.5]},
								"south": {"uv": [20, 2], "uv_size": [-3, 0.5]},
								"west": {"uv": [23.5, 14], "uv_size": [-0.5, 0.5]},
								"up": {"uv": [6, 17], "uv_size": [-3, 0.5]},
								"down": {"uv": [20, 3.5], "uv_size": [-3, -0.5]}
							}
						},
						{
							"origin": [-4.10911, 3.10299, 1.9],
							"size": [0.7, 0.275, 0.4],
							"pivot": [-3.55911, 3.39049, 2.06546],
							"rotation": [-3.85886, 24.47138, -16.14152],
							"uv": {
								"north": {"uv": [3, 17], "uv_size": [-3, 0.5]},
								"east": {"uv": [15.5, 23], "uv_size": [-0.5, 0.5]},
								"south": {"uv": [20, 2], "uv_size": [-3, 0.5]},
								"west": {"uv": [23.5, 14], "uv_size": [-0.5, 0.5]},
								"up": {"uv": [6, 17], "uv_size": [-3, 0.5]},
								"down": {"uv": [20, 3.5], "uv_size": [-3, -0.5]}
							}
						}
					]
				},
				{
					"name": "legtip7",
					"parent": "R3",
					"pivot": [-9.87266, 2.58559, 2.07159],
					"cubes": [
						{
							"origin": [-6.07194, -0.73401, 2.21805],
							"size": [1.5, 0.175, 0.2],
							"pivot": [-6.27194, -0.14651, 2.36805],
							"rotation": [-0.9862, 0.54724, -72.1621],
							"uv": {
								"north": {"uv": [16, 15], "uv_size": [-4, 0.5]},
								"east": {"uv": [14.5, 23], "uv_size": [-0.5, 0.5]},
								"south": {"uv": [19, 12], "uv_size": [-4, 0.5]},
								"west": {"uv": [23.5, 13], "uv_size": [-0.5, 0.5]},
								"up": {"uv": [19, 13], "uv_size": [-4, 0.5]},
								"down": {"uv": [19, 14.5], "uv_size": [-4, -0.5]}
							}
						},
						{
							"origin": [-6.12266, 2.49809, 2.22159],
							"size": [2.3, 0.175, 0.3],
							"pivot": [-4.47266, 2.78559, 2.07159],
							"rotation": [-10.55145, -2.42829, -52.36499],
							"uv": {
								"north": {"uv": [16, 15], "uv_size": [-4, 0.5]},
								"east": {"uv": [14.5, 23], "uv_size": [-0.5, 0.5]},
								"south": {"uv": [19, 12], "uv_size": [-4, 0.5]},
								"west": {"uv": [23.5, 13], "uv_size": [-0.5, 0.5]},
								"up": {"uv": [19, 13], "uv_size": [-4, 0.5]},
								"down": {"uv": [19, 14.5], "uv_size": [-4, -0.5]}
							}
						}
					]
				},
				{
					"name": "L2",
					"parent": "legs",
					"pivot": [1.1, 2.4, 0.4],
					"rotation": [0, 5, 0],
					"cubes": [
						{
							"origin": [2.15, 1.70393, 0.19838],
							"size": [3.2, 0.275, 0.4],
							"pivot": [1.7, -0.59607, 0.74838],
							"rotation": [-7.09493, 8.6448, -31.76629],
							"uv": {
								"north": {"uv": [12, 17], "uv_size": [2.5, 0.5]},
								"east": {"uv": [23, 17], "uv_size": [0.5, 0.5]},
								"south": {"uv": [15, 17], "uv_size": [2.5, 0.5]},
								"west": {"uv": [18, 23], "uv_size": [0.5, 0.5]},
								"up": {"uv": [0, 18], "uv_size": [2.5, 0.5]},
								"down": {"uv": [18, 0.5], "uv_size": [2.5, -0.5]}
							}
						},
						{
							"origin": [3.24729, 3.23549, -0.44523],
							"size": [1.1, 0.275, 0.4],
							"pivot": [4.09729, 3.57299, -0.29523],
							"rotation": [-4.54601, 32.15581, -7.88833],
							"uv": {
								"north": {"uv": [12, 7], "uv_size": [4.5, 0.5]},
								"east": {"uv": [23, 18], "uv_size": [0.5, 0.5]},
								"south": {"uv": [12, 8], "uv_size": [4.5, 0.5]},
								"west": {"uv": [19, 23], "uv_size": [0.5, 0.5]},
								"up": {"uv": [10, 12], "uv_size": [4.5, 0.5]},
								"down": {"uv": [0, 13.5], "uv_size": [4.5, -0.5]}
							}
						}
					]
				},
				{
					"name": "legtip",
					"parent": "L2",
					"pivot": [6.93454, -0.12867, -0.97544],
					"cubes": [
						{
							"origin": [3.32891, 2.26618, -0.62474],
							"size": [2.7, 0.275, 0.3],
							"pivot": [4.92891, 1.80368, -0.27474],
							"rotation": [9.241, 6.43426, 47.85925],
							"uv": {
								"north": {"uv": [12, 7], "uv_size": [4.5, 0.5]},
								"east": {"uv": [23, 18], "uv_size": [0.5, 0.5]},
								"south": {"uv": [12, 8], "uv_size": [4.5, 0.5]},
								"west": {"uv": [19, 23], "uv_size": [0.5, 0.5]},
								"up": {"uv": [10, 12], "uv_size": [4.5, 0.5]},
								"down": {"uv": [0, 13.5], "uv_size": [4.5, -0.5]}
							}
						},
						{
							"origin": [5.08454, -0.51617, -1.07544],
							"size": [1.6, 0.175, 0.2],
							"pivot": [6.93454, -0.12867, -0.97544],
							"rotation": [24.40972, 5.93333, 66.45778],
							"uv": {
								"north": {"uv": [12, 7], "uv_size": [4.5, 0.5]},
								"east": {"uv": [23, 18], "uv_size": [0.5, 0.5]},
								"south": {"uv": [12, 8], "uv_size": [4.5, 0.5]},
								"west": {"uv": [19, 23], "uv_size": [0.5, 0.5]},
								"up": {"uv": [10, 12], "uv_size": [4.5, 0.5]},
								"down": {"uv": [0, 13.5], "uv_size": [4.5, -0.5]}
							}
						}
					]
				},
				{
					"name": "R2",
					"parent": "legs",
					"pivot": [-1.2, 2.4, 0.4],
					"rotation": [-3, -4, 0],
					"cubes": [
						{
							"origin": [-5.99421, 3.98219, -0.64539],
							"size": [3.2, 0.275, 0.4],
							"pivot": [-6.5, -0.59607, 0.74838],
							"rotation": [-7.16211, -8.48371, 29.7839],
							"uv": {
								"north": {"uv": [14.5, 17], "uv_size": [-2.5, 0.5]},
								"east": {"uv": [18.5, 23], "uv_size": [-0.5, 0.5]},
								"south": {"uv": [17.5, 17], "uv_size": [-2.5, 0.5]},
								"west": {"uv": [23.5, 17], "uv_size": [-0.5, 0.5]},
								"up": {"uv": [2.5, 18], "uv_size": [-2.5, 0.5]},
								"down": {"uv": [20.5, 0.5], "uv_size": [-2.5, -0.5]}
							}
						},
						{
							"origin": [-4.41989, 3.17949, -0.24171],
							"size": [1.1, 0.275, 0.4],
							"pivot": [-3.86989, 3.31699, -0.04171],
							"rotation": [-4.06976, -32.11174, 4.79821],
							"uv": {
								"north": {"uv": [16.5, 7], "uv_size": [-4.5, 0.5]},
								"east": {"uv": [19.5, 23], "uv_size": [-0.5, 0.5]},
								"south": {"uv": [16.5, 8], "uv_size": [-4.5, 0.5]},
								"west": {"uv": [23.5, 18], "uv_size": [-0.5, 0.5]},
								"up": {"uv": [14.5, 12], "uv_size": [-4.5, 0.5]},
								"down": {"uv": [4.5, 13.5], "uv_size": [-4.5, -0.5]}
							}
						}
					]
				},
				{
					"name": "legtip6",
					"parent": "R2",
					"pivot": [-11.73454, -0.12867, -0.97544],
					"cubes": [
						{
							"origin": [-7.75862, -1.34006, -1.48575],
							"size": [2.7, 0.275, 0.3],
							"pivot": [-9.72891, 1.80368, -0.27474],
							"rotation": [9.06949, -6.47059, -49.83237],
							"uv": {
								"north": {"uv": [16.5, 7], "uv_size": [-4.5, 0.5]},
								"east": {"uv": [19.5, 23], "uv_size": [-0.5, 0.5]},
								"south": {"uv": [16.5, 8], "uv_size": [-4.5, 0.5]},
								"west": {"uv": [23.5, 18], "uv_size": [-0.5, 0.5]},
								"up": {"uv": [14.5, 12], "uv_size": [-4.5, 0.5]},
								"down": {"uv": [4.5, 13.5], "uv_size": [-4.5, -0.5]}
							}
						},
						{
							"origin": [-9.74506, -4.55886, -3.02578],
							"size": [1.6, 0.175, 0.2],
							"pivot": [-11.73454, -0.12867, -0.97544],
							"rotation": [24.25896, -6.02212, -68.43448],
							"uv": {
								"north": {"uv": [16.5, 7], "uv_size": [-4.5, 0.5]},
								"east": {"uv": [19.5, 23], "uv_size": [-0.5, 0.5]},
								"south": {"uv": [16.5, 8], "uv_size": [-4.5, 0.5]},
								"west": {"uv": [23.5, 18], "uv_size": [-0.5, 0.5]},
								"up": {"uv": [14.5, 12], "uv_size": [-4.5, 0.5]},
								"down": {"uv": [4.5, 13.5], "uv_size": [-4.5, -0.5]}
							}
						}
					]
				},
				{
					"name": "L1",
					"parent": "legs",
					"pivot": [1.2, 2.1, -0.1],
					"rotation": [17, 3, -8],
					"cubes": [
						{
							"origin": [-0.00161, 2.29883, -1.27044],
							"size": [3.1, 0.375, 0.3],
							"pivot": [1.84839, 2.53633, -1.02044],
							"rotation": [-25.20582, 40.38386, -43.06446],
							"uv": {
								"north": {"uv": [12, 18], "uv_size": [2.5, 0.5]},
								"east": {"uv": [23, 21], "uv_size": [0.5, 0.5]},
								"south": {"uv": [15, 18], "uv_size": [2.5, 0.5]},
								"west": {"uv": [22, 23], "uv_size": [0.5, 0.5]},
								"up": {"uv": [18, 17], "uv_size": [2.5, 0.5]},
								"down": {"uv": [18, 18.5], "uv_size": [2.5, -0.5]}
							}
						},
						{
							"origin": [2.5254, 4.07086, -4.6852],
							"size": [1.1, 0.275, 0.4],
							"pivot": [3.8754, 3.30836, -3.2352],
							"rotation": [-76.96372, 55.03602, -87.92009],
							"uv": {
								"north": {"uv": [12, 18], "uv_size": [2.5, 0.5]},
								"east": {"uv": [23, 21], "uv_size": [0.5, 0.5]},
								"south": {"uv": [15, 18], "uv_size": [2.5, 0.5]},
								"west": {"uv": [22, 23], "uv_size": [0.5, 0.5]},
								"up": {"uv": [18, 17], "uv_size": [2.5, 0.5]},
								"down": {"uv": [18, 18.5], "uv_size": [2.5, -0.5]}
							}
						}
					]
				},
				{
					"name": "legtip2",
					"parent": "L1",
					"pivot": [3.10239, 1.95457, -4.12658],
					"cubes": [
						{
							"origin": [1.83659, -0.12549, -7.70058],
							"size": [1.9, 0.175, 0.2],
							"pivot": [4.78659, -0.13799, -5.85058],
							"rotation": [54.68773, 33.07346, 90.25271],
							"uv": {
								"north": {"uv": [0, 16], "uv_size": [4, 0.5]},
								"east": {"uv": [23, 22], "uv_size": [0.5, 0.5]},
								"south": {"uv": [4, 16], "uv_size": [4, 0.5]},
								"west": {"uv": [23, 23], "uv_size": [0.5, 0.5]},
								"up": {"uv": [8, 16], "uv_size": [4, 0.5]},
								"down": {"uv": [16, 9.5], "uv_size": [4, -0.5]}
							}
						},
						{
							"origin": [1.00239, 2.91707, -4.82658],
							"size": [2.9, 0.275, 0.3],
							"pivot": [3.10239, 1.95457, -4.12658],
							"rotation": [16.80161, 62.69034, 42.03513],
							"uv": {
								"north": {"uv": [0, 16], "uv_size": [4, 0.5]},
								"east": {"uv": [23, 22], "uv_size": [0.5, 0.5]},
								"south": {"uv": [4, 16], "uv_size": [4, 0.5]},
								"west": {"uv": [23, 23], "uv_size": [0.5, 0.5]},
								"up": {"uv": [8, 16], "uv_size": [4, 0.5]},
								"down": {"uv": [16, 9.5], "uv_size": [4, -0.5]}
							}
						}
					]
				},
				{
					"name": "R1",
					"parent": "legs",
					"pivot": [-0.9, 2.4, -0.2],
					"rotation": [0, 0, -3],
					"cubes": [
						{
							"origin": [-4.29556, 2.9562, -2.95553],
							"size": [3.2, 0.375, 0.3],
							"pivot": [-3.84839, 2.53633, -1.02044],
							"rotation": [-25.04212, -51.5593, 42.66813],
							"uv": {
								"north": {"uv": [14.5, 18], "uv_size": [-2.5, 0.5]},
								"east": {"uv": [22.5, 23], "uv_size": [-0.5, 0.5]},
								"south": {"uv": [17.5, 18], "uv_size": [-2.5, 0.5]},
								"west": {"uv": [23.5, 21], "uv_size": [-0.5, 0.5]},
								"up": {"uv": [20.5, 17], "uv_size": [-2.5, 0.5]},
								"down": {"uv": [20.5, 18.5], "uv_size": [-2.5, -0.5]}
							}
						},
						{
							"origin": [-3.60635, 2.82389, -2.43871],
							"size": [1, 0.275, 0.4],
							"pivot": [-2.46274, 3.19411, -2.02578],
							"rotation": [-124.32941, -84.9515, 137.1547],
							"uv": {
								"north": {"uv": [14.5, 18], "uv_size": [-2.5, 0.5]},
								"east": {"uv": [22.5, 23], "uv_size": [-0.5, 0.5]},
								"south": {"uv": [17.5, 18], "uv_size": [-2.5, 0.5]},
								"west": {"uv": [23.5, 21], "uv_size": [-0.5, 0.5]},
								"up": {"uv": [20.5, 17], "uv_size": [-2.5, 0.5]},
								"down": {"uv": [20.5, 18.5], "uv_size": [-2.5, -0.5]}
							}
						}
					]
				},
				{
					"name": "legtip5",
					"parent": "R1",
					"pivot": [-5.10239, 1.95457, -4.12658],
					"cubes": [
						{
							"origin": [-4.69506, 1.05146, -5.5892],
							"size": [1.8, 0.175, 0.2],
							"pivot": [-3.34506, 1.23896, -5.42921],
							"rotation": [57.67025, -18.40785, -87.29393],
							"uv": {
								"north": {"uv": [4, 16], "uv_size": [-4, 0.5]},
								"east": {"uv": [23.5, 23], "uv_size": [-0.5, 0.5]},
								"south": {"uv": [8, 16], "uv_size": [-4, 0.5]},
								"west": {"uv": [23.5, 22], "uv_size": [-0.5, 0.5]},
								"up": {"uv": [12, 16], "uv_size": [-4, 0.5]},
								"down": {"uv": [20, 9.5], "uv_size": [-4, -0.5]}
							}
						},
						{
							"origin": [-4.19754, 2.258, -4.0794],
							"size": [2.8, 0.275, 0.3],
							"pivot": [-2.54754, 2.4955, -4.1294],
							"rotation": [29.1004, -53.27555, -55.05793],
							"uv": {
								"north": {"uv": [4, 16], "uv_size": [-4, 0.5]},
								"east": {"uv": [23.5, 23], "uv_size": [-0.5, 0.5]},
								"south": {"uv": [8, 16], "uv_size": [-4, 0.5]},
								"west": {"uv": [23.5, 22], "uv_size": [-0.5, 0.5]},
								"up": {"uv": [12, 16], "uv_size": [-4, 0.5]},
								"down": {"uv": [20, 9.5], "uv_size": [-4, -0.5]}
							}
						}
					]
				},
				{
					"name": "R4",
					"parent": "legs",
					"pivot": [-1.2, 2.1, 1.2],
					"rotation": [0.46537, -6.96605, 4.48096],
					"cubes": [
						{
							"origin": [-3.50696, 3.38129, 4.62698],
							"size": [3.9, 0.275, 0.4],
							"pivot": [-3.82011, 3.53736, 3.31151],
							"rotation": [25.61649, 44.81214, 44.21912],
							"uv": {
								"north": {"uv": [4, 15], "uv_size": [-4, 0.5]},
								"east": {"uv": [12.5, 23], "uv_size": [-0.5, 0.5]},
								"south": {"uv": [8, 15], "uv_size": [-4, 0.5]},
								"west": {"uv": [23.5, 11], "uv_size": [-0.5, 0.5]},
								"up": {"uv": [12, 15], "uv_size": [-4, 0.5]},
								"down": {"uv": [19, 11.5], "uv_size": [-4, -0.5]}
							}
						},
						{
							"origin": [-5.52305, 3.32644, 4.54605],
							"size": [1.3, 0.275, 0.4],
							"pivot": [-3.82011, 3.53736, 3.31151],
							"rotation": [-53.16247, 74.50406, -47.0991],
							"uv": {
								"north": {"uv": [4, 15], "uv_size": [-4, 0.5]},
								"east": {"uv": [12.5, 23], "uv_size": [-0.5, 0.5]},
								"south": {"uv": [8, 15], "uv_size": [-4, 0.5]},
								"west": {"uv": [23.5, 11], "uv_size": [-0.5, 0.5]},
								"up": {"uv": [12, 15], "uv_size": [-4, 0.5]},
								"down": {"uv": [19, 11.5], "uv_size": [-4, -0.5]}
							}
						}
					]
				},
				{
					"name": "legtip8",
					"parent": "R4",
					"pivot": [-6.69093, 0.74177, 7.57181],
					"cubes": [
						{
							"origin": [-7.56688, 0.99314, 7.84611],
							"size": [2.9, 0.275, 0.3],
							"pivot": [-6.03057, 3.49465, 5.91634],
							"rotation": [-40.48577, 36.32364, -62.69743],
							"uv": {
								"north": {"uv": [14.5, 11], "uv_size": [-4.5, 0.5]},
								"east": {"uv": [13.5, 23], "uv_size": [-0.5, 0.5]},
								"south": {"uv": [15.5, 10], "uv_size": [-4.5, 0.5]},
								"west": {"uv": [23.5, 12], "uv_size": [-0.5, 0.5]},
								"up": {"uv": [4.5, 12], "uv_size": [-4.5, 0.5]},
								"down": {"uv": [16.5, 2.5], "uv_size": [-4.5, -0.5]}
							}
						},
						{
							"origin": [-7.26357, -1.20492, 9.6],
							"size": [1.6, 0.175, 0.2],
							"pivot": [-6.69093, 0.74177, 7.57181],
							"rotation": [-55.92142, 25.72249, -79.74444],
							"uv": {
								"north": {"uv": [14.5, 11], "uv_size": [-4.5, 0.5]},
								"east": {"uv": [13.5, 23], "uv_size": [-0.5, 0.5]},
								"south": {"uv": [15.5, 10], "uv_size": [-4.5, 0.5]},
								"west": {"uv": [23.5, 12], "uv_size": [-0.5, 0.5]},
								"up": {"uv": [4.5, 12], "uv_size": [-4.5, 0.5]},
								"down": {"uv": [16.5, 2.5], "uv_size": [-4.5, -0.5]}
							}
						}
					]
				},
				{
					"name": "frontbody",
					"parent": "horrorspider",
					"pivot": [0, 0.6, 1.5]
				},
				{
					"name": "mainabdomen",
					"parent": "frontbody",
					"pivot": [-0.05, 2.18013, 3.73025],
					"cubes": [
						{
							"origin": [-0.75, 1.16821, 2.1929],
							"size": [1.5, 1.575, 1.9],
							"pivot": [0, 2.85571, 3.0429],
							"rotation": [7, 0, 0],
							"uv": {
								"north": {"uv": [7, 0], "uv_size": [2.5, 2.5]},
								"east": {"uv": [0, 0], "uv_size": [4, 2.5]},
								"south": {"uv": [7, 3], "uv_size": [2.5, 2.5]},
								"west": {"uv": [0, 3], "uv_size": [4, 2.5]},
								"up": {"uv": [4, 0], "uv_size": [2.5, 4]},
								"down": {"uv": [4, 8], "uv_size": [2.5, -4]}
							}
						},
						{
							"origin": [-0.95, 1.06821, 2.6929],
							"size": [1.9, 1.275, 1.1],
							"pivot": [0, 2.85571, 3.0429],
							"rotation": [7, 0, 0],
							"uv": {
								"north": {"uv": [7, 0], "uv_size": [2.5, 2.5]},
								"east": {"uv": [0, 0], "uv_size": [4, 2.5]},
								"south": {"uv": [7, 3], "uv_size": [2.5, 2.5]},
								"west": {"uv": [0, 3], "uv_size": [4, 2.5]},
								"up": {"uv": [4, 0], "uv_size": [2.5, 4]},
								"down": {"uv": [4, 8], "uv_size": [2.5, -4]}
							}
						},
						{
							"origin": [-0.55, 1.28433, 0.39816],
							"size": [1.1, 1.075, 4.1],
							"uv": {
								"north": {"uv": [17, 4], "uv_size": [1.5, 1]},
								"east": {"uv": [6, 9], "uv_size": [4.5, 1]},
								"south": {"uv": [17, 5], "uv_size": [1.5, 1]},
								"west": {"uv": [9, 6], "uv_size": [4.5, 1]},
								"up": {"uv": [0, 6], "uv_size": [1.5, 4.5]},
								"down": {"uv": [2, 10.5], "uv_size": [1.5, -4.5]}
							}
						},
						{
							"origin": [-0.35, 1.28433, 3.19816],
							"size": [0.7, 0.975, 1.5],
							"uv": {
								"north": {"uv": [17, 4], "uv_size": [1.5, 1]},
								"east": {"uv": [6, 9], "uv_size": [4.5, 1]},
								"south": {"uv": [17, 5], "uv_size": [1.5, 1]},
								"west": {"uv": [9, 6], "uv_size": [4.5, 1]},
								"up": {"uv": [0, 6], "uv_size": [1.5, 4.5]},
								"down": {"uv": [2, 10.5], "uv_size": [1.5, -4.5]}
							}
						},
						{
							"origin": [0.15, 2.28433, 4.49816],
							"size": [0.1, 0.175, 0.7],
							"pivot": [-0.1, 2.42183, 1.89816],
							"rotation": [-14, -7, 0],
							"uv": {
								"north": {"uv": [17, 4], "uv_size": [1.5, 1]},
								"east": {"uv": [6, 9], "uv_size": [4.5, 1]},
								"south": {"uv": [17, 5], "uv_size": [1.5, 1]},
								"west": {"uv": [9, 6], "uv_size": [4.5, 1]},
								"up": {"uv": [0, 6], "uv_size": [1.5, 4.5]},
								"down": {"uv": [2, 10.5], "uv_size": [1.5, -4.5]}
							}
						},
						{
							"origin": [-0.35, 2.28433, 4.49816],
							"size": [0.1, 0.175, 0.7],
							"pivot": [-0.1, 2.42183, 1.89816],
							"rotation": [-14, 8, 0],
							"uv": {
								"north": {"uv": [17, 4], "uv_size": [1.5, 1]},
								"east": {"uv": [6, 9], "uv_size": [4.5, 1]},
								"south": {"uv": [17, 5], "uv_size": [1.5, 1]},
								"west": {"uv": [9, 6], "uv_size": [4.5, 1]},
								"up": {"uv": [0, 6], "uv_size": [1.5, 4.5]},
								"down": {"uv": [2, 10.5], "uv_size": [1.5, -4.5]}
							}
						},
						{
							"origin": [-0.55, 1.68433, 3.99816],
							"size": [1.1, 0.975, 0.3],
							"uv": {
								"north": {"uv": [17, 4], "uv_size": [1.5, 1]},
								"east": {"uv": [6, 9], "uv_size": [4.5, 1]},
								"south": {"uv": [17, 5], "uv_size": [1.5, 1]},
								"west": {"uv": [9, 6], "uv_size": [4.5, 1]},
								"up": {"uv": [0, 6], "uv_size": [1.5, 4.5]},
								"down": {"uv": [2, 10.5], "uv_size": [1.5, -4.5]}
							}
						}
					]
				},
				{
					"name": "innerbody",
					"parent": "frontbody",
					"pivot": [0, 0.4, 0],
					"cubes": [
						{
							"origin": [-0.5, 1.415, -0.9],
							"size": [1, 1.26, 0.3],
							"pivot": [0, 0.4, 0],
							"rotation": [-8, 0, 0],
							"uv": {
								"north": {"uv": [10, 2], "uv_size": [2, 1.5]},
								"east": {"uv": [9, 7], "uv_size": [2.5, 1.5]},
								"south": {"uv": [10, 4], "uv_size": [2, 1.5]},
								"west": {"uv": [10, 0], "uv_size": [2.5, 1.5]},
								"up": {"uv": [7, 6], "uv_size": [2, 2.5]},
								"down": {"uv": [4, 10.5], "uv_size": [2, -2.5]}
							}
						},
						{
							"origin": [-0.5, 1.215, -0.9],
							"size": [1, 1.66, 0.8],
							"pivot": [0, 0.4, 0],
							"rotation": [-10, 0, 0],
							"uv": {
								"north": {"uv": [10, 2], "uv_size": [2, 1.5]},
								"east": {"uv": [9, 7], "uv_size": [2.5, 1.5]},
								"south": {"uv": [10, 4], "uv_size": [2, 1.5]},
								"west": {"uv": [10, 0], "uv_size": [2.5, 1.5]},
								"up": {"uv": [7, 6], "uv_size": [2, 2.5]},
								"down": {"uv": [4, 10.5], "uv_size": [2, -2.5]}
							}
						},
						{
							"origin": [-1.1, 1.515, -0.6],
							"size": [2.2, 1.16, 1.8],
							"pivot": [0, 0.4, 0],
							"rotation": [-10, 0, 0],
							"uv": {
								"north": {"uv": [10, 2], "uv_size": [2, 1.5]},
								"east": {"uv": [9, 7], "uv_size": [2.5, 1.5]},
								"south": {"uv": [10, 4], "uv_size": [2, 1.5]},
								"west": {"uv": [10, 0], "uv_size": [2.5, 1.5]},
								"up": {"uv": [7, 6], "uv_size": [2, 2.5]},
								"down": {"uv": [4, 10.5], "uv_size": [2, -2.5]}
							}
						}
					]
				}
			]
		}
	]
}