{
	"format_version": "1.12.0",
	"minecraft:geometry": [
		{
			"description": {
				"identifier": "geometry.spidermothentity",
				"texture_width": 64,
				"texture_height": 64,
				"visible_bounds_width": 7,
				"visible_bounds_height": 5,
				"visible_bounds_offset": [0, 1.5, 0]
			},
			"bones": [
				{
					"name": "FullBody",
					"pivot": [0, 0, 0]
				},
				{
					"name": "rarmsthree",
					"parent": "FullBody",
					"pivot": [-5.64245, 18.29488, 0.06873],
					"rotation": [22.5, -25, 25],
					"cubes": [
						{"origin": [-4.00912, 6.66154, -4.79794], "size": [1, 14.5, 2], "pivot": [0.3, 0, 0], "rotation": [0, 51.5, 0], "uv": [6, 21]},
						{"origin": [-1.80912, -4.33846, -7.79794], "size": [1, 7.3, 1], "pivot": [-10.30912, -9.03846, 0.40206], "rotation": [-23.81015, -15.11965, -15.54617], "uv": [2, 23]},
						{"origin": [0.59088, -8.23846, -4.89794], "size": [0.5, 3.1, 0.5], "pivot": [-10.30912, -9.03846, 0.40206], "rotation": [-30.93158, 1.33719, -25.14989], "uv": [2, 23]}
					]
				},
				{
					"name": "rarmstwo",
					"parent": "FullBody",
					"pivot": [-2.94617, 20.23844, -0.58445],
					"rotation": [26.34387, -24.22096, 12.97387],
					"cubes": [
						{"origin": [-2.81284, 3.70511, -3.65111], "size": [1, 15.2, 2], "pivot": [0, 0, 0], "rotation": [1.07219, 46.99064, 1.46611], "uv": [6, 21]},
						{"origin": [-2.61284, -3.39489, -6.95111], "size": [0.7, 5.4, 1], "pivot": [-7.61284, -9.09489, -0.25111], "rotation": [-26.56843, -6.73595, -5.62372], "uv": [1, 22]},
						{"origin": [-2.11284, -6.49489, -6.45111], "size": [0.5, 2.9, 0.5], "pivot": [-7.61284, -9.09489, -0.25111], "rotation": [-28.19373, -5.00244, -7.50291], "uv": [2, 23]}
					]
				},
				{
					"name": "rarm",
					"parent": "FullBody",
					"pivot": [-2.67676, 21.33333, -2.12946],
					"rotation": [-0.13092, 2.49657, -3.00285],
					"cubes": [
						{"origin": [-4.40819, 7.2361, -5.97245], "size": [0.2, 3, 0.5], "pivot": [-5.05819, 8.7361, -5.77245], "rotation": [-8.62165, -4.98093, -8.6822], "uv": [19, 27]},
						{"origin": [-5.10819, 9, -7.88336], "size": [1, 4.7, 1], "pivot": [-0.00819, 2, -1.88336], "rotation": [-15, 0, 0], "uv": [1, 22]},
						{"origin": [-8.00819, 10.4, -9.88336], "size": [1, 7.8, 2], "pivot": [-0.00819, 2, -1.88336], "rotation": [-24.91818, 2.74672, 14.65352], "uv": [0, 21]}
					]
				},
				{
					"name": "larmsthree",
					"parent": "FullBody",
					"pivot": [3.4141, 21.04009, 0.06873],
					"rotation": [22.5, -25, -47.5],
					"cubes": [
						{"origin": [1.34744, 6.20675, -0.59794], "size": [1, 14.5, 2], "pivot": [0, 0, 0], "rotation": [0, 0, 4], "uv": [6, 21]},
						{"origin": [-6.95256, -1.29325, 0.30206], "size": [1, 7.1, 1], "pivot": [-1.25256, -9.29325, 0.40206], "rotation": [0, 0, 33], "uv": [1, 22]},
						{"origin": [-5.75256, -4.79325, -4.29794], "size": [0.5, 3.8, 0.5], "pivot": [-1.25256, -9.29325, 0.40206], "rotation": [-2.76131, 48.01947, 37.95421], "uv": [2, 23]}
					]
				},
				{
					"name": "larmstwo",
					"parent": "FullBody",
					"pivot": [4.94539, 18.78267, 0.06873],
					"rotation": [22.5, -25, -32.5],
					"cubes": [
						{"origin": [4.07872, 4.54934, -0.09794], "size": [1, 15.9, 2], "pivot": [0, 0, 0], "rotation": [0, 0, -3], "uv": [6, 21]},
						{"origin": [-0.42128, 0.54934, 0.50206], "size": [1, 5, 1], "pivot": [0.27872, -7.55066, 0.40206], "rotation": [2.48139, 0.30458, 18.0066], "uv": [2, 23]},
						{"origin": [-0.92128, -1.65066, 0.80206], "size": [0.5, 2.5, 0.5], "pivot": [0.27872, -7.55066, 0.40206], "rotation": [2.49392, 0.17434, 23.50379], "uv": [5, 26]}
					]
				},
				{
					"name": "larm",
					"parent": "FullBody",
					"pivot": [2.66667, 20.93333, -1.33333],
					"cubes": [
						{"origin": [2, 12.6, -2], "size": [1, 8, 2], "pivot": [2.5, 21.1, -1], "rotation": [-27.5, 0, -12.5], "uv": [6, 21]},
						{"origin": [3.5, 10.6, -5.7], "size": [1, 4, 1], "pivot": [4, 12.6, -5.5], "rotation": [-17, 0, 0], "uv": [1, 22]},
						{"origin": [2.6, 6.1, -9], "size": [0.2, 4, 0.6], "pivot": [0, -0.4, 0], "rotation": [-15.96737, 0.62604, 5.96737], "uv": [19, 24]}
					]
				},
				{
					"name": "head",
					"parent": "FullBody",
					"pivot": [0.07738, 22.17982, -2.41284],
					"rotation": [12.5, 0, 0],
					"cubes": [
						{"origin": [-5, 18.77317, -2.11449], "size": [10, 1, 4], "uv": [-1, 12]},
						{"origin": [-2, 19.97317, -3.01449], "size": [4, 4, 3], "pivot": [0, 21.97317, -1.51449], "rotation": [11, 0, 0], "uv": [17, 20]},
						{"origin": [-1.6, 19.67317, -3.41449], "size": [2.6, 3.5, 3.7], "pivot": [0, 21.97317, -1.51449], "rotation": [-92.44022, -66.77513, -86.63927], "uv": [17, 20]},
						{"origin": [-2.6, 19.67317, -3.41449], "size": [2.6, 3.5, 3.7], "pivot": [0, 21.97317, -1.51449], "rotation": [-91.06847, -25.79006, -88.41705], "uv": [17, 20]},
						{"origin": [-2, 12.97317, -17.01449], "size": [4, 6, 3], "pivot": [0, -1.02683, -2.01449], "rotation": [-37.5, 0, 0], "uv": [17, 20]},
						{"origin": [0, 19.17722, -4.99643], "size": [1, 0.8, -1], "pivot": [0.5, 19.72722, -4.99643], "rotation": [62.5, 0, 0], "uv": [22, 29]},
						{"origin": [0.1641, 24.04536, -3.0268], "size": [0.7, 0.9, 0.8], "pivot": [0.5141, 24.34536, -2.5768], "rotation": [-48.9311, -26.6232, 96.6371], "uv": [61, 1]},
						{
							"origin": [-1.021, 23.625, -2.8701],
							"size": [0.9, 1.1, 0.9],
							"pivot": [-0.6219, 24.19316, -2.4451],
							"rotation": [33.02979, -35.67867, -27.42621],
							"uv": {
								"north": {"uv": [60, 1], "uv_size": [2, 1]},
								"east": {"uv": [59, 1], "uv_size": [3, 1]},
								"south": {"uv": [60, 1], "uv_size": [2, 1]},
								"west": {"uv": [60, 1], "uv_size": [1, 1]},
								"up": {"uv": [60, 1], "uv_size": [-1, 1]},
								"down": {"uv": [62, 2], "uv_size": [-2, -1]}
							}
						},
						{"origin": [0.4, 19.57722, -8.29643], "size": [0.3, 0.2, 3.2], "pivot": [0.5, 19.72722, -4.99643], "rotation": [71.5, 0, 0], "uv": [30, 52]},
						{"origin": [0, 19.57722, -6.89643], "size": [0.3, 0.2, 3.2], "pivot": [0.5, 19.72722, -4.99643], "rotation": [71.5, 0, 0], "uv": [30, 52]},
						{"origin": [-1, 23.97317, -2.71449], "size": [2, 1, 2], "pivot": [0, 24.47317, -2.01449], "rotation": [-0.42327, -40.24815, 0.6551], "uv": [0, 14]},
						{"origin": [-0.994, 23.9644, -2.71399], "size": [2, 1, 2], "pivot": [0, 24.47317, -2.01449], "rotation": [0, 40.25, 0], "uv": [0, 10]},
						{"origin": [-1.1, 23.29811, -2.06275], "size": [2, 1, 2], "pivot": [0, 23.87317, -1.41449], "rotation": [-97.47528, 7.57131, 36.83829], "uv": [26, 10]},
						{"origin": [-0.9, 23.29815, -2.0634], "size": [2, 1, 2], "pivot": [0, 23.87317, -1.41449], "rotation": [-97.52151, -7.51768, -36.55879], "uv": [26, 10]},
						{"origin": [-1, 23.37317, -1.93949], "size": [2, 1, 2], "pivot": [0, 23.87317, -1.21449], "rotation": [143.95534, 31.81666, -20.98998], "uv": [26, 10]},
						{"origin": [-1, 23.37317, -1.93949], "size": [2, 1, 2], "pivot": [0, 23.87317, -1.21449], "rotation": [144.13605, -31.41191, 20.64526], "uv": [26, 10]},
						{"origin": [-0.67262, 24.32982, -2.58784], "size": [1.425, 0.825, 0.85], "uv": [3, 11]}
					]
				},
				{
					"name": "filler",
					"parent": "head",
					"pivot": [0, -0.47504, -0.6541],
					"cubes": [
						{"origin": [-2.5, 17.17317, -1.81449], "size": [4.9, 2.8, 3.1], "uv": [1, 14]}
					]
				},
				{
					"name": "lleg",
					"parent": "FullBody",
					"pivot": [2.5, 9.94044, 10.01172]
				},
				{
					"name": "linnerleg",
					"parent": "lleg",
					"pivot": [2.3, 9.94044, 9.71172],
					"rotation": [0, -2, 0],
					"cubes": [
						{"origin": [4.8, 1.5, 7.7], "size": [1, 12.6, 1], "pivot": [-0.2, 1, 0.7], "rotation": [25.88172, 6.71771, -18.88172], "uv": [13, 22]},
						{"origin": [3.1, -0.65956, 5.51172], "size": [0.7, 7.8, 0.7], "pivot": [2.3, 9.94044, 9.71172], "rotation": [11.9929, 0.41574, -16.95633], "uv": [2, 2]}
					]
				},
				{
					"name": "llegmain",
					"parent": "lleg",
					"pivot": [6.57056, 4.31911, 5.29119],
					"cubes": [
						{"origin": [7.1765, -6.72408, 7.49857], "size": [0.8, 9.8, 0.9], "pivot": [0.11651, 1.07592, 0.39857], "rotation": [28.29407, 1.6276, -14.99452], "uv": [14, 23]},
						{"origin": [7.21651, 1.97592, 7.39857], "size": [1, 12.7, 1], "pivot": [0.11651, 1.07592, 0.39857], "rotation": [25.53991, 4.00089, -20.53703], "uv": [13, 22]}
					]
				},
				{
					"name": "rleg",
					"parent": "FullBody",
					"pivot": [-2.5, 5.94044, 13.01172]
				},
				{
					"name": "rinnerleg",
					"parent": "rleg",
					"pivot": [-2.5, 5.94044, 13.01172],
					"cubes": [
						{"origin": [-6.7, 2.4, 9.5], "size": [1, 12.8, 1], "pivot": [0, 0, 4], "rotation": [30.01836, -3.16897, 15.56221], "uv": [19, 26]},
						{"origin": [-5.7, -0.45956, 7.61172], "size": [0.6, 7.6, 0.8], "pivot": [-2.5, 5.94044, 13.01172], "rotation": [8.82173, -5.30983, 11.98388], "uv": [2, 2]}
					]
				},
				{
					"name": "rlegmain",
					"parent": "rleg",
					"pivot": [-8.22769, 6.41903, 7.94256],
					"cubes": [
						{"origin": [-7.1, -2.5, 6.4], "size": [0.8, 9.7, 0.9], "pivot": [-16.6, 1, 1], "rotation": [29.78719, -13.44591, 8.80101], "uv": [14, 23]},
						{"origin": [-8.2, 8.4, 6.3], "size": [1, 12.3, 1], "pivot": [-16.6, 1, 1], "rotation": [22.68555, -12.69332, 15.49958], "uv": [13, 22]}
					]
				},
				{
					"name": "wings",
					"parent": "FullBody",
					"pivot": [3.51281, 19.90052, 1.80234]
				},
				{
					"name": "lwing",
					"parent": "wings",
					"pivot": [3.51281, 19.90052, 1.00234],
					"rotation": [40, -2.5, 2.5],
					"cubes": [
						{"origin": [4.28219, 16.55052, 1.88376], "size": [26, 8.4, 0.2], "pivot": [-0.71781, -1.89948, -1.01624], "rotation": [0.26017, -0.61253, -2.51627], "uv": [1, 18]},
						{"origin": [6.28219, 22.10052, 1.98376], "size": [24.6, 2.3, 0], "pivot": [-0.71781, -1.89948, -1.01624], "rotation": [0.26017, -0.61253, -2.51627], "uv": [1, 19]},
						{"origin": [19.4141, 16.445, 2.22656], "size": [10.5, 4.3, 0], "pivot": [28.5141, 18.745, 1.92656], "rotation": [5.84485, -11.06861, 154.43319], "uv": [1, 19]},
						{"origin": [27.96541, 20.92826, 1.14436], "size": [9.6, 4.2, 0], "pivot": [33.56541, 22.52826, 0.84436], "rotation": [0, 12.5, 2.5], "uv": [1, 20]}
					]
				},
				{
					"name": "rwing",
					"parent": "wings",
					"pivot": [-5.10781, 20.24586, 0.46172],
					"rotation": [40.0098, -0.89971, 2.5376],
					"cubes": [
						{"origin": [-28.71128, 16.69586, 1.4813], "size": [26, 8.4, 0.2], "pivot": [0, -0.1, -0.8], "rotation": [0, 0, -2], "uv": [1, 18]},
						{"origin": [-30.73628, 19.74586, 1.4813], "size": [25.4, 4.9, 0], "pivot": [0, -0.1, -0.8], "rotation": [0, 0, -2], "uv": [0, 20]},
						{"origin": [-29.43628, 23.84586, 7.4813], "size": [10, 3.5, 0], "pivot": [-2.03628, 3.44586, -20.5187], "rotation": [0.53577, -14.99065, -9.57049], "uv": [1, 18]},
						{"origin": [-38.53628, 14.90088, 1.50613], "size": [10.2, 4.2, 0], "pivot": [-30.13628, 17.80088, 1.50613], "rotation": [-6.40938, -13.05346, 22.18451], "uv": [1, 18]}
					]
				},
				{
					"name": "torsodouble",
					"parent": "FullBody",
					"pivot": [0, 0, 0]
				},
				{
					"name": "torso",
					"parent": "torsodouble",
					"pivot": [0.16667, 14.22731, -15.81844],
					"rotation": [37.5, 0, 0],
					"cubes": [
						{"origin": [-11, 3.12295, -1.7112], "size": [22, 3.2, 1.5], "uv": [0, 19]},
						{"origin": [-2.3, -5.67705, -4.7112], "size": [4.6, 11, 3], "uv": [0, 4]},
						{"origin": [-1.4, -14.67705, -1.7112], "size": [2.8, 13, 3.6], "pivot": [0, -16.47705, -3.7112], "rotation": [17.5, 0, 0], "uv": [0, 0]},
						{"origin": [-2, -2.67705, -5.7112], "size": [4.3, 9, 4.2], "pivot": [0, -16.47705, -3.7112], "rotation": [0, -45, 0], "uv": [17, -1]},
						{"origin": [-6, 5.32295, -1.7112], "size": [12, 4, 1], "uv": [0, 20]},
						{"origin": [-5, 1.72295, -1.4112], "size": [9, 6, 1], "pivot": [0, 7.32295, 0.3888], "rotation": [-11.5, 0, 0], "uv": [0, 17]},
						{"origin": [-5, 2.22295, -1.2112], "size": [9, 4.1, 1], "pivot": [0, 7.32295, 0.3888], "rotation": [-11.5, 0, 0], "uv": [0, 17]}
					]
				},
				{
					"name": "end",
					"parent": "torso",
					"pivot": [0, -16.47705, -3.7112],
					"cubes": [
						{"origin": [-1.4, -20.97705, -0.9112], "size": [2.8, 9.3, 4.5], "pivot": [0, -16.47705, -3.7112], "rotation": [17.5, 0, 0], "uv": [0, 0]},
						{"origin": [-2, -22.67705, -0.7112], "size": [4, 12.7, 4], "pivot": [0, -16.47705, -3.7112], "rotation": [17.5, 0, 0], "uv": [0, 45]}
					]
				},
				{
					"name": "fill",
					"parent": "torso",
					"pivot": [-2.52809, -7.90173, -2.87129],
					"cubes": [
						{"origin": [-0.5, 0.88087, -6.36081], "size": [3.5, 7.8, 3.6], "pivot": [0, -16.01913, -5.76081], "rotation": [0, -45, 0], "uv": [18, 0]}
					]
				},
				{
					"name": "maw",
					"parent": "torso",
					"pivot": [1.10925, 3.14051, -6.88991],
					"cubes": [
						{
							"origin": [-0.25833, 4.35231, -6.81844],
							"size": [0.35, 0.375, 1.8],
							"pivot": [0.16667, 15.22731, -15.81844],
							"rotation": [0, 7.5, 0],
							"uv": {
								"north": {"uv": [50, 51], "uv_size": [0, 0]},
								"east": {"uv": [49, 51], "uv_size": [1, 0]},
								"south": {"uv": [51, 51], "uv_size": [0, 0]},
								"west": {"uv": [50, 51], "uv_size": [1, 0]},
								"up": {"uv": [52, 50], "uv_size": [-2, 1]},
								"down": {"uv": [50, 51], "uv_size": [0, -1]}
							}
						},
						{
							"origin": [-2.33333, 4.52731, -7.11844],
							"size": [0.5, 0.5, 1.8],
							"pivot": [0.16667, 15.22731, -15.81844],
							"rotation": [0, 7.5, 0],
							"uv": {
								"north": {"uv": [50, 51], "uv_size": [0, 0]},
								"east": {"uv": [49, 51], "uv_size": [1, 0]},
								"south": {"uv": [51, 51], "uv_size": [0, 0]},
								"west": {"uv": [50, 51], "uv_size": [1, 0]},
								"up": {"uv": [52, 50], "uv_size": [-2, 1]},
								"down": {"uv": [50, 51], "uv_size": [0, -1]}
							}
						},
						{"origin": [-1.02071, 1.82103, -6.5382], "size": [0.2, 0.275, 2.3], "pivot": [-0.70821, 1.95853, -5.5132], "rotation": [-32.61582, -8.769, 10.32536], "uv": [49, 48]},
						{"origin": [-0.7198, 2.55937, -7.06643], "size": [0.1, 0.1, 1.2], "pivot": [-0.6698, 2.80937, -6.46643], "rotation": [-32.48295, -7.29384, 9.37452], "uv": [49, 49]},
						{"origin": [-1.1136, 3.01965, -6.59177], "size": [0.275, 0.275, 1.8], "pivot": [-0.8636, 3.04465, -5.69177], "rotation": [-19.65885, -8.12675, 8.1728], "uv": [50, 50]},
						{"origin": [0.84684, 2.70345, -6.72189], "size": [0.425, 0.375, 1.8], "pivot": [1.02184, 3.22845, -5.82189], "rotation": [-22.19677, 8.83782, 2.13363], "uv": [49, 49]},
						{"origin": [1.19684, 2.95345, -8.44689], "size": [0.1, 0.1, 1], "pivot": [1.02184, 3.22845, -5.82189], "rotation": [-22.82388, 15.76795, -0.80346], "uv": [50, 50]},
						{
							"origin": [0.91187, 4.45231, -7.53245],
							"size": [0.2, 0.225, 0.725],
							"pivot": [1.11187, 4.37731, -6.95745],
							"rotation": [0, 19.5, 0],
							"uv": {
								"north": {"uv": [50, 49], "uv_size": [0, 0]},
								"east": {"uv": [49, 49], "uv_size": [1, 0]},
								"south": {"uv": [51, 49], "uv_size": [0, 0]},
								"west": {"uv": [50, 49], "uv_size": [1, 0]},
								"up": {"uv": [52, 48], "uv_size": [-2, 1]},
								"down": {"uv": [51, 50], "uv_size": [-1, -2]}
							}
						},
						{"origin": [1.06187, 4.47731, -8.35745], "size": [0.1, 0.1, 0.8], "pivot": [1.11187, 4.37731, -6.95745], "rotation": [0, 29.5, 0], "uv": [50, 50]},
						{
							"origin": [-1.02016, 4.62731, -7.88335],
							"size": [0.3, 0.3, 1.9],
							"pivot": [-0.97016, 4.77731, -6.68335],
							"rotation": [-13, -9.5, 0],
							"uv": {
								"north": {"uv": [50, 50], "uv_size": [0, 0]},
								"east": {"uv": [49, 50], "uv_size": [1, 0]},
								"south": {"uv": [51, 50], "uv_size": [0, 0]},
								"west": {"uv": [50, 50], "uv_size": [1, 0]},
								"up": {"uv": [52, 49], "uv_size": [-2, -1]},
								"down": {"uv": [50, 50], "uv_size": [0, -1]}
							}
						},
						{"origin": [-1.04516, 4.75231, -8.70835], "size": [0.1, 0.1, 0.95], "pivot": [-0.97016, 4.77731, -6.68335], "rotation": [-13.2853, -15.09965, 1.3376], "uv": [50, 50]},
						{"origin": [-0.79986, 1.62541, -7.25892], "size": [0.2, 0.25, 2.5], "pivot": [-0.62486, 1.75041, -6.35892], "rotation": [-32.48295, -7.29384, 9.37452], "uv": [49, 48]},
						{"origin": [-0.97486, 1.70041, -7.65892], "size": [0.1, 0.1, 0.5], "pivot": [-0.62486, 1.75041, -6.35892], "rotation": [-34.10264, -18.17536, 16.67967], "uv": [50, 50]},
						{"origin": [0.6495, 1.6571, -6.96747], "size": [0.3, 0.3, 2.325], "pivot": [1.7995, 1.8071, -5.94247], "rotation": [-19.23948, 8.76176, -0.93703], "uv": [48, 47]},
						{"origin": [0.7995, 2.1571, -6.96747], "size": [0.15, 0.2, 2.325], "pivot": [1.7995, 1.8071, -5.94247], "rotation": [-19.5463, 13.24257, -2.54336], "uv": [50, 51]},
						{"origin": [0.8495, 2.2321, -7.69247], "size": [0.1, 0.05, 1.475], "pivot": [1.7995, 1.8071, -5.94247], "rotation": [-19.99142, 17.71295, -4.20997], "uv": [52, 53]},
						{"origin": [0.8745, 1.7571, -7.86747], "size": [0.1, 0.05, 1.675], "pivot": [1.7995, 1.8071, -5.94247], "rotation": [-19.86016, 16.53778, -3.76421], "uv": [52, 53]},
						{"origin": [-0.81888, 3.28068, -7.12064], "size": [0.125, 0.225, 1], "pivot": [-1.09388, 3.73068, -6.22064], "rotation": [-32.52979, -11.73304, 15.04907], "uv": [52, 51]},
						{"origin": [-0.79388, 3.35568, -8.12064], "size": [0.1, 0.1, 1], "pivot": [-1.09388, 3.73068, -6.22064], "rotation": [-32.27715, -9.6222, 13.68585], "uv": [50, 49]},
						{"origin": [0.83425, 3.16551, -8.08991], "size": [0.175, 0.225, 1.8], "pivot": [1.10925, 3.14051, -6.88991], "rotation": [-26.94019, 14.1362, -0.21279], "uv": [49, 48]}
					]
				}
			]
		}
	]
}