{
	"format_version": "1.12.0",
	"minecraft:geometry": [
		{
			"description": {
				"identifier": "geometry.spidertarantula",
				"texture_width": 32,
				"texture_height": 32,
				"visible_bounds_width": 4,
				"visible_bounds_height": 2.5,
				"visible_bounds_offset": [0, 0.75, 0]
			},
			"bones": [
				{
					"name": "horrorspider",
					"pivot": [0, 1.3, -1]
				},
				{
					"name": "face",
					"parent": "horrorspider",
					"pivot": [0, 2.3, -0.2],
					"rotation": [-7, 0, 0],
					"cubes": [
						{
							"origin": [0.075, 2.7, -1.65],
							"size": [0.15, 0.15, 0.1],
							"pivot": [0, 2.85336, -1.57261],
							"rotation": [-13, 0, 0],
							"uv": {
								"north": {"uv": [6, 8], "uv_size": [0.5, 0.5]},
								"east": {"uv": [21, 14], "uv_size": [0.5, 0.5]},
								"south": {"uv": [16, 21], "uv_size": [0.5, 0.5]},
								"west": {"uv": [17, 21], "uv_size": [0.5, 0.5]},
								"up": {"uv": [21, 17], "uv_size": [0.5, 0.5]},
								"down": {"uv": [18, 21.5], "uv_size": [0.5, -0.5]}
							}
						},
						{
							"origin": [0.275, 2.8, -1.65],
							"size": [0.05, 0.05, 0.1],
							"pivot": [0, 2.85336, -1.57261],
							"rotation": [-13, 0, 0],
							"uv": {
								"north": {"uv": [6, 8], "uv_size": [0.5, 0.5]},
								"east": {"uv": [21, 14], "uv_size": [0.5, 0.5]},
								"south": {"uv": [16, 21], "uv_size": [0.5, 0.5]},
								"west": {"uv": [17, 21], "uv_size": [0.5, 0.5]},
								"up": {"uv": [21, 17], "uv_size": [0.5, 0.5]},
								"down": {"uv": [18, 21.5], "uv_size": [0.5, -0.5]}
							}
						},
						{
							"origin": [0.175, 2.9, -1.65],
							"size": [0.05, 0.05, 0.05],
							"pivot": [0, 2.85336, -1.57261],
							"rotation": [-66, 0, 0],
							"uv": {
								"north": {"uv": [6, 8], "uv_size": [0.5, 0.5]},
								"east": {"uv": [21, 14], "uv_size": [0.5, 0.5]},
								"south": {"uv": [16, 21], "uv_size": [0.5, 0.5]},
								"west": {"uv": [17, 21], "uv_size": [0.5, 0.5]},
								"up": {"uv": [21, 17], "uv_size": [0.5, 0.5]},
								"down": {"uv": [18, 21.5], "uv_size": [0.5, -0.5]}
							}
						},
						{
							"origin": [-0.325, 2.8, -1.65],
							"size": [0.05, 0.05, 0.1],
							"pivot": [0, 2.85336, -1.57261],
							"rotation": [-13, 0, 0],
							"uv": {
								"north": {"uv": [6, 8], "uv_size": [0.5, 0.5]},
								"east": {"uv": [21, 14], "uv_size": [0.5, 0.5]},
								"south": {"uv": [16, 21], "uv_size": [0.5, 0.5]},
								"west": {"uv": [17, 21], "uv_size": [0.5, 0.5]},
								"up": {"uv": [21, 17], "uv_size": [0.5, 0.5]},
								"down": {"uv": [18, 21.5], "uv_size": [0.5, -0.5]}
							}
						},
						{
							"origin": [-0.225, 2.9, -1.65],
							"size": [0.05, 0.05, 0.05],
							"pivot": [0, 2.85336, -1.57261],
							"rotation": [-70, 0, 0],
							"uv": {
								"north": {"uv": [6, 8], "uv_size": [0.5, 0.5]},
								"east": {"uv": [21, 14], "uv_size": [0.5, 0.5]},
								"south": {"uv": [16, 21], "uv_size": [0.5, 0.5]},
								"west": {"uv": [17, 21], "uv_size": [0.5, 0.5]},
								"up": {"uv": [21, 17], "uv_size": [0.5, 0.5]},
								"down": {"uv": [18, 21.5], "uv_size": [0.5, -0.5]}
							}
						},
						{
							"origin": [-0.225, 2.7, -1.65],
							"size": [0.15, 0.15, 0.1],
							"pivot": [0, 2.85336, -1.57261],
							"rotation": [-13, 0, 0],
							"uv": {
								"north": {"uv": [21, 18], "uv_size": [0.5, 0.5]},
								"east": {"uv": [19, 21], "uv_size": [0.5, 0.5]},
								"south": {"uv": [21, 19], "uv_size": [0.5, 0.5]},
								"west": {"uv": [20, 21], "uv_size": [0.5, 0.5]},
								"up": {"uv": [21, 20], "uv_size": [0.5, 0.5]},
								"down": {"uv": [21, 21.5], "uv_size": [0.5, -0.5]}
							}
						},
						{
							"origin": [0.05, 2.93874, -1.61917],
							"size": [0.1, 0.1, 0.1],
							"pivot": [0, 2.85336, -1.57261],
							"rotation": [-67, 0, 0],
							"uv": {
								"north": {"uv": [18, 22], "uv_size": [0.5, 0.5]},
								"east": {"uv": [22, 18], "uv_size": [0.5, 0.5]},
								"south": {"uv": [19, 22], "uv_size": [0.5, 0.5]},
								"west": {"uv": [22, 19], "uv_size": [0.5, 0.5]},
								"up": {"uv": [20, 22], "uv_size": [0.5, 0.5]},
								"down": {"uv": [22, 20.5], "uv_size": [0.5, -0.5]}
							}
						},
						{
							"origin": [-0.15, 2.94026, -1.61267],
							"size": [0.1, 0.1, 0.1],
							"pivot": [0, 2.85336, -1.57261],
							"rotation": [-65, 0, 0],
							"uv": {
								"north": {"uv": [21, 22], "uv_size": [0.5, 0.5]},
								"east": {"uv": [22, 21], "uv_size": [0.5, 0.5]},
								"south": {"uv": [22, 22], "uv_size": [0.5, 0.5]},
								"west": {"uv": [0, 23], "uv_size": [0.5, 0.5]},
								"up": {"uv": [23, 0], "uv_size": [0.5, 0.5]},
								"down": {"uv": [1, 23.5], "uv_size": [0.5, -0.5]}
							}
						}
					]
				},
				{
					"name": "petapalps",
					"parent": "face",
					"pivot": [-0.9, 1.6, -1.2],
					"cubes": [
						{
							"origin": [-1.00326, 1.69395, -3.35231],
							"size": [0.4, 0.36, 2.2],
							"pivot": [-0.80326, 2.57395, -1.85231],
							"rotation": [-4.42686, 9.15798, 5.19213],
							"uv": {
								"north": {"uv": [9.5, 16], "uv_size": [-0.5, -0.5]},
								"east": {"uv": [2.5, 14], "uv_size": [1, 0.5]},
								"south": {"uv": [3.5, 13], "uv_size": [1, 0.5]},
								"west": {"uv": [7.5, 15], "uv_size": [-1, 0.5]},
								"up": {"uv": [9.5, 7], "uv_size": [-0.5, 1]},
								"down": {"uv": [9, 16], "uv_size": [0.5, -1]}
							}
						},
						{"origin": [-1.37251, 2.76837, -5.04993], "size": [0.3, 0.46, 1.8], "pivot": [-0.92251, 2.54837, -2.34993], "rotation": [51.90703, -1.6392, -12.02757], "uv": [9, 6]},
						{"origin": [-0.9557, 0.67247, -4.87831], "size": [0.3, 0.26, 0.7], "pivot": [-0.70574, 0.60247, -4.32831], "rotation": [32.09948, 9.84813, -0.54062], "uv": [8, 7]},
						{
							"origin": [1.0201, 2.53809, -4.68398],
							"size": [0.3, 0.36, 2],
							"pivot": [0.83011, 2.01809, -2.48398],
							"rotation": [54.19513, 5.41349, 14.16888],
							"uv": {
								"north": {"uv": [9.5, 7], "uv_size": [0.5, 0.5]},
								"east": {"uv": [8, 7], "uv_size": [2, 0.5]},
								"south": {"uv": [10, 7], "uv_size": [-0.5, 0.5]},
								"west": {"uv": [8, 11], "uv_size": [2, 0.5]},
								"up": {"uv": [11, 6.5], "uv_size": [-1, 2]},
								"down": {"uv": [9.5, 7], "uv_size": [0.5, -1]}
							}
						},
						{"origin": [0.54138, 0.50486, -4.82568], "size": [0.3, 0.26, 0.7], "pivot": [0.64138, 0.43486, -4.47568], "rotation": [14.56094, -11.00466, 6.75582], "uv": [8, 7]},
						{
							"origin": [0.6815, 1.68286, -3.37339],
							"size": [0.4, 0.36, 2.2],
							"pivot": [0.6815, 1.96286, -1.87339],
							"rotation": [-8.94608, -10.75994, -2.09483],
							"uv": {
								"north": {"uv": [8, 6], "uv_size": [0.5, 0.5]},
								"east": {"uv": [9, 6], "uv_size": [-1, 0.5]},
								"south": {"uv": [10, 4], "uv_size": [2, 1.5]},
								"west": {"uv": [11.5, 0.5], "uv_size": [1, 0.5]},
								"up": {"uv": [9, 15], "uv_size": [0.5, 1]},
								"down": {"uv": [9, 8], "uv_size": [0.5, -1]}
							}
						},
						{
							"origin": [-0.57172, 1.62499, -2.45231],
							"size": [0.45747, 0.55747, 1.27242],
							"pivot": [-0.89298, 1.80372, -1.7161],
							"rotation": [80.19718, -4.10932, -3.97395],
							"uv": {
								"north": {"uv": [23, 1], "uv_size": [0.5, 0.5]},
								"east": {"uv": [6, 19], "uv_size": [1.5, 0.5]},
								"south": {"uv": [2, 23], "uv_size": [0.5, 0.5]},
								"west": {"uv": [19, 6], "uv_size": [1.5, 0.5]},
								"up": {"uv": [8, 19], "uv_size": [0.5, 1.5]},
								"down": {"uv": [9, 20.5], "uv_size": [0.5, -1.5]}
							}
						},
						{
							"origin": [-0.27172, 1.72499, -2.25231],
							"size": [0.25747, 0.35747, 0.67242],
							"pivot": [-0.89298, 1.80372, -1.7161],
							"rotation": [-89.84007, 3.21132, -12.08681],
							"uv": {
								"north": {"uv": [23, 1], "uv_size": [0.5, 0.5]},
								"east": {"uv": [6, 19], "uv_size": [1.5, 0.5]},
								"south": {"uv": [2, 23], "uv_size": [0.5, 0.5]},
								"west": {"uv": [19, 6], "uv_size": [1.5, 0.5]},
								"up": {"uv": [8, 19], "uv_size": [0.5, 1.5]},
								"down": {"uv": [9, 20.5], "uv_size": [0.5, -1.5]}
							}
						},
						{
							"origin": [-0.58607, 1.03431, -2.4601],
							"size": [0.05747, 0.15747, 0.37242],
							"pivot": [-0.20734, 1.51305, -2.20385],
							"rotation": [74.93046, -10.17636, -55.23314],
							"uv": {
								"north": {"uv": [16, 23], "uv_size": [0.5, 0.5]},
								"east": {"uv": [16, 23], "uv_size": [0.5, 0.5]},
								"south": {"uv": [16, 23], "uv_size": [0.5, 0.5]},
								"west": {"uv": [16, 23], "uv_size": [1.5, 0.5]},
								"up": {"uv": [16.5, 23], "uv_size": [-0.5, 0.5]},
								"down": {"uv": [11, 22.5], "uv_size": [0.5, -1.5]}
							}
						},
						{
							"origin": [0.11425, 1.62499, -2.45231],
							"size": [0.45747, 0.55747, 1.27242],
							"pivot": [0.89298, 1.80372, -1.7161],
							"rotation": [82.31495, 3.74342, 5.47112],
							"uv": {
								"north": {"uv": [23, 2], "uv_size": [0.5, 0.5]},
								"east": {"uv": [10, 19], "uv_size": [1.5, 0.5]},
								"south": {"uv": [3, 23], "uv_size": [0.5, 0.5]},
								"west": {"uv": [19, 11], "uv_size": [1.5, 0.5]},
								"up": {"uv": [12, 19], "uv_size": [0.5, 1.5]},
								"down": {"uv": [19, 13.5], "uv_size": [0.5, -1.5]}
							}
						},
						{
							"origin": [0.01425, 1.72499, -2.25231],
							"size": [0.25747, 0.35747, 0.67242],
							"pivot": [0.89298, 1.80372, -1.7161],
							"rotation": [-91.84007, -3.21132, 12.08681],
							"uv": {
								"north": {"uv": [23, 2], "uv_size": [0.5, 0.5]},
								"east": {"uv": [10, 19], "uv_size": [1.5, 0.5]},
								"south": {"uv": [3, 23], "uv_size": [0.5, 0.5]},
								"west": {"uv": [19, 11], "uv_size": [1.5, 0.5]},
								"up": {"uv": [12, 19], "uv_size": [0.5, 1.5]},
								"down": {"uv": [19, 13.5], "uv_size": [0.5, -1.5]}
							}
						},
						{
							"origin": [1.11425, 1.62499, -2.85231],
							"size": [0.05747, 0.15747, 0.47242],
							"pivot": [0.89298, 1.80372, -1.7161],
							"rotation": [73.75865, 21.25863, 53.61324],
							"uv": {
								"north": {"uv": [16, 23], "uv_size": [0.5, 0.5]},
								"east": {"uv": [16, 23], "uv_size": [0.5, 0.5]},
								"south": {"uv": [16, 23], "uv_size": [0.5, 0.5]},
								"west": {"uv": [16, 23], "uv_size": [0.5, 0.5]},
								"up": {"uv": [16.5, 23], "uv_size": [-0.5, 0.5]},
								"down": {"uv": [16, 23.5], "uv_size": [0.5, -0.5]}
							}
						}
					]
				},
				{
					"name": "legs",
					"parent": "horrorspider",
					"pivot": [1.77734, -0.59975, 0.32243]
				},
				{
					"name": "L4",
					"parent": "legs",
					"pivot": [1.1, 2.4, 1],
					"rotation": [-9.01274, 3.07305, 1.08631],
					"cubes": [
						{
							"origin": [-1.02989, 2.94986, 2.16151],
							"size": [3.9, 0.375, 0.5],
							"pivot": [2.22011, 3.53736, 2.31151],
							"rotation": [28.47911, -34.94294, -49.34545],
							"uv": {
								"north": {"uv": [0, 15], "uv_size": [4, 0.5]},
								"east": {"uv": [23, 11], "uv_size": [0.5, 0.5]},
								"south": {"uv": [4, 15], "uv_size": [4, 0.5]},
								"west": {"uv": [12, 23], "uv_size": [0.5, 0.5]},
								"up": {"uv": [8, 15], "uv_size": [4, 0.5]},
								"down": {"uv": [15, 11.5], "uv_size": [4, -0.5]}
							}
						},
						{
							"origin": [2.77011, 3.44986, 1.76151],
							"size": [1.4, 0.375, 0.4],
							"pivot": [2.22011, 3.53736, 2.31151],
							"rotation": [-51.44331, -70.28758, 45.32374],
							"uv": {
								"north": {"uv": [0, 15], "uv_size": [4, 0.5]},
								"east": {"uv": [23, 11], "uv_size": [0.5, 0.5]},
								"south": {"uv": [4, 15], "uv_size": [4, 0.5]},
								"west": {"uv": [12, 23], "uv_size": [0.5, 0.5]},
								"up": {"uv": [8, 15], "uv_size": [4, 0.5]},
								"down": {"uv": [15, 11.5], "uv_size": [4, -0.5]}
							}
						}
					]
				},
				{
					"name": "legtip4",
					"parent": "L4",
					"pivot": [4.89093, 0.74177, 6.57181],
					"cubes": [
						{
							"origin": [3.13057, 2.20715, 5.06634],
							"size": [2, 0.375, 0.4],
							"pivot": [4.23057, 3.49465, 4.91634],
							"rotation": [-32.73877, -41.48779, 51.64672],
							"uv": {
								"north": {"uv": [10, 11], "uv_size": [4.5, 0.5]},
								"east": {"uv": [23, 12], "uv_size": [0.5, 0.5]},
								"south": {"uv": [11, 10], "uv_size": [4.5, 0.5]},
								"west": {"uv": [13, 23], "uv_size": [0.5, 0.5]},
								"up": {"uv": [0, 12], "uv_size": [4.5, 0.5]},
								"down": {"uv": [12, 2.5], "uv_size": [4.5, -0.5]}
							}
						},
						{
							"origin": [2.74093, 0.55427, 6.67181],
							"size": [2.1, 0.275, 0.3],
							"pivot": [4.89093, 0.74177, 6.57181],
							"rotation": [-46.27605, -40.98357, 62.1729],
							"uv": {
								"north": {"uv": [10, 11], "uv_size": [4.5, 0.5]},
								"east": {"uv": [23, 12], "uv_size": [0.5, 0.5]},
								"south": {"uv": [11, 10], "uv_size": [4.5, 0.5]},
								"west": {"uv": [14, 22], "uv_size": [0.5, 0.5]},
								"up": {"uv": [0, 12], "uv_size": [4, 0.5]},
								"down": {"uv": [12, 2.5], "uv_size": [4.5, -0.5]}
							}
						}
					]
				},
				{
					"name": "L3",
					"parent": "legs",
					"pivot": [0.9, 2.4, 0.3],
					"cubes": [
						{
							"origin": [2.12734, 1.10025, 0.07243],
							"size": [3.1, 0.475, 0.5],
							"pivot": [1.47734, -0.59975, 0.12243],
							"rotation": [6.84197, -15.27966, -34.65048],
							"uv": {
								"north": {"uv": [0, 17], "uv_size": [3, 0.5]},
								"east": {"uv": [23, 14], "uv_size": [0.5, 0.5]},
								"south": {"uv": [17, 2], "uv_size": [3, 0.5]},
								"west": {"uv": [15, 23], "uv_size": [0.5, 0.5]},
								"up": {"uv": [3, 17], "uv_size": [3, 0.5]},
								"down": {"uv": [17, 3.5], "uv_size": [3, -0.5]}
							}
						},
						{
							"origin": [3.30911, 2.80299, 0.8855],
							"size": [0.7, 0.275, 0.5],
							"pivot": [3.45911, 3.19049, 1.06546],
							"rotation": [-3.77419, -21.47803, 15.92465],
							"uv": {
								"north": {"uv": [0, 17], "uv_size": [3, 0.5]},
								"east": {"uv": [23, 14], "uv_size": [0.5, 0.5]},
								"south": {"uv": [17, 2], "uv_size": [3, 0.5]},
								"west": {"uv": [15, 23], "uv_size": [0.5, 0.5]},
								"up": {"uv": [3, 17], "uv_size": [3, 0.5]},
								"down": {"uv": [17, 3.5], "uv_size": [3, -0.5]}
							}
						}
					]
				},
				{
					"name": "legtip3",
					"parent": "L3",
					"pivot": [4.37266, 2.58559, 1.07159],
					"cubes": [
						{
							"origin": [3.87194, -1.23401, 1.12],
							"size": [1.9, 0.275, 0.3],
							"pivot": [6.17194, -0.34651, 1.36805],
							"rotation": [-0.9862, -0.54724, 72.1621],
							"uv": {
								"north": {"uv": [12, 15], "uv_size": [3.5, 0.5]},
								"east": {"uv": [23, 13], "uv_size": [0.5, 0.5]},
								"south": {"uv": [11.5, 9], "uv_size": [4, 0.5]},
								"west": {"uv": [16, 23], "uv_size": [0.5, 0.5]},
								"up": {"uv": [15, 13], "uv_size": [3, 0.5]},
								"down": {"uv": [15, 14.5], "uv_size": [4, -0.5]}
							}
						},
						{
							"origin": [3.72266, 2.19809, 1.12159],
							"size": [1.7, 0.275, 0.4],
							"pivot": [4.37266, 2.58559, 1.07159],
							"rotation": [-10.55145, 2.42829, 52.36499],
							"uv": {
								"north": {"uv": [12, 15], "uv_size": [4, 0.5]},
								"east": {"uv": [23, 13], "uv_size": [0.5, 0.5]},
								"south": {"uv": [15, 12], "uv_size": [4, 0.5]},
								"west": {"uv": [14, 23], "uv_size": [0.5, 0.5]},
								"up": {"uv": [15, 13], "uv_size": [4, 0.5]},
								"down": {"uv": [15, 14.5], "uv_size": [4, -0.5]}
							}
						}
					]
				},
				{
					"name": "R3",
					"parent": "legs",
					"pivot": [-1.3, 2.4, 0.2],
					"cubes": [
						{
							"origin": [-5.32734, 1.40025, 0.07243],
							"size": [3.1, 0.375, 0.5],
							"pivot": [-1.57734, -0.39975, 0.12243],
							"rotation": [6.84197, 15.27966, 34.65048],
							"uv": {
								"north": {"uv": [3, 17], "uv_size": [-3, 0.5]},
								"east": {"uv": [15.5, 23], "uv_size": [-0.5, 0.5]},
								"south": {"uv": [20, 2], "uv_size": [-3, 0.5]},
								"west": {"uv": [23.5, 14], "uv_size": [-0.5, 0.5]},
								"up": {"uv": [6, 17], "uv_size": [-3, 0.5]},
								"down": {"uv": [20, 3.5], "uv_size": [-3, -0.5]}
							}
						},
						{
							"origin": [-4.10911, 3.00299, 0.9],
							"size": [0.7, 0.275, 0.5],
							"pivot": [-3.55911, 3.39049, 1.06546],
							"rotation": [-3.85886, 24.47138, -16.14152],
							"uv": {
								"north": {"uv": [3, 17], "uv_size": [-3, 0.5]},
								"east": {"uv": [15.5, 23], "uv_size": [-0.5, 0.5]},
								"south": {"uv": [20, 2], "uv_size": [-3, 0.5]},
								"west": {"uv": [23.5, 14], "uv_size": [-0.5, 0.5]},
								"up": {"uv": [6, 17], "uv_size": [-3, 0.5]},
								"down": {"uv": [20, 3.5], "uv_size": [-3, -0.5]}
							}
						}
					]
				},
				{
					"name": "legtip7",
					"parent": "R3",
					"pivot": [-9.87266, 2.58559, 1.07159],
					"cubes": [
						{
							"origin": [-6.07194, -0.93401, 1.11805],
							"size": [2, 0.275, 0.3],
							"pivot": [-6.27194, -0.14651, 1.36805],
							"rotation": [-0.9862, 0.54724, -72.1621],
							"uv": {
								"north": {"uv": [19.5, 15], "uv_size": [-4, 0.5]},
								"east": {"uv": [16.5, 23], "uv_size": [-0.5, 0.5]},
								"south": {"uv": [19, 11], "uv_size": [-4, 0.5]},
								"west": {"uv": [16.5, 16], "uv_size": [-0.5, 0.5]},
								"up": {"uv": [19, 12], "uv_size": [-4, 0.5]},
								"down": {"uv": [19, 14.5], "uv_size": [-4, -0.5]}
							}
						},
						{
							"origin": [-5.62266, 2.39809, 1.12159],
							"size": [1.8, 0.275, 0.4],
							"pivot": [-4.47266, 2.78559, 1.07159],
							"rotation": [-10.55145, -2.42829, -52.36499],
							"uv": {
								"north": {"uv": [16, 15], "uv_size": [-4, 0.5]},
								"east": {"uv": [14.5, 23], "uv_size": [-0.5, 0.5]},
								"south": {"uv": [19, 12], "uv_size": [-4, 0.5]},
								"west": {"uv": [23.5, 13], "uv_size": [-0.5, 0.5]},
								"up": {"uv": [19, 13], "uv_size": [-4, 0.5]},
								"down": {"uv": [19, 14.5], "uv_size": [-4, -0.5]}
							}
						}
					]
				},
				{
					"name": "L2",
					"parent": "legs",
					"pivot": [1.1, 2.4, -0.5],
					"rotation": [0, 5, 0],
					"cubes": [
						{
							"origin": [1.65, 1.60393, -0.70162],
							"size": [3.7, 0.375, 0.5],
							"pivot": [1.7, -0.59607, -0.15162],
							"rotation": [-7.09493, 8.6448, -31.76629],
							"uv": {
								"north": {"uv": [12, 17], "uv_size": [2.5, 0.5]},
								"east": {"uv": [23, 17], "uv_size": [0.5, 0.5]},
								"south": {"uv": [15, 17], "uv_size": [2.5, 0.5]},
								"west": {"uv": [18, 23], "uv_size": [0.5, 0.5]},
								"up": {"uv": [0, 18], "uv_size": [2.5, 0.5]},
								"down": {"uv": [18, 0.5], "uv_size": [2.5, -0.5]}
							}
						},
						{
							"origin": [3.24729, 3.23549, -1.34523],
							"size": [1.1, 0.275, 0.5],
							"pivot": [4.09729, 3.57299, -1.19523],
							"rotation": [-2.62774, 31.34538, -4.29367],
							"uv": {
								"north": {"uv": [12, 7], "uv_size": [4.5, 0.5]},
								"east": {"uv": [23, 18], "uv_size": [0.5, 0.5]},
								"south": {"uv": [12, 8], "uv_size": [4.5, 0.5]},
								"west": {"uv": [19, 23], "uv_size": [0.5, 0.5]},
								"up": {"uv": [10, 12], "uv_size": [4.5, 0.5]},
								"down": {"uv": [0, 13.5], "uv_size": [4.5, -0.5]}
							}
						}
					]
				},
				{
					"name": "legtip",
					"parent": "L2",
					"pivot": [6.93454, -0.12867, -1.87544],
					"cubes": [
						{
							"origin": [3.32891, 2.26618, -1.62474],
							"size": [2.1, 0.275, 0.4],
							"pivot": [4.92891, 1.80368, -1.17474],
							"rotation": [9.40194, 12.35518, 48.84387],
							"uv": {
								"north": {"uv": [12, 7], "uv_size": [4.5, 0.5]},
								"east": {"uv": [23, 18], "uv_size": [0.5, 0.5]},
								"south": {"uv": [12, 8], "uv_size": [4.5, 0.5]},
								"west": {"uv": [19, 23], "uv_size": [0.5, 0.5]},
								"up": {"uv": [10, 12], "uv_size": [4.5, 0.5]},
								"down": {"uv": [0, 13.5], "uv_size": [4.5, -0.5]}
							}
						},
						{
							"origin": [4.48454, -0.71617, -2.2],
							"size": [2.2, 0.275, 0.3],
							"pivot": [6.93454, -0.12867, -1.87544],
							"rotation": [24.40972, 5.93333, 66.45778],
							"uv": {
								"north": {"uv": [12, 7], "uv_size": [4, 0.5]},
								"east": {"uv": [23, 18], "uv_size": [0.5, 0.5]},
								"south": {"uv": [13.5, 15], "uv_size": [2.5, 0.5]},
								"west": {"uv": [20, 23], "uv_size": [0.5, 0.5]},
								"up": {"uv": [15, 12.5], "uv_size": [4.5, -0.5]},
								"down": {"uv": [0, 13.5], "uv_size": [4, -0.5]}
							}
						}
					]
				},
				{
					"name": "R2",
					"parent": "legs",
					"pivot": [-1.2, 2.4, -0.6],
					"rotation": [-3, -4, 0],
					"cubes": [
						{
							"origin": [-5.99421, 3.88219, -1.64539],
							"size": [3.5, 0.375, 0.5],
							"pivot": [-6.5, -0.59607, -0.25162],
							"rotation": [-7.16211, -8.48371, 29.7839],
							"uv": {
								"north": {"uv": [14.5, 17], "uv_size": [-2.5, 0.5]},
								"east": {"uv": [18.5, 23], "uv_size": [-0.5, 0.5]},
								"south": {"uv": [17.5, 17], "uv_size": [-2.5, 0.5]},
								"west": {"uv": [23.5, 17], "uv_size": [-0.5, 0.5]},
								"up": {"uv": [2.5, 18], "uv_size": [-2.5, 0.5]},
								"down": {"uv": [20.5, 0.5], "uv_size": [-2.5, -0.5]}
							}
						},
						{
							"origin": [-4.41989, 3.07949, -1.2017],
							"size": [1.1, 0.275, 0.5],
							"pivot": [-3.86989, 3.31699, -1.04171],
							"rotation": [-3.87278, -27.12372, 4.40001],
							"uv": {
								"north": {"uv": [16.5, 7], "uv_size": [-4.5, 0.5]},
								"east": {"uv": [19.5, 23], "uv_size": [-0.5, 0.5]},
								"south": {"uv": [16.5, 8], "uv_size": [-4.5, 0.5]},
								"west": {"uv": [23.5, 18], "uv_size": [-0.5, 0.5]},
								"up": {"uv": [14.5, 12], "uv_size": [-4.5, 0.5]},
								"down": {"uv": [4.5, 13.5], "uv_size": [-4.5, -0.5]}
							}
						}
					]
				},
				{
					"name": "legtip6",
					"parent": "R2",
					"pivot": [-11.73454, -0.12867, -1.97544],
					"cubes": [
						{
							"origin": [-7.25862, -1.34006, -2.68575],
							"size": [2.1, 0.275, 0.4],
							"pivot": [-9.72891, 1.80368, -1.27474],
							"rotation": [9.1358, -9.43282, -50.31154],
							"uv": {
								"north": {"uv": [16.5, 7], "uv_size": [-4.5, 0.5]},
								"east": {"uv": [19.5, 23], "uv_size": [-0.5, 0.5]},
								"south": {"uv": [16.5, 8], "uv_size": [-4.5, 0.5]},
								"west": {"uv": [23.5, 18], "uv_size": [-0.5, 0.5]},
								"up": {"uv": [14.5, 12], "uv_size": [-4.5, 0.5]},
								"down": {"uv": [4.5, 13.5], "uv_size": [-4.5, -0.5]}
							}
						},
						{
							"origin": [-9.74506, -4.75886, -4.12578],
							"size": [2.1, 0.275, 0.3],
							"pivot": [-11.73454, -0.12867, -1.97544],
							"rotation": [24.21895, -5.11027, -68.02199],
							"uv": {
								"north": {"uv": [19.5, 12], "uv_size": [-4.5, 0.5]},
								"east": {"uv": [16.5, 23], "uv_size": [-0.5, 0.5]},
								"south": {"uv": [16.5, 8], "uv_size": [-4, 0.5]},
								"west": {"uv": [23.5, 18], "uv_size": [-0.5, 0.5]},
								"up": {"uv": [14, 12], "uv_size": [-4, 0.5]},
								"down": {"uv": [4, 13.5], "uv_size": [-4, -0.5]}
							}
						}
					]
				},
				{
					"name": "L1",
					"parent": "legs",
					"pivot": [1.2, 2.1, -1.1],
					"rotation": [17, 3, -8],
					"cubes": [
						{
							"origin": [-0.10161, 2.29883, -2.37044],
							"size": [3.2, 0.475, 0.5],
							"pivot": [1.84839, 2.53633, -2.02044],
							"rotation": [-26.71201, 39.50826, -45.41006],
							"uv": {
								"north": {"uv": [12, 18], "uv_size": [2.5, 0.5]},
								"east": {"uv": [23, 21], "uv_size": [0.5, 0.5]},
								"south": {"uv": [15, 18], "uv_size": [2.5, 0.5]},
								"west": {"uv": [22, 23], "uv_size": [0.5, 0.5]},
								"up": {"uv": [18, 17], "uv_size": [2.5, 0.5]},
								"down": {"uv": [18, 18.5], "uv_size": [2.5, -0.5]}
							}
						},
						{
							"origin": [2.2254, 3.37086, -5.6252],
							"size": [1.2, 0.275, 0.4],
							"pivot": [3.8754, 3.30836, -4.2352],
							"rotation": [-32.50472, 81.18322, -41.47816],
							"uv": {
								"north": {"uv": [12, 18], "uv_size": [2.5, 0.5]},
								"east": {"uv": [23, 21], "uv_size": [0.5, 0.5]},
								"south": {"uv": [15, 18], "uv_size": [2.5, 0.5]},
								"west": {"uv": [22, 23], "uv_size": [0.5, 0.5]},
								"up": {"uv": [18, 17], "uv_size": [2.5, 0.5]},
								"down": {"uv": [18, 18.5], "uv_size": [2.5, -0.5]}
							}
						}
					]
				},
				{
					"name": "legtip2",
					"parent": "L1",
					"pivot": [3.10239, 1.95457, -5.12658],
					"cubes": [
						{
							"origin": [1.03659, -0.82549, -8.50058],
							"size": [2.4, 0.275, 0.3],
							"pivot": [4.78659, -0.13799, -6.85058],
							"rotation": [50.61533, 40.23803, 83.4498],
							"uv": {
								"north": {"uv": [0, 16], "uv_size": [4, 0.5]},
								"east": {"uv": [23, 22], "uv_size": [0.5, 0.5]},
								"south": {"uv": [4, 16], "uv_size": [4, 0.5]},
								"west": {"uv": [23, 23], "uv_size": [0.5, 0.5]},
								"up": {"uv": [8, 16], "uv_size": [4, 0.5]},
								"down": {"uv": [16, 9.5], "uv_size": [4, -0.5]}
							}
						},
						{
							"origin": [1.30239, 2.31707, -5.62658],
							"size": [1.2, 0.275, 0.3],
							"pivot": [3.10239, 1.95457, -5.12658],
							"rotation": [32.21575, 61.1729, 59.31486],
							"uv": {
								"north": {"uv": [0, 16], "uv_size": [4, 0.5]},
								"east": {"uv": [23, 22], "uv_size": [0.5, 0.5]},
								"south": {"uv": [4, 16], "uv_size": [4, 0.5]},
								"west": {"uv": [23, 23], "uv_size": [0.5, 0.5]},
								"up": {"uv": [8, 16], "uv_size": [4, 0.5]},
								"down": {"uv": [16, 9.5], "uv_size": [4, -0.5]}
							}
						}
					]
				},
				{
					"name": "R1",
					"parent": "legs",
					"pivot": [-0.9, 2.4, -1.2],
					"rotation": [0, 12, -3],
					"cubes": [
						{
							"origin": [-4.29556, 2.8562, -4.05553],
							"size": [3.2, 0.475, 0.5],
							"pivot": [-3.84839, 2.53633, -2.02044],
							"rotation": [-25.04212, -51.5593, 42.66813],
							"uv": {
								"north": {"uv": [14.5, 18], "uv_size": [-2.5, 0.5]},
								"east": {"uv": [22.5, 23], "uv_size": [-0.5, 0.5]},
								"south": {"uv": [17.5, 18], "uv_size": [-2.5, 0.5]},
								"west": {"uv": [23.5, 21], "uv_size": [-0.5, 0.5]},
								"up": {"uv": [20.5, 17], "uv_size": [-2.5, 0.5]},
								"down": {"uv": [20.5, 18.5], "uv_size": [-2.5, -0.5]}
							}
						},
						{
							"origin": [-3.60635, 2.82389, -3.33871],
							"size": [1, 0.275, 0.4],
							"pivot": [-2.46274, 3.19411, -3.02578],
							"rotation": [118.15378, -83.96259, -105.09248],
							"uv": {
								"north": {"uv": [14.5, 18], "uv_size": [-2.5, 0.5]},
								"east": {"uv": [22.5, 23], "uv_size": [-0.5, 0.5]},
								"south": {"uv": [17.5, 18], "uv_size": [-2.5, 0.5]},
								"west": {"uv": [23.5, 21], "uv_size": [-0.5, 0.5]},
								"up": {"uv": [20.5, 17], "uv_size": [-2.5, 0.5]},
								"down": {"uv": [20.5, 18.5], "uv_size": [-2.5, -0.5]}
							}
						}
					]
				},
				{
					"name": "legtip5",
					"parent": "R1",
					"pivot": [-5.10239, 1.95457, -5.12658],
					"cubes": [
						{
							"origin": [-4.19506, 0.25146, -6.6892],
							"size": [2.7, 0.275, 0.3],
							"pivot": [-3.34506, 1.23896, -6.42921],
							"rotation": [55.88787, -36.43624, -79.40507],
							"uv": {
								"north": {"uv": [4, 16], "uv_size": [-4, 0.5]},
								"east": {"uv": [16.5, 23], "uv_size": [-0.5, 0.5]},
								"south": {"uv": [8, 16], "uv_size": [-4, 0.5]},
								"west": {"uv": [23.5, 22], "uv_size": [-0.5, 0.5]},
								"up": {"uv": [12, 16], "uv_size": [-4, 0.5]},
								"down": {"uv": [20, 9.5], "uv_size": [-4, -0.5]}
							}
						},
						{
							"origin": [-2.49754, 2.1, -4.9794],
							"size": [1, 0.275, 0.3],
							"pivot": [-2.54754, 2.4955, -5.1294],
							"rotation": [40.00716, -52.59312, -68.39763],
							"uv": {
								"north": {"uv": [4, 16], "uv_size": [-4, 0.5]},
								"east": {"uv": [23.5, 23], "uv_size": [-0.5, 0.5]},
								"south": {"uv": [8, 16], "uv_size": [-4, 0.5]},
								"west": {"uv": [23.5, 22], "uv_size": [-0.5, 0.5]},
								"up": {"uv": [12, 16], "uv_size": [-4, 0.5]},
								"down": {"uv": [20, 9.5], "uv_size": [-4, -0.5]}
							}
						}
					]
				},
				{
					"name": "R4",
					"parent": "legs",
					"pivot": [-1.2, 2.1, 0.2],
					"rotation": [0.46537, -6.96605, 4.48096],
					"cubes": [
						{
							"origin": [-3.50696, 3.28129, 3.62698],
							"size": [3.9, 0.375, 0.5],
							"pivot": [-3.82011, 3.53736, 2.31151],
							"rotation": [25.61649, 44.81214, 44.21912],
							"uv": {
								"north": {"uv": [4, 15], "uv_size": [-4, 0.5]},
								"east": {"uv": [12.5, 23], "uv_size": [-0.5, 0.5]},
								"south": {"uv": [8, 15], "uv_size": [-4, 0.5]},
								"west": {"uv": [23.5, 11], "uv_size": [-0.5, 0.5]},
								"up": {"uv": [12, 15], "uv_size": [-4, 0.5]},
								"down": {"uv": [19, 11.5], "uv_size": [-4, -0.5]}
							}
						},
						{
							"origin": [-5.62305, 3.22644, 3.64605],
							"size": [1.4, 0.275, 0.5],
							"pivot": [-3.82011, 3.53736, 2.31151],
							"rotation": [-45.46343, 72.5436, -39.07261],
							"uv": {
								"north": {"uv": [4, 15], "uv_size": [-4, 0.5]},
								"east": {"uv": [12.5, 23], "uv_size": [-0.5, 0.5]},
								"south": {"uv": [8, 15], "uv_size": [-4, 0.5]},
								"west": {"uv": [23.5, 11], "uv_size": [-0.5, 0.5]},
								"up": {"uv": [12, 15], "uv_size": [-4, 0.5]},
								"down": {"uv": [19, 11.5], "uv_size": [-4, -0.5]}
							}
						}
					]
				},
				{
					"name": "legtip8",
					"parent": "R4",
					"pivot": [-6.69093, 0.74177, 6.57181],
					"cubes": [
						{
							"origin": [-6.86688, 0.89314, 6.84611],
							"size": [2.1, 0.275, 0.4],
							"pivot": [-6.03057, 3.49465, 4.91634],
							"rotation": [-40.48577, 36.32364, -62.69743],
							"uv": {
								"north": {"uv": [14.5, 11], "uv_size": [-4.5, 0.5]},
								"east": {"uv": [13.5, 23], "uv_size": [-0.5, 0.5]},
								"south": {"uv": [15.5, 10], "uv_size": [-4.5, 0.5]},
								"west": {"uv": [23.5, 12], "uv_size": [-0.5, 0.5]},
								"up": {"uv": [4.5, 12], "uv_size": [-4.5, 0.5]},
								"down": {"uv": [16.5, 2.5], "uv_size": [-4.5, -0.5]}
							}
						},
						{
							"origin": [-7.06357, -1.40492, 8.6],
							"size": [2.3, 0.275, 0.3],
							"pivot": [-6.69093, 0.74177, 6.57181],
							"rotation": [-53.07823, 28.05346, -73.75293],
							"uv": {
								"north": {"uv": [14.5, 11], "uv_size": [-4.5, 0.5]},
								"east": {"uv": [11.5, 23], "uv_size": [-0.5, 0.5]},
								"south": {"uv": [15.5, 10], "uv_size": [-4.5, 0.5]},
								"west": {"uv": [23.5, 12], "uv_size": [-0.5, 0.5]},
								"up": {"uv": [4, 12], "uv_size": [-4, 0.5]},
								"down": {"uv": [16.5, 2.5], "uv_size": [-4.5, -0.5]}
							}
						}
					]
				},
				{
					"name": "frontbody",
					"parent": "horrorspider",
					"pivot": [0, 0.9, 0.5],
					"rotation": [-1, 0, 0]
				},
				{
					"name": "mainabdomen",
					"parent": "frontbody",
					"pivot": [-0.05, 2.48013, 2.73025],
					"cubes": [
						{
							"origin": [-1.15, 1.06821, 1.2929],
							"size": [2.3, 1.975, 2.2],
							"pivot": [0, 3.15571, 2.0429],
							"rotation": [7, 0, 0],
							"uv": {
								"north": {"uv": [7, 0], "uv_size": [2.5, 2.5]},
								"east": {"uv": [0, 0], "uv_size": [4, 2.5]},
								"south": {"uv": [7, 3], "uv_size": [2.5, 2.5]},
								"west": {"uv": [0, 3], "uv_size": [4, 2.5]},
								"up": {"uv": [4, 0], "uv_size": [2.5, 4]},
								"down": {"uv": [4, 8], "uv_size": [2.5, -4]}
							}
						},
						{
							"origin": [-1.35, 1.46821, 1.5929],
							"size": [2.7, 1.475, 1.6],
							"pivot": [0, 3.15571, 2.0429],
							"rotation": [7, 0, 0],
							"uv": {
								"north": {"uv": [7, 0], "uv_size": [2.5, 2.5]},
								"east": {"uv": [0, 0], "uv_size": [4, 2.5]},
								"south": {"uv": [7, 3], "uv_size": [2.5, 2.5]},
								"west": {"uv": [0, 3], "uv_size": [4, 2.5]},
								"up": {"uv": [4, 0], "uv_size": [2.5, 4]},
								"down": {"uv": [4, 8], "uv_size": [2.5, -4]}
							}
						},
						{
							"origin": [-1.15, 0.96821, 1.6929],
							"size": [2.3, 1.675, 1.1],
							"pivot": [0, 3.15571, 2.0429],
							"rotation": [7, 0, 0],
							"uv": {
								"north": {"uv": [7, 0], "uv_size": [2.5, 2.5]},
								"east": {"uv": [0, 0], "uv_size": [4, 2.5]},
								"south": {"uv": [7, 3], "uv_size": [2.5, 2.5]},
								"west": {"uv": [0, 3], "uv_size": [4, 2.5]},
								"up": {"uv": [4, 0], "uv_size": [2.5, 4]},
								"down": {"uv": [4, 8], "uv_size": [2.5, -4]}
							}
						},
						{
							"origin": [-0.75, 1.48433, 1.09816],
							"size": [1.5, 1.575, 2.7],
							"pivot": [-0.1, 2.72183, 0.89816],
							"rotation": [1, 0, 0],
							"uv": {
								"north": {"uv": [17, 4], "uv_size": [1.5, 1]},
								"east": {"uv": [6, 9], "uv_size": [4.5, 1]},
								"south": {"uv": [17, 5], "uv_size": [1.5, 1]},
								"west": {"uv": [9, 6], "uv_size": [4.5, 1]},
								"up": {"uv": [0, 6], "uv_size": [1.5, 4.5]},
								"down": {"uv": [2, 10.5], "uv_size": [1.5, -4.5]}
							}
						},
						{
							"origin": [-0.55, 1.58433, 2.29816],
							"size": [1.1, 0.975, 1.7],
							"uv": {
								"north": {"uv": [17, 4], "uv_size": [1.5, 1]},
								"east": {"uv": [6, 9], "uv_size": [4.5, 1]},
								"south": {"uv": [17, 5], "uv_size": [1.5, 1]},
								"west": {"uv": [9, 6], "uv_size": [4.5, 1]},
								"up": {"uv": [0, 6], "uv_size": [1.5, 4.5]},
								"down": {"uv": [2, 10.5], "uv_size": [1.5, -4.5]}
							}
						},
						{
							"origin": [0.45, 2.08433, 3.59816],
							"size": [0.2, 0.175, 0.7],
							"pivot": [-0.1, 2.72183, 0.89816],
							"rotation": [0, -5, 0],
							"uv": {
								"north": {"uv": [17, 4], "uv_size": [1.5, 1]},
								"east": {"uv": [6, 9], "uv_size": [4.5, 1]},
								"south": {"uv": [17, 5], "uv_size": [1.5, 1]},
								"west": {"uv": [9, 6], "uv_size": [4.5, 1]},
								"up": {"uv": [0, 6], "uv_size": [1.5, 4.5]},
								"down": {"uv": [2, 10.5], "uv_size": [1.5, -4.5]}
							}
						},
						{
							"origin": [-0.85, 2.08433, 3.59816],
							"size": [0.2, 0.175, 0.7],
							"pivot": [-0.1, 2.72183, 0.89816],
							"rotation": [0, 8, 0],
							"uv": {
								"north": {"uv": [17, 4], "uv_size": [1.5, 1]},
								"east": {"uv": [6, 9], "uv_size": [4.5, 1]},
								"south": {"uv": [17, 5], "uv_size": [1.5, 1]},
								"west": {"uv": [9, 6], "uv_size": [4.5, 1]},
								"up": {"uv": [0, 6], "uv_size": [1.5, 4.5]},
								"down": {"uv": [2, 10.5], "uv_size": [1.5, -4.5]}
							}
						},
						{
							"origin": [-0.75, 1.98433, 2.99816],
							"size": [1.5, 0.975, 0.3],
							"uv": {
								"north": {"uv": [17, 4], "uv_size": [1.5, 1]},
								"east": {"uv": [6, 9], "uv_size": [4.5, 1]},
								"south": {"uv": [17, 5], "uv_size": [1.5, 1]},
								"west": {"uv": [9, 6], "uv_size": [4.5, 1]},
								"up": {"uv": [0, 6], "uv_size": [1.5, 4.5]},
								"down": {"uv": [2, 10.5], "uv_size": [1.5, -4.5]}
							}
						}
					]
				},
				{
					"name": "mainabdomen2",
					"parent": "frontbody",
					"pivot": [-0.05, 2.68013, 2.73025],
					"cubes": [
						{
							"origin": [-0.75, 0.86821, 1.2929],
							"size": [1.5, 2.475, 2.2],
							"pivot": [0, 3.35571, 2.0429],
							"rotation": [7, 0, 0],
							"uv": {
								"north": {"uv": [7, 0], "uv_size": [2.5, 2.5]},
								"east": {"uv": [0, 0], "uv_size": [4, 2.5]},
								"south": {"uv": [7, 3], "uv_size": [2.5, 2.5]},
								"west": {"uv": [0, 3], "uv_size": [4, 2.5]},
								"up": {"uv": [4, 0], "uv_size": [2.5, 4]},
								"down": {"uv": [4, 8], "uv_size": [2.5, -4]}
							}
						},
						{
							"origin": [-0.95, 0.76821, 1.5929],
							"size": [1.9, 2.475, 1.6],
							"pivot": [0, 3.35571, 2.0429],
							"rotation": [7, 0, 0],
							"uv": {
								"north": {"uv": [7, 0], "uv_size": [2.5, 2.5]},
								"east": {"uv": [0, 0], "uv_size": [4, 2.5]},
								"south": {"uv": [7, 3], "uv_size": [2.5, 2.5]},
								"west": {"uv": [0, 3], "uv_size": [4, 2.5]},
								"up": {"uv": [4, 0], "uv_size": [2.5, 4]},
								"down": {"uv": [4, 8], "uv_size": [2.5, -4]}
							}
						},
						{
							"origin": [-0.75, 0.66821, 1.6929],
							"size": [1.5, 2.275, 1.1],
							"pivot": [0, 3.35571, 2.0429],
							"rotation": [7, 0, 0],
							"uv": {
								"north": {"uv": [7, 0], "uv_size": [2.5, 2.5]},
								"east": {"uv": [0, 0], "uv_size": [4, 2.5]},
								"south": {"uv": [7, 3], "uv_size": [2.5, 2.5]},
								"west": {"uv": [0, 3], "uv_size": [4, 2.5]},
								"up": {"uv": [4, 0], "uv_size": [2.5, 4]},
								"down": {"uv": [4, 8], "uv_size": [2.5, -4]}
							}
						},
						{
							"origin": [-0.65, 1.38433, -1.10184],
							"size": [1.3, 0.975, 4.8],
							"uv": {
								"north": {"uv": [17, 4], "uv_size": [1.5, 1]},
								"east": {"uv": [6, 9], "uv_size": [4.5, 1]},
								"south": {"uv": [17, 5], "uv_size": [1.5, 1]},
								"west": {"uv": [9, 6], "uv_size": [4.5, 1]},
								"up": {"uv": [0, 6], "uv_size": [1.5, 4.5]},
								"down": {"uv": [2, 10.5], "uv_size": [1.5, -4.5]}
							}
						},
						{
							"origin": [-0.55, 1.88433, -0.30184],
							"size": [1.1, 0.775, 1.8],
							"uv": {
								"north": {"uv": [17, 4], "uv_size": [1.5, 1]},
								"east": {"uv": [6, 9], "uv_size": [4.5, 1]},
								"south": {"uv": [17, 5], "uv_size": [1.5, 1]},
								"west": {"uv": [9, 6], "uv_size": [4.5, 1]},
								"up": {"uv": [0, 6], "uv_size": [1.5, 4.5]},
								"down": {"uv": [2, 10.5], "uv_size": [1.5, -4.5]}
							}
						},
						{
							"origin": [-0.35, 2.18433, 2.99816],
							"size": [0.7, 1.075, 0.3],
							"uv": {
								"north": {"uv": [17, 4], "uv_size": [1.5, 1]},
								"east": {"uv": [6, 9], "uv_size": [4.5, 1]},
								"south": {"uv": [17, 5], "uv_size": [1.5, 1]},
								"west": {"uv": [9, 6], "uv_size": [4.5, 1]},
								"up": {"uv": [0, 6], "uv_size": [1.5, 4.5]},
								"down": {"uv": [2, 10.5], "uv_size": [1.5, -4.5]}
							}
						}
					]
				},
				{
					"name": "innerbody",
					"parent": "frontbody",
					"pivot": [0, 0.7, -1],
					"cubes": [
						{
							"origin": [-0.8, 1.515, -1.9],
							"size": [1.6, 1.26, 0.3],
							"pivot": [0, 0.7, -1],
							"rotation": [-8, 0, 0],
							"uv": {
								"north": {"uv": [10, 2], "uv_size": [2, 1.5]},
								"east": {"uv": [9, 7], "uv_size": [2.5, 1.5]},
								"south": {"uv": [10, 4], "uv_size": [2, 1.5]},
								"west": {"uv": [10, 2], "uv_size": [2, 1]},
								"up": {"uv": [7, 6], "uv_size": [2, 2.5]},
								"down": {"uv": [4, 10.5], "uv_size": [2, -2.5]}
							}
						},
						{
							"origin": [-0.7, 1.315, -1.9],
							"size": [1.4, 1.56, 0.8],
							"pivot": [0, 0.7, -1],
							"rotation": [-10, 0, 0],
							"uv": {
								"north": {"uv": [10, 2], "uv_size": [2, 1.5]},
								"east": {"uv": [9, 7], "uv_size": [2.5, 1.5]},
								"south": {"uv": [10, 4], "uv_size": [2, 1.5]},
								"west": {"uv": [10, 0], "uv_size": [2.5, 1.5]},
								"up": {"uv": [7, 6], "uv_size": [2, 2.5]},
								"down": {"uv": [4, 10.5], "uv_size": [2, -2.5]}
							}
						},
						{
							"origin": [-1.3, 1.75, -1.4],
							"size": [2.6, 1.16, 1.8],
							"pivot": [0, 0.7, -1],
							"rotation": [-3, 0, 0],
							"uv": {
								"north": {"uv": [10, 2], "uv_size": [2, 1.5]},
								"east": {"uv": [9, 7], "uv_size": [2.5, 1.5]},
								"south": {"uv": [10, 4], "uv_size": [2, 1.5]},
								"west": {"uv": [10, 0], "uv_size": [2.5, 1.5]},
								"up": {"uv": [7, 6], "uv_size": [2, 2.5]},
								"down": {"uv": [4, 10.5], "uv_size": [2, -2.5]}
							}
						}
					]
				}
			]
		}
	]
}