{
	"format_version": "1.12.0",
	"minecraft:geometry": [
		{
			"description": {
				"identifier": "geometry.sunscorpion",
				"texture_width": 32,
				"texture_height": 32,
				"visible_bounds_width": 4,
				"visible_bounds_height": 2.5,
				"visible_bounds_offset": [0, 0.75, 0]
			},
			"bones": [
				{
					"name": "horrorspider",
					"pivot": [0, 0, 0]
				},
				{
					"name": "L4",
					"parent": "horrorspider",
					"pivot": [1.4, 1.4, 1],
					"rotation": [-10.18169, -6.28178, 11.75547],
					"cubes": [
						{
							"origin": [0.47011, 3.04986, 2.36151],
							"size": [2.6, 0.375, 0.3],
							"pivot": [2.52011, 2.53736, 2.31151],
							"rotation": [23.47006, -35.17313, -81.88848],
							"uv": {
								"north": {"uv": [21, 21], "uv_size": [2.5, 0.5]},
								"east": {"uv": [26, 28], "uv_size": [0.5, 0.5]},
								"south": {"uv": [22, 0], "uv_size": [2.5, 0.5]},
								"west": {"uv": [28, 26], "uv_size": [0.5, 0.5]},
								"up": {"uv": [22, 1], "uv_size": [2.5, 0.5]},
								"down": {"uv": [2, 22.5], "uv_size": [2.5, -0.5]}
							}
						},
						{
							"origin": [1.92182, 2.92328, 2.87619],
							"size": [1.4, 0.375, 0.3],
							"pivot": [2.47182, 3.46078, 2.72619],
							"rotation": [7.7828, -54.43253, -2.85349],
							"uv": {
								"north": {"uv": [17, 25], "uv_size": [1.5, 0.5]},
								"east": {"uv": [27, 28], "uv_size": [0.5, 0.5]},
								"south": {"uv": [25, 18], "uv_size": [1.5, 0.5]},
								"west": {"uv": [28, 27], "uv_size": [0.5, 0.5]},
								"up": {"uv": [19, 25], "uv_size": [1.5, 0.5]},
								"down": {"uv": [25, 19.5], "uv_size": [1.5, -0.5]}
							}
						},
						{
							"origin": [1.01467, 1.62596, 4.56404],
							"size": [2.8, 0.275, 0.3],
							"pivot": [3.66467, 0.36346, 4.21404],
							"rotation": [-35.32919, -36.7862, 53.96835],
							"uv": {
								"north": {"uv": [19, 12], "uv_size": [3, 0.5]},
								"east": {"uv": [29, 11], "uv_size": [0.5, 0.5]},
								"south": {"uv": [13, 19], "uv_size": [3, 0.5]},
								"west": {"uv": [12, 29], "uv_size": [0.5, 0.5]},
								"up": {"uv": [19, 13], "uv_size": [3, 0.5]},
								"down": {"uv": [19, 14.5], "uv_size": [3, -0.5]}
							}
						},
						{
							"origin": [4.12068, 1.29235, 5.36174],
							"size": [0.8, 0.275, 0.3],
							"pivot": [4.32068, 1.42985, 5.31174],
							"rotation": [1.66619, -49.24595, 0.07682],
							"uv": {
								"north": {"uv": [27, 14], "uv_size": [1, 0.5]},
								"east": {"uv": [29, 12], "uv_size": [0.5, 0.5]},
								"south": {"uv": [15, 27], "uv_size": [1, 0.5]},
								"west": {"uv": [13, 29], "uv_size": [0.5, 0.5]},
								"up": {"uv": [27, 15], "uv_size": [1, 0.5]},
								"down": {"uv": [16, 27.5], "uv_size": [1, -0.5]}
							}
						}
					]
				},
				{
					"name": "L3",
					"parent": "horrorspider",
					"pivot": [1.2, 1.4, 0.3],
					"cubes": [
						{
							"origin": [4.12266, 0.79809, 0.92159],
							"size": [2.2, 0.375, 0.3],
							"pivot": [4.67266, 1.58559, 1.07159],
							"rotation": [-8.47415, 18.0308, 54.97822],
							"uv": {
								"north": {"uv": [23, 18], "uv_size": [2, 0.5]},
								"east": {"uv": [28, 28], "uv_size": [0.5, 0.5]},
								"south": {"uv": [21, 23], "uv_size": [2, 0.5]},
								"west": {"uv": [0, 29], "uv_size": [0.5, 0.5]},
								"up": {"uv": [23, 23], "uv_size": [2, 0.5]},
								"down": {"uv": [0, 24.5], "uv_size": [2, -0.5]}
							}
						},
						{
							"origin": [4.97365, -0.09736, 0.57617],
							"size": [0.8, 0.175, 0.3],
							"pivot": [5.37365, -0.10986, 0.42617],
							"rotation": [-20.03721, -25.18954, 24.98668],
							"uv": {
								"north": {"uv": [27, 11], "uv_size": [1, 0.5]},
								"east": {"uv": [29, 10], "uv_size": [0.5, 0.5]},
								"south": {"uv": [27, 12], "uv_size": [1, 0.5]},
								"west": {"uv": [11, 29], "uv_size": [0.5, 0.5]},
								"up": {"uv": [27, 13], "uv_size": [1, 0.5]},
								"down": {"uv": [14, 27.5], "uv_size": [1, -0.5]}
							}
						},
						{
							"origin": [1.02607, 1.36576, 0.61776],
							"size": [2.9, 0.375, 0.3],
							"pivot": [2.47607, 1.95326, 0.86776],
							"rotation": [-1.16156, -21.39214, -7.61801],
							"uv": {
								"north": {"uv": [19, 2], "uv_size": [3, 0.5]},
								"east": {"uv": [29, 0], "uv_size": [0.5, 0.5]},
								"south": {"uv": [19, 3], "uv_size": [3, 0.5]},
								"west": {"uv": [1, 29], "uv_size": [0.5, 0.5]},
								"up": {"uv": [19, 5], "uv_size": [3, 0.5]},
								"down": {"uv": [19, 6.5], "uv_size": [3, -0.5]}
							}
						}
					]
				},
				{
					"name": "R3",
					"parent": "horrorspider",
					"pivot": [-1.4, 1.4, 0.1],
					"cubes": [
						{
							"origin": [-3.79565, 1.69618, 0.77447],
							"size": [2.5, 0.275, 0.3],
							"pivot": [-2.64565, 2.03368, 0.62447],
							"rotation": [2.25662, 28.94575, 15.51948],
							"uv": {
								"north": {"uv": [22, 2], "uv_size": [2.5, 0.5]},
								"east": {"uv": [29, 1], "uv_size": [0.5, 0.5]},
								"south": {"uv": [22, 3], "uv_size": [2.5, 0.5]},
								"west": {"uv": [2, 29], "uv_size": [0.5, 0.5]},
								"up": {"uv": [22, 4], "uv_size": [2.5, 0.5]},
								"down": {"uv": [5, 22.5], "uv_size": [2.5, -0.5]}
							}
						},
						{
							"origin": [-5.61825, 0.22082, 1.23926],
							"size": [2.2, 0.375, 0.3],
							"pivot": [-5.11825, 1.15832, 1.38926],
							"rotation": [-8.29612, -8.45502, -52.59875],
							"uv": {
								"north": {"uv": [2, 24], "uv_size": [2, 0.5]},
								"east": {"uv": [29, 2], "uv_size": [0.5, 0.5]},
								"south": {"uv": [4, 24], "uv_size": [2, 0.5]},
								"west": {"uv": [3, 29], "uv_size": [0.5, 0.5]},
								"up": {"uv": [6, 24], "uv_size": [2, 0.5]},
								"down": {"uv": [24, 7.5], "uv_size": [2, -0.5]}
							}
						},
						{
							"origin": [-5.71825, 0.22082, 1.23926],
							"size": [0.8, 0.275, 0.3],
							"pivot": [-5.11825, 1.15832, 1.38926],
							"rotation": [-14.3868, 34.54567, -18.55087],
							"uv": {
								"north": {"uv": [27, 19], "uv_size": [1, 0.5]},
								"east": {"uv": [29, 14], "uv_size": [0.5, 0.5]},
								"south": {"uv": [20, 27], "uv_size": [1, 0.5]},
								"west": {"uv": [15, 29], "uv_size": [0.5, 0.5]},
								"up": {"uv": [27, 20], "uv_size": [1, 0.5]},
								"down": {"uv": [21, 27.5], "uv_size": [1, -0.5]}
							}
						}
					]
				},
				{
					"name": "L2",
					"parent": "horrorspider",
					"pivot": [1.2, 1.4, -0.8],
					"rotation": [0, 5, 0],
					"cubes": [
						{
							"origin": [1.22323, 1.65206, -0.60095],
							"size": [1.7, 0.375, 0.3],
							"pivot": [2.07323, 1.83956, -0.85095],
							"rotation": [-7.80937, -9.01285, -35.48393],
							"uv": {
								"north": {"uv": [25, 20], "uv_size": [1.5, 0.5]},
								"east": {"uv": [29, 3], "uv_size": [0.5, 0.5]},
								"south": {"uv": [21, 25], "uv_size": [1.5, 0.5]},
								"west": {"uv": [4, 29], "uv_size": [0.5, 0.5]},
								"up": {"uv": [25, 22], "uv_size": [1.5, 0.5]},
								"down": {"uv": [23, 25.5], "uv_size": [1.5, -0.5]}
							}
						},
						{
							"origin": [2.52891, -0.63382, -0.92474],
							"size": [2.6, 0.375, 0.3],
							"pivot": [5.02891, 0.80368, -1.47474],
							"rotation": [10.29283, 7.13136, 55.6431],
							"uv": {
								"north": {"uv": [22, 5], "uv_size": [2.5, 0.5]},
								"east": {"uv": [29, 4], "uv_size": [0.5, 0.5]},
								"south": {"uv": [22, 6], "uv_size": [2.5, 0.5]},
								"west": {"uv": [5, 29], "uv_size": [0.5, 0.5]},
								"up": {"uv": [22, 8], "uv_size": [2.5, 0.5]},
								"down": {"uv": [22, 9.5], "uv_size": [2.5, -0.5]}
							}
						},
						{
							"origin": [4.20072, -0.23169, -0.79064],
							"size": [0.8, 0.275, 0.3],
							"pivot": [4.50072, -0.29419, -0.64064],
							"rotation": [2.74714, 12.19908, 12.79362],
							"uv": {
								"north": {"uv": [27, 8], "uv_size": [1, 0.5]},
								"east": {"uv": [29, 9], "uv_size": [0.5, 0.5]},
								"south": {"uv": [9, 27], "uv_size": [1, 0.5]},
								"west": {"uv": [10, 29], "uv_size": [0.5, 0.5]},
								"up": {"uv": [27, 9], "uv_size": [1, 0.5]},
								"down": {"uv": [27, 10.5], "uv_size": [1, -0.5]}
							}
						}
					]
				},
				{
					"name": "R2",
					"parent": "horrorspider",
					"pivot": [-1.2, 1.4, -0.8],
					"rotation": [0, -4, 0],
					"cubes": [
						{
							"origin": [-4.55, 0.8, -1.35],
							"size": [1.7, 0.375, 0.3],
							"pivot": [-1.8, -1.6, -0.5],
							"rotation": [-4.4931, 11.01611, 32.8914],
							"uv": {
								"north": {"uv": [25, 23], "uv_size": [1.5, 0.5]},
								"east": {"uv": [29, 5], "uv_size": [0.5, 0.5]},
								"south": {"uv": [25, 25], "uv_size": [1.5, 0.5]},
								"west": {"uv": [6, 29], "uv_size": [0.5, 0.5]},
								"up": {"uv": [0, 26], "uv_size": [1.5, 0.5]},
								"down": {"uv": [2, 26.5], "uv_size": [1.5, -0.5]}
							}
						},
						{
							"origin": [-1.85, 1.3, -0.35],
							"size": [2.4, 0.375, 0.3],
							"pivot": [-1.8, -1.6, -0.5],
							"rotation": [9.97528, -7.57131, -53.16171],
							"uv": {
								"north": {"uv": [10, 22], "uv_size": [2.5, 0.5]},
								"east": {"uv": [29, 6], "uv_size": [0.5, 0.5]},
								"south": {"uv": [22, 10], "uv_size": [2.5, 0.5]},
								"west": {"uv": [7, 29], "uv_size": [0.5, 0.5]},
								"up": {"uv": [22, 11], "uv_size": [2.5, 0.5]},
								"down": {"uv": [22, 12.5], "uv_size": [2.5, -0.5]}
							}
						},
						{
							"origin": [-4.91586, -0.09198, -1.01132],
							"size": [0.8, 0.275, 0.3],
							"pivot": [-4.81586, -0.25448, -0.86132],
							"rotation": [2.42224, -12.26673, -11.26033],
							"uv": {
								"north": {"uv": [17, 27], "uv_size": [1, 0.5]},
								"east": {"uv": [29, 13], "uv_size": [0.5, 0.5]},
								"south": {"uv": [18, 27], "uv_size": [1, 0.5]},
								"west": {"uv": [14, 29], "uv_size": [0.5, 0.5]},
								"up": {"uv": [27, 18], "uv_size": [1, 0.5]},
								"down": {"uv": [19, 27.5], "uv_size": [1, -0.5]}
							}
						}
					]
				},
				{
					"name": "R4",
					"parent": "horrorspider",
					"pivot": [-1.5, 1.1, 0.8],
					"rotation": [-0.21865, 4.99523, -2.50954],
					"cubes": [
						{
							"origin": [-2.71899, 2.85522, 2.23833],
							"size": [2.6, 0.275, 0.4],
							"pivot": [-2.31899, 2.64272, 2.28833],
							"rotation": [20.52806, 40.35152, 73.44561],
							"uv": {
								"north": {"uv": [13, 22], "uv_size": [2.5, 0.5]},
								"east": {"uv": [29, 7], "uv_size": [0.5, 0.5]},
								"south": {"uv": [22, 13], "uv_size": [2.5, 0.5]},
								"west": {"uv": [8, 29], "uv_size": [0.5, 0.5]},
								"up": {"uv": [22, 14], "uv_size": [2.5, 0.5]},
								"down": {"uv": [16, 22.5], "uv_size": [2.5, -0.5]}
							}
						},
						{
							"origin": [-3.91899, 2.95522, 1.83833],
							"size": [1.5, 0.275, 0.4],
							"pivot": [-2.31899, 2.64272, 2.28833],
							"rotation": [-88.25999, 56.9785, -20.47279],
							"uv": {
								"north": {"uv": [4, 26], "uv_size": [1.5, 0.5]},
								"east": {"uv": [29, 15], "uv_size": [0.5, 0.5]},
								"south": {"uv": [6, 26], "uv_size": [1.5, 0.5]},
								"west": {"uv": [16, 29], "uv_size": [0.5, 0.5]},
								"up": {"uv": [26, 7], "uv_size": [1.5, 0.5]},
								"down": {"uv": [8, 26.5], "uv_size": [1.5, -0.5]}
							}
						},
						{
							"origin": [-5.00805, 0.01955, 5.90523],
							"size": [3, 0.275, 0.3],
							"pivot": [-4.85805, 0.75705, 5.05523],
							"rotation": [-51.45654, 26.90108, -69.54501],
							"uv": {
								"north": {"uv": [19, 8], "uv_size": [3, 0.5]},
								"east": {"uv": [29, 8], "uv_size": [0.5, 0.5]},
								"south": {"uv": [19, 9], "uv_size": [3, 0.5]},
								"west": {"uv": [9, 29], "uv_size": [0.5, 0.5]},
								"up": {"uv": [19, 10], "uv_size": [3, 0.5]},
								"down": {"uv": [19, 11.5], "uv_size": [3, -0.5]}
							}
						},
						{
							"origin": [-5.20805, 0.21955, 5.90523],
							"size": [0.7, 0.275, 0.3],
							"pivot": [-4.85805, 0.75705, 5.05523],
							"rotation": [-15.2917, 54.82495, -17.8618],
							"uv": {
								"north": {"uv": [29, 16], "uv_size": [0.5, 0.5]},
								"east": {"uv": [17, 29], "uv_size": [0.5, 0.5]},
								"south": {"uv": [29, 17], "uv_size": [0.5, 0.5]},
								"west": {"uv": [18, 29], "uv_size": [0.5, 0.5]},
								"up": {"uv": [29, 18], "uv_size": [0.5, 0.5]},
								"down": {"uv": [19, 29.5], "uv_size": [0.5, -0.5]}
							}
						}
					]
				},
				{
					"name": "frontbody",
					"parent": "horrorspider",
					"pivot": [0, -0.7, 1.5]
				},
				{
					"name": "sockets",
					"parent": "frontbody",
					"pivot": [2.1, -1.5, 0.9],
					"cubes": [
						{
							"origin": [-0.01356, 0.99296, -0.79096],
							"size": [1.45, 0.45, 0.45],
							"pivot": [0.71144, 1.21796, -0.36596],
							"rotation": [-1.10693, 12.45167, -5.12076],
							"uv": {
								"north": {"uv": [24, 21], "uv_size": [1.5, 0.5]},
								"east": {"uv": [20, 28], "uv_size": [0.5, 0.5]},
								"south": {"uv": [22, 24], "uv_size": [1.5, 0.5]},
								"west": {"uv": [28, 20], "uv_size": [0.5, 0.5]},
								"up": {"uv": [24, 24], "uv_size": [1.5, 0.5]},
								"down": {"uv": [0, 25.5], "uv_size": [1.5, -0.5]}
							}
						},
						{
							"origin": [-0.28057, 1.02384, 0.13695],
							"size": [1.65, 0.45, 0.45],
							"pivot": [1.14443, 1.44884, 0.16195],
							"rotation": [2.69652, 5.28148, -11.9643],
							"uv": {
								"north": {"uv": [25, 0], "uv_size": [1.5, 0.5]},
								"east": {"uv": [21, 28], "uv_size": [0.5, 0.5]},
								"south": {"uv": [25, 1], "uv_size": [1.5, 0.5]},
								"west": {"uv": [28, 21], "uv_size": [0.5, 0.5]},
								"up": {"uv": [2, 25], "uv_size": [1.5, 0.5]},
								"down": {"uv": [25, 2.5], "uv_size": [1.5, -0.5]}
							}
						},
						{
							"origin": [-1.43644, 0.89296, -0.79096],
							"size": [1.45, 0.45, 0.45],
							"pivot": [-0.71144, 1.21796, -0.36596],
							"rotation": [-1.10693, -12.45167, 5.12076],
							"uv": {
								"north": {"uv": [25, 3], "uv_size": [1.5, 0.5]},
								"east": {"uv": [22, 28], "uv_size": [0.5, 0.5]},
								"south": {"uv": [4, 25], "uv_size": [1.5, 0.5]},
								"west": {"uv": [28, 22], "uv_size": [0.5, 0.5]},
								"up": {"uv": [25, 4], "uv_size": [1.5, 0.5]},
								"down": {"uv": [25, 5.5], "uv_size": [1.5, -0.5]}
							}
						},
						{
							"origin": [-2.25, 0.97, 0.375],
							"size": [1.45, 0.45, 0.45],
							"pivot": [-1.8, -1.5, 0],
							"rotation": [5.33995, 2.37942, 14.10826],
							"uv": {
								"north": {"uv": [6, 25], "uv_size": [1.5, 0.5]},
								"east": {"uv": [23, 28], "uv_size": [0.5, 0.5]},
								"south": {"uv": [25, 6], "uv_size": [1.5, 0.5]},
								"west": {"uv": [28, 23], "uv_size": [0.5, 0.5]},
								"up": {"uv": [8, 25], "uv_size": [1.5, 0.5]},
								"down": {"uv": [25, 8.5], "uv_size": [1.5, -0.5]}
							}
						},
						{
							"origin": [-1.22888, 0.81672, 0.94732],
							"size": [0.45, 0.45, 1.45],
							"pivot": [-1.30388, 1.14172, 1.07232],
							"rotation": [91.92915, 3.66382, 99.34032],
							"uv": {
								"north": {"uv": [24, 28], "uv_size": [0.5, 0.5]},
								"east": {"uv": [25, 9], "uv_size": [1.5, 0.5]},
								"south": {"uv": [28, 24], "uv_size": [0.5, 0.5]},
								"west": {"uv": [10, 25], "uv_size": [1.5, 0.5]},
								"up": {"uv": [25, 10], "uv_size": [0.5, 1.5]},
								"down": {"uv": [25, 13.5], "uv_size": [0.5, -1.5]}
							}
						},
						{
							"origin": [0.66862, 0.80709, 0.9705],
							"size": [0.45, 0.45, 1.45],
							"pivot": [1.19362, 1.13209, 1.0955],
							"rotation": [89.9523, -6.31515, -95.59913],
							"uv": {
								"north": {"uv": [25, 28], "uv_size": [0.5, 0.5]},
								"east": {"uv": [25, 14], "uv_size": [1.5, 0.5]},
								"south": {"uv": [28, 25], "uv_size": [0.5, 0.5]},
								"west": {"uv": [25, 15], "uv_size": [1.5, 0.5]},
								"up": {"uv": [16, 25], "uv_size": [0.5, 1.5]},
								"down": {"uv": [25, 17.5], "uv_size": [0.5, -1.5]}
							}
						}
					]
				},
				{
					"name": "mainabdomen",
					"parent": "frontbody",
					"pivot": [-0.05, 1.98013, 2.23025],
					"cubes": [
						{
							"origin": [-1.15, 0.66821, 0.8929],
							"size": [2.1, 1.675, 0.9],
							"pivot": [0, 2.25571, 1.5429],
							"rotation": [-3, 0, 0],
							"uv": {
								"north": {"uv": [14, 5], "uv_size": [2, 1.5]},
								"east": {"uv": [12, 18], "uv_size": [1, 1.5]},
								"south": {"uv": [9, 14], "uv_size": [2, 1.5]},
								"west": {"uv": [0, 19], "uv_size": [1, 1.5]},
								"up": {"uv": [2, 4], "uv_size": [2, 1]},
								"down": {"uv": [6, 13], "uv_size": [2, -1]}
							}
						},
						{
							"origin": [-1.25, 0.46821, 1.4929],
							"size": [2.3, 2.075, 0.9],
							"pivot": [0, 2.25571, 1.5429],
							"rotation": [-3, 0, 0],
							"uv": {
								"north": {"uv": [8, 5], "uv_size": [2.5, 2]},
								"east": {"uv": [2, 18], "uv_size": [1, 2]},
								"south": {"uv": [9, 0], "uv_size": [2.5, 2]},
								"west": {"uv": [3, 18], "uv_size": [1, 2]},
								"up": {"uv": [11, 15], "uv_size": [2.5, 1]},
								"down": {"uv": [14, 16], "uv_size": [2.5, -1]}
							}
						},
						{
							"origin": [-1.35, 0.36821, 2.1929],
							"size": [2.5, 2.275, 1.2],
							"pivot": [0, 2.25571, 1.5429],
							"rotation": [-3, 0, 0],
							"uv": {
								"north": {"uv": [2, 5], "uv_size": [2.5, 2.5]},
								"east": {"uv": [0, 16], "uv_size": [1, 2.5]},
								"south": {"uv": [5, 5], "uv_size": [2.5, 2.5]},
								"west": {"uv": [1, 16], "uv_size": [1, 2.5]},
								"up": {"uv": [2, 16], "uv_size": [2.5, 1]},
								"down": {"uv": [16, 3], "uv_size": [2.5, -1]}
							}
						},
						{
							"origin": [-1.35, 0.46821, 4.3929],
							"size": [2.5, 2.075, 1.2],
							"pivot": [0, 2.25571, 1.5429],
							"rotation": [-1, 0, 0],
							"uv": {
								"north": {"uv": [9, 7], "uv_size": [2.5, 2]},
								"east": {"uv": [4, 18], "uv_size": [1, 2]},
								"south": {"uv": [9, 9], "uv_size": [2.5, 2]},
								"west": {"uv": [7, 18], "uv_size": [1, 2]},
								"up": {"uv": [16, 6], "uv_size": [2.5, 1]},
								"down": {"uv": [7, 17], "uv_size": [2.5, -1]}
							}
						},
						{
							"origin": [-1.25, 0.56821, 5.5929],
							"size": [2.3, 1.775, 1.1],
							"uv": {
								"north": {"uv": [10, 2], "uv_size": [2.5, 2]},
								"east": {"uv": [18, 7], "uv_size": [1, 2]},
								"south": {"uv": [5, 10], "uv_size": [2.5, 2]},
								"west": {"uv": [8, 18], "uv_size": [1, 2]},
								"up": {"uv": [10, 16], "uv_size": [2.5, 1]},
								"down": {"uv": [13, 17], "uv_size": [2.5, -1]}
							}
						},
						{
							"origin": [-1.45, 0.46821, 3.2929],
							"size": [2.7, 2.275, 1.2],
							"pivot": [0, 2.25571, 1.5429],
							"rotation": [-3, 0, 0],
							"uv": {
								"north": {"uv": [6, 0], "uv_size": [2.5, 2.5]},
								"east": {"uv": [5, 16], "uv_size": [1, 2.5]},
								"south": {"uv": [2, 8], "uv_size": [2.5, 2.5]},
								"west": {"uv": [6, 16], "uv_size": [1, 2.5]},
								"up": {"uv": [16, 3], "uv_size": [2.5, 1]},
								"down": {"uv": [16, 6], "uv_size": [2.5, -1]}
							}
						},
						{
							"origin": [-0.75, 0.98433, -0.60184],
							"size": [1.3, 1.075, 4.5],
							"uv": {
								"north": {"uv": [5, 19], "uv_size": [1.5, 1]},
								"east": {"uv": [10, 4], "uv_size": [4.5, 1]},
								"south": {"uv": [19, 7], "uv_size": [1.5, 1]},
								"west": {"uv": [0, 11], "uv_size": [4.5, 1]},
								"up": {"uv": [0, 4], "uv_size": [1.5, 4.5]},
								"down": {"uv": [4, 4.5], "uv_size": [1.5, -4.5]}
							}
						}
					]
				},
				{
					"name": "Tail",
					"parent": "frontbody",
					"pivot": [-0.1125, 2.60611, 8.08584],
					"rotation": [-1, 0, 0],
					"cubes": [
						{
							"origin": [-0.95, 0.55402, 6.59303],
							"size": [1.6, 1.375, 0.9],
							"pivot": [0, 2.14152, 1.54303],
							"rotation": [2, 0, 0],
							"uv": {
								"north": {"uv": [17, 13], "uv_size": [1.5, 1.5]},
								"east": {"uv": [4, 20], "uv_size": [1, 1.5]},
								"south": {"uv": [15, 17], "uv_size": [1.5, 1.5]},
								"west": {"uv": [5, 20], "uv_size": [1, 1.5]},
								"up": {"uv": [6, 20], "uv_size": [1.5, 1]},
								"down": {"uv": [8, 21], "uv_size": [1.5, -1]}
							}
						},
						{
							"origin": [-0.55, 0.58081, 7.12693],
							"size": [0.9, 1.675, 0.8],
							"pivot": [-0.1, 1.31831, 7.82693],
							"rotation": [-48, 0, 0],
							"uv": {
								"north": {"uv": [10, 20], "uv_size": [1, 1.5]},
								"east": {"uv": [11, 20], "uv_size": [1, 1.5]},
								"south": {"uv": [12, 20], "uv_size": [1, 1.5]},
								"west": {"uv": [13, 20], "uv_size": [1, 1.5]},
								"up": {"uv": [8, 10], "uv_size": [1, 1]},
								"down": {"uv": [8, 23], "uv_size": [1, -1]}
							}
						},
						{
							"origin": [-0.65, 2.08081, 7.62693],
							"size": [1.1, 1.875, 0.6],
							"pivot": [-0.1, 1.31831, 7.82693],
							"rotation": [-26, 0, 0],
							"uv": {
								"north": {"uv": [9, 18], "uv_size": [1, 2]},
								"east": {"uv": [12, 24], "uv_size": [0.5, 2]},
								"south": {"uv": [18, 9], "uv_size": [1, 2]},
								"west": {"uv": [13, 24], "uv_size": [0.5, 2]},
								"up": {"uv": [27, 23], "uv_size": [1, 0.5]},
								"down": {"uv": [25, 27.5], "uv_size": [1, -0.5]}
							}
						},
						{
							"origin": [-0.65, 3.80876, 8.65054],
							"size": [1.1, 1.675, 0.6],
							"pivot": [-0.1, 4.84626, 8.55054],
							"rotation": [-10, 0, 0],
							"uv": {
								"north": {"uv": [14, 20], "uv_size": [1, 1.5]},
								"east": {"uv": [11, 26], "uv_size": [0.5, 1.5]},
								"south": {"uv": [15, 20], "uv_size": [1, 1.5]},
								"west": {"uv": [12, 26], "uv_size": [0.5, 1.5]},
								"up": {"uv": [27, 25], "uv_size": [1, 0.5]},
								"down": {"uv": [26, 27.5], "uv_size": [1, -0.5]}
							}
						}
					]
				},
				{
					"name": "tail2",
					"parent": "Tail",
					"pivot": [-0.1, 5.94291, 6.94825],
					"cubes": [
						{
							"origin": [-0.55, 5.10541, 7.34825],
							"size": [0.9, 1.775, 0.6],
							"pivot": [-0.1, 5.94291, 6.94825],
							"rotation": [86.35499, 3.35571, -0.32608],
							"uv": {
								"north": {"uv": [10, 18], "uv_size": [1, 2]},
								"east": {"uv": [14, 24], "uv_size": [0.5, 2]},
								"south": {"uv": [11, 18], "uv_size": [1, 2]},
								"west": {"uv": [15, 24], "uv_size": [0.5, 2]},
								"up": {"uv": [27, 26], "uv_size": [1, 0.5]},
								"down": {"uv": [27, 27.5], "uv_size": [1, -0.5]}
							}
						},
						{
							"origin": [-0.75, 5.00876, 8.65054],
							"size": [1.3, 1.675, 0.6],
							"pivot": [-0.1, 4.84626, 8.55054],
							"rotation": [41.5, 0, 0],
							"uv": {
								"north": {"uv": [17, 17], "uv_size": [1.5, 1.5]},
								"east": {"uv": [26, 12], "uv_size": [0.5, 1.5]},
								"south": {"uv": [18, 0], "uv_size": [1.5, 1.5]},
								"west": {"uv": [13, 26], "uv_size": [0.5, 1.5]},
								"up": {"uv": [14, 26], "uv_size": [1.5, 0.5]},
								"down": {"uv": [26, 16.5], "uv_size": [1.5, -0.5]}
							}
						}
					]
				},
				{
					"name": "stinger",
					"parent": "tail2",
					"pivot": [-0.1, 5.94291, 6.94825],
					"cubes": [
						{
							"origin": [-0.45, 6.90541, 6.74825],
							"size": [0.7, 0.575, 1],
							"pivot": [-0.1, 5.94291, 6.94825],
							"rotation": [78.35499, 3.35571, -0.32608],
							"uv": {
								"north": {"uv": [29, 20], "uv_size": [0.5, 0.5]},
								"east": {"uv": [0, 28], "uv_size": [1, 0.5]},
								"south": {"uv": [21, 29], "uv_size": [0.5, 0.5]},
								"west": {"uv": [28, 0], "uv_size": [1, 0.5]},
								"up": {"uv": [1, 28], "uv_size": [0.5, 1]},
								"down": {"uv": [28, 2], "uv_size": [0.5, -1]}
							}
						},
						{
							"origin": [-0.35, 7.00541, 6.44825],
							"size": [0.5, 0.275, 0.3],
							"pivot": [-0.1, 5.94291, 6.94825],
							"rotation": [78.35499, 3.35571, -0.32608],
							"uv": {
								"north": {"uv": [29, 21], "uv_size": [0.5, 0.5]},
								"east": {"uv": [22, 29], "uv_size": [0.5, 0.5]},
								"south": {"uv": [29, 22], "uv_size": [0.5, 0.5]},
								"west": {"uv": [23, 29], "uv_size": [0.5, 0.5]},
								"up": {"uv": [29, 23], "uv_size": [0.5, 0.5]},
								"down": {"uv": [24, 29.5], "uv_size": [0.5, -0.5]}
							}
						},
						{
							"origin": [-0.25, 7.10541, 6.24825],
							"size": [0.3, 0.175, 0.3],
							"pivot": [-0.1, 5.94291, 6.94825],
							"rotation": [81.35499, 3.35571, -0.32608],
							"uv": {
								"north": {"uv": [29, 27], "uv_size": [0.5, 0.5]},
								"east": {"uv": [28, 29], "uv_size": [0.5, 0.5]},
								"south": {"uv": [29, 28], "uv_size": [0.5, 0.5]},
								"west": {"uv": [29, 29], "uv_size": [0.5, 0.5]},
								"up": {"uv": [0, 30], "uv_size": [0.5, 0.5]},
								"down": {"uv": [30, 0.5], "uv_size": [0.5, -0.5]}
							}
						},
						{
							"origin": [-0.15, 7.20541, 5.84825],
							"size": [0.1, 0.075, 0.6],
							"pivot": [-0.1, 5.94291, 6.94825],
							"rotation": [89.35499, 3.35571, -0.32608],
							"uv": {
								"north": {"uv": [29, 24], "uv_size": [0.5, 0.5]},
								"east": {"uv": [25, 29], "uv_size": [0.5, 0.5]},
								"south": {"uv": [29, 25], "uv_size": [0.5, 0.5]},
								"west": {"uv": [26, 29], "uv_size": [0.5, 0.5]},
								"up": {"uv": [29, 26], "uv_size": [0.5, 0.5]},
								"down": {"uv": [27, 29.5], "uv_size": [0.5, -0.5]}
							}
						}
					]
				},
				{
					"name": "mainabdomen2",
					"parent": "frontbody",
					"pivot": [-0.05, 1.98013, 2.23025],
					"cubes": [
						{
							"origin": [-1.35, 0.66821, 1.2929],
							"size": [2.6, 0.875, 0.6],
							"pivot": [0, 2.25571, 1.5429],
							"rotation": [-3, 0, 0],
							"uv": {
								"north": {"uv": [16, 16], "uv_size": [2.5, 1]},
								"east": {"uv": [22, 27], "uv_size": [0.5, 1]},
								"south": {"uv": [2, 17], "uv_size": [2.5, 1]},
								"west": {"uv": [27, 22], "uv_size": [0.5, 1]},
								"up": {"uv": [22, 16], "uv_size": [2.5, 0.5]},
								"down": {"uv": [19, 22.5], "uv_size": [2.5, -0.5]}
							}
						},
						{
							"origin": [-1.45, 0.46821, 1.8929],
							"size": [2.8, 1.275, 0.6],
							"pivot": [0, 2.25571, 1.5429],
							"rotation": [-3, 0, 0],
							"uv": {
								"north": {"uv": [11, 5], "uv_size": [3, 1.5]},
								"east": {"uv": [10, 26], "uv_size": [0.5, 1.5]},
								"south": {"uv": [8, 11], "uv_size": [3, 1.5]},
								"west": {"uv": [26, 10], "uv_size": [0.5, 1.5]},
								"up": {"uv": [16, 19], "uv_size": [3, 0.5]},
								"down": {"uv": [19, 16.5], "uv_size": [3, -0.5]}
							}
						},
						{
							"origin": [-1.55, 0.36821, 2.3929],
							"size": [3, 1.475, 0.9],
							"pivot": [0, 2.25571, 1.5429],
							"rotation": [-3, 0, 0],
							"uv": {
								"north": {"uv": [11, 11], "uv_size": [3, 1.5]},
								"east": {"uv": [1, 19], "uv_size": [1, 1.5]},
								"south": {"uv": [0, 12], "uv_size": [3, 1.5]},
								"west": {"uv": [19, 17], "uv_size": [1, 1.5]},
								"up": {"uv": [11, 14], "uv_size": [3, 1]},
								"down": {"uv": [14, 12], "uv_size": [3, -1]}
							}
						},
						{
							"origin": [-1.65, 0.46821, 3.9929],
							"size": [3.1, 1.275, 0.9],
							"pivot": [0, 2.25571, 1.5429],
							"rotation": [-3, 0, 0],
							"uv": {
								"north": {"uv": [12, 0], "uv_size": [3, 1.5]},
								"east": {"uv": [19, 19], "uv_size": [1, 1.5]},
								"south": {"uv": [3, 12], "uv_size": [3, 1.5]},
								"west": {"uv": [20, 0], "uv_size": [1, 1.5]},
								"up": {"uv": [14, 12], "uv_size": [3, 1]},
								"down": {"uv": [14, 15], "uv_size": [3, -1]}
							}
						},
						{
							"origin": [-1.55, 0.56821, 4.6929],
							"size": [2.9, 1.075, 0.9],
							"pivot": [0, 2.25571, 1.5429],
							"rotation": [-3, 0, 0],
							"uv": {
								"north": {"uv": [15, 0], "uv_size": [3, 1]},
								"east": {"uv": [8, 7], "uv_size": [1, 1]},
								"south": {"uv": [15, 1], "uv_size": [3, 1]},
								"west": {"uv": [9, 2], "uv_size": [1, 1]},
								"up": {"uv": [15, 4], "uv_size": [3, 1]},
								"down": {"uv": [6, 16], "uv_size": [3, -1]}
							}
						},
						{
							"origin": [-1.35, 0.86821, 5.4929],
							"size": [2.5, 0.575, 0.6],
							"pivot": [0, 2.25571, 1.5429],
							"rotation": [-3, 0, 0],
							"uv": {
								"north": {"uv": [22, 19], "uv_size": [2.5, 0.5]},
								"east": {"uv": [29, 19], "uv_size": [0.5, 0.5]},
								"south": {"uv": [22, 20], "uv_size": [2.5, 0.5]},
								"west": {"uv": [20, 29], "uv_size": [0.5, 0.5]},
								"up": {"uv": [22, 22], "uv_size": [2.5, 0.5]},
								"down": {"uv": [0, 23.5], "uv_size": [2.5, -0.5]}
							}
						},
						{
							"origin": [-1.75, 0.46821, 3.1929],
							"size": [3.3, 1.475, 0.9],
							"pivot": [0, 2.25571, 1.5429],
							"rotation": [-3, 0, 0],
							"uv": {
								"north": {"uv": [6, 3], "uv_size": [3.5, 1.5]},
								"east": {"uv": [2, 20], "uv_size": [1, 1.5]},
								"south": {"uv": [5, 8], "uv_size": [3.5, 1.5]},
								"west": {"uv": [3, 20], "uv_size": [1, 1.5]},
								"up": {"uv": [9, 13], "uv_size": [3.5, 1]},
								"down": {"uv": [13, 14], "uv_size": [3.5, -1]}
							}
						},
						{
							"origin": [-0.95, 0.98433, -0.20184],
							"size": [1.8, 0.275, 4.2],
							"uv": {
								"north": {"uv": [8, 24], "uv_size": [2, 0.5]},
								"east": {"uv": [17, 15], "uv_size": [4, 0.5]},
								"south": {"uv": [10, 24], "uv_size": [2, 0.5]},
								"west": {"uv": [18, 4], "uv_size": [4, 0.5]},
								"up": {"uv": [0, 0], "uv_size": [2, 4]},
								"down": {"uv": [2, 4], "uv_size": [2, -4]}
							}
						}
					]
				},
				{
					"name": "headfront",
					"parent": "frontbody",
					"pivot": [0, -0.7, 0],
					"cubes": [
						{
							"origin": [-1.1, 1.115, -1.4],
							"size": [2.1, 1.26, 1.7],
							"uv": {
								"north": {"uv": [0, 9], "uv_size": [2, 1.5]},
								"east": {"uv": [17, 11], "uv_size": [1.5, 1.5]},
								"south": {"uv": [0, 14], "uv_size": [2, 1.5]},
								"west": {"uv": [13, 17], "uv_size": [1.5, 1.5]},
								"up": {"uv": [2, 14], "uv_size": [2, 1.5]},
								"down": {"uv": [4, 15.5], "uv_size": [2, -1.5]}
							}
						},
						{
							"origin": [0.1, 1.915, -1.4],
							"size": [1, 0.66, 1.7],
							"pivot": [0, -0.7, 0],
							"rotation": [8, 0, 0],
							"uv": {
								"north": {"uv": [3, 28], "uv_size": [1, 0.5]},
								"east": {"uv": [17, 26], "uv_size": [1.5, 0.5]},
								"south": {"uv": [4, 28], "uv_size": [1, 0.5]},
								"west": {"uv": [26, 17], "uv_size": [1.5, 0.5]},
								"up": {"uv": [16, 20], "uv_size": [1, 1.5]},
								"down": {"uv": [17, 21.5], "uv_size": [1, -1.5]}
							}
						},
						{
							"origin": [-1.1, 1.915, -1.4],
							"size": [1, 0.66, 1.7],
							"pivot": [0, -0.7, 0],
							"rotation": [8, 0, 0],
							"uv": {
								"north": {"uv": [5, 28], "uv_size": [1, 0.5]},
								"east": {"uv": [19, 26], "uv_size": [1.5, 0.5]},
								"south": {"uv": [6, 28], "uv_size": [1, 0.5]},
								"west": {"uv": [21, 26], "uv_size": [1.5, 0.5]},
								"up": {"uv": [20, 17], "uv_size": [1, 1.5]},
								"down": {"uv": [18, 21.5], "uv_size": [1, -1.5]}
							}
						},
						{
							"origin": [-1.2, 1.315, -2.1],
							"size": [2.4, 0.16, 1.2],
							"pivot": [0, -0.7, 0],
							"rotation": [8, 0, 0],
							"uv": {
								"north": {"uv": [15, 23], "uv_size": [2.5, 0.5]},
								"east": {"uv": [17, 28], "uv_size": [1, 0.5]},
								"south": {"uv": [18, 23], "uv_size": [2.5, 0.5]},
								"west": {"uv": [28, 17], "uv_size": [1, 0.5]},
								"up": {"uv": [7, 17], "uv_size": [2.5, 1]},
								"down": {"uv": [10, 18], "uv_size": [2.5, -1]}
							}
						}
					]
				},
				{
					"name": "mouthL",
					"parent": "frontbody",
					"pivot": [0, -0.7, 0],
					"cubes": [
						{
							"origin": [-0.8, 1.3, -2.8],
							"size": [0.8, 0.8, 1.3],
							"pivot": [-0.4, 1.4, -2.1],
							"rotation": [22.02731, -2.78137, -1.1247],
							"uv": {
								"north": {"uv": [24, 15], "uv_size": [1, 1]},
								"east": {"uv": [20, 19], "uv_size": [1.5, 1]},
								"south": {"uv": [16, 24], "uv_size": [1, 1]},
								"west": {"uv": [20, 20], "uv_size": [1.5, 1]},
								"up": {"uv": [0, 21], "uv_size": [1, 1.5]},
								"down": {"uv": [21, 1.5], "uv_size": [1, -1.5]}
							}
						},
						{
							"origin": [-0.5, 1.6, -3.6],
							"size": [0.5, 0.3, 1],
							"pivot": [0, -0.7, 0],
							"rotation": [7, 0, 0],
							"uv": {
								"north": {"uv": [1, 30], "uv_size": [0.5, 0.5]},
								"east": {"uv": [7, 28], "uv_size": [1, 0.5]},
								"south": {"uv": [30, 1], "uv_size": [0.5, 0.5]},
								"west": {"uv": [28, 7], "uv_size": [1, 0.5]},
								"up": {"uv": [8, 28], "uv_size": [0.5, 1]},
								"down": {"uv": [28, 9], "uv_size": [0.5, -1]}
							}
						},
						{
							"origin": [-0.1, 1.8, -4.1],
							"size": [0.1, 0.1, 0.5],
							"pivot": [0, -0.7, 0],
							"rotation": [7, 0, 0],
							"uv": {
								"north": {"uv": [2, 30], "uv_size": [0.5, 0.5]},
								"east": {"uv": [30, 2], "uv_size": [0.5, 0.5]},
								"south": {"uv": [3, 30], "uv_size": [0.5, 0.5]},
								"west": {"uv": [30, 3], "uv_size": [0.5, 0.5]},
								"up": {"uv": [4, 30], "uv_size": [0.5, 0.5]},
								"down": {"uv": [30, 4.5], "uv_size": [0.5, -0.5]}
							}
						}
					]
				},
				{
					"name": "mouthR",
					"parent": "frontbody",
					"pivot": [0, -0.7, 0],
					"cubes": [
						{
							"origin": [0.1, 1.8, -4.1],
							"size": [0.1, 0.1, 0.5],
							"pivot": [0, -0.7, 0],
							"rotation": [7, 0, 0],
							"uv": {
								"north": {"uv": [9, 30], "uv_size": [0.5, 0.5]},
								"east": {"uv": [30, 9], "uv_size": [0.5, 0.5]},
								"south": {"uv": [10, 30], "uv_size": [0.5, 0.5]},
								"west": {"uv": [30, 10], "uv_size": [0.5, 0.5]},
								"up": {"uv": [11, 30], "uv_size": [0.5, 0.5]},
								"down": {"uv": [30, 11.5], "uv_size": [0.5, -0.5]}
							}
						},
						{
							"origin": [0.1, 1.6, -3.6],
							"size": [0.5, 0.3, 1],
							"pivot": [0, -0.7, 0],
							"rotation": [7, 0, 0],
							"uv": {
								"north": {"uv": [12, 30], "uv_size": [0.5, 0.5]},
								"east": {"uv": [18, 28], "uv_size": [1, 0.5]},
								"south": {"uv": [30, 12], "uv_size": [0.5, 0.5]},
								"west": {"uv": [28, 18], "uv_size": [1, 0.5]},
								"up": {"uv": [19, 28], "uv_size": [0.5, 1]},
								"down": {"uv": [28, 20], "uv_size": [0.5, -1]}
							}
						},
						{
							"origin": [0.1, 2.1, -1.6],
							"size": [0.8, 0.8, 1.2],
							"pivot": [0, -0.7, 0],
							"rotation": [25.50763, 1.35385, 0.64589],
							"uv": {
								"north": {"uv": [20, 24], "uv_size": [1, 1]},
								"east": {"uv": [21, 18], "uv_size": [1.5, 1]},
								"south": {"uv": [21, 24], "uv_size": [1, 1]},
								"west": {"uv": [19, 21], "uv_size": [1.5, 1]},
								"up": {"uv": [1, 21], "uv_size": [1, 1.5]},
								"down": {"uv": [9, 22.5], "uv_size": [1, -1.5]}
							}
						}
					]
				},
				{
					"name": "pincer1",
					"parent": "horrorspider",
					"pivot": [-4.71286, 1.89545, -4.1086],
					"cubes": [
						{
							"origin": [-2.1, 1, -2],
							"size": [1, 0.7, 0.8],
							"uv": {
								"north": {"uv": [9, 28], "uv_size": [1, 0.5]},
								"east": {"uv": [28, 9], "uv_size": [1, 0.5]},
								"south": {"uv": [10, 28], "uv_size": [1, 0.5]},
								"west": {"uv": [28, 10], "uv_size": [1, 0.5]},
								"up": {"uv": [17, 24], "uv_size": [1, 1]},
								"down": {"uv": [24, 18], "uv_size": [1, -1]}
							}
						},
						{
							"origin": [-5, 1.5, -1.8],
							"size": [3.1, 0.8, 0.5],
							"pivot": [-2.5, 1.45, -1.7],
							"rotation": [0.10124, -16.55953, 7.66306],
							"uv": {
								"north": {"uv": [15, 7], "uv_size": [3, 1]},
								"east": {"uv": [11, 28], "uv_size": [0.5, 1]},
								"south": {"uv": [15, 8], "uv_size": [3, 1]},
								"west": {"uv": [28, 11], "uv_size": [0.5, 1]},
								"up": {"uv": [6, 21], "uv_size": [3, 0.5]},
								"down": {"uv": [21, 7.5], "uv_size": [3, -0.5]}
							}
						},
						{
							"origin": [-7.36238, 1.3, -2.43752],
							"size": [2.4, 1.5, 0.5],
							"pivot": [-5.26238, 1.65, -2.03752],
							"rotation": [1.72372, -75.38636, 11.66091],
							"uv": {
								"north": {"uv": [12, 7], "uv_size": [2.5, 1.5]},
								"east": {"uv": [23, 26], "uv_size": [0.5, 1.5]},
								"south": {"uv": [12, 9], "uv_size": [2.5, 1.5]},
								"west": {"uv": [24, 26], "uv_size": [0.5, 1.5]},
								"up": {"uv": [3, 23], "uv_size": [2.5, 0.5]},
								"down": {"uv": [6, 23.5], "uv_size": [2.5, -0.5]}
							}
						},
						{
							"origin": [-8.26238, 2.5, -1.83752],
							"size": [1.1, 0.3, 0.3],
							"pivot": [-5.26238, 1.65, -2.03752],
							"rotation": [67.43549, -83.13789, -54.85637],
							"uv": {
								"north": {"uv": [12, 28], "uv_size": [1, 0.5]},
								"east": {"uv": [5, 30], "uv_size": [0.5, 0.5]},
								"south": {"uv": [28, 12], "uv_size": [1, 0.5]},
								"west": {"uv": [30, 5], "uv_size": [0.5, 0.5]},
								"up": {"uv": [13, 28], "uv_size": [1, 0.5]},
								"down": {"uv": [28, 13.5], "uv_size": [1, -0.5]}
							}
						},
						{
							"origin": [-5.61591, 2.2242, -5.25867],
							"size": [0.2, 0.2, 0.1],
							"pivot": [-5.51591, 2.3242, -5.20867],
							"rotation": [59.08901, -75.53543, -45.58677],
							"uv": {
								"north": {"uv": [19, 30], "uv_size": [0.5, 0.5]},
								"east": {"uv": [30, 19], "uv_size": [0.5, 0.5]},
								"south": {"uv": [20, 30], "uv_size": [0.5, 0.5]},
								"west": {"uv": [30, 20], "uv_size": [0.5, 0.5]},
								"up": {"uv": [21, 30], "uv_size": [0.5, 0.5]},
								"down": {"uv": [30, 21.5], "uv_size": [0.5, -0.5]}
							}
						},
						{
							"origin": [-6.48408, 1.37616, -4.67606],
							"size": [1.3, 0.3, 0.3],
							"pivot": [-5.83408, 1.52616, -4.52606],
							"rotation": [21.23441, -80.74949, -8.41108],
							"uv": {
								"north": {"uv": [26, 21], "uv_size": [1.5, 0.5]},
								"east": {"uv": [6, 30], "uv_size": [0.5, 0.5]},
								"south": {"uv": [26, 24], "uv_size": [1.5, 0.5]},
								"west": {"uv": [30, 6], "uv_size": [0.5, 0.5]},
								"up": {"uv": [25, 26], "uv_size": [1.5, 0.5]},
								"down": {"uv": [0, 27.5], "uv_size": [1.5, -0.5]}
							}
						},
						{
							"origin": [-6.68408, 1.47616, -4.67606],
							"size": [0.2, 0.2, 0.1],
							"pivot": [-5.83408, 1.52616, -4.52606],
							"rotation": [21.23441, -80.74949, -8.41108],
							"uv": {
								"north": {"uv": [22, 30], "uv_size": [0.5, 0.5]},
								"east": {"uv": [30, 22], "uv_size": [0.5, 0.5]},
								"south": {"uv": [23, 30], "uv_size": [0.5, 0.5]},
								"west": {"uv": [30, 23], "uv_size": [0.5, 0.5]},
								"up": {"uv": [24, 30], "uv_size": [0.5, 0.5]},
								"down": {"uv": [30, 24.5], "uv_size": [0.5, -0.5]}
							}
						}
					]
				},
				{
					"name": "pincer2",
					"parent": "horrorspider",
					"pivot": [4.58441, 2.15414, -3.79065],
					"rotation": [0, 0, 170],
					"cubes": [
						{
							"origin": [6.90996, 1.74127, -2],
							"size": [1, 0.7, 0.8],
							"pivot": [9.40996, 0.24127, 0],
							"rotation": [0, 0, 10],
							"uv": {
								"north": {"uv": [14, 28], "uv_size": [1, 0.5]},
								"east": {"uv": [28, 14], "uv_size": [1, 0.5]},
								"south": {"uv": [15, 28], "uv_size": [1, 0.5]},
								"west": {"uv": [28, 15], "uv_size": [1, 0.5]},
								"up": {"uv": [18, 24], "uv_size": [1, 1]},
								"down": {"uv": [19, 25], "uv_size": [1, -1]}
							}
						},
						{
							"origin": [4.40996, 1.64127, -1.8],
							"size": [3.1, 0.8, 0.5],
							"pivot": [6.90996, 2.39127, -1.7],
							"rotation": [2.76296, -16.33408, -1.71881],
							"uv": {
								"north": {"uv": [15, 9], "uv_size": [3, 1]},
								"east": {"uv": [16, 28], "uv_size": [0.5, 1]},
								"south": {"uv": [15, 10], "uv_size": [3, 1]},
								"west": {"uv": [28, 16], "uv_size": [0.5, 1]},
								"up": {"uv": [21, 15], "uv_size": [3, 0.5]},
								"down": {"uv": [21, 17.5], "uv_size": [3, -0.5]}
							}
						},
						{
							"origin": [2.04758, 1.44127, -2.43752],
							"size": [2.4, 1.5, 0.5],
							"pivot": [4.14758, 1.79127, -2.03752],
							"rotation": [1.72372, -75.38636, -12.83909],
							"uv": {
								"north": {"uv": [13, 2], "uv_size": [2.5, 1.5]},
								"east": {"uv": [27, 0], "uv_size": [0.5, 1.5]},
								"south": {"uv": [6, 13], "uv_size": [2.5, 1.5]},
								"west": {"uv": [2, 27], "uv_size": [0.5, 1.5]},
								"up": {"uv": [9, 23], "uv_size": [2.5, 0.5]},
								"down": {"uv": [12, 23.5], "uv_size": [2.5, -0.5]}
							}
						},
						{
							"origin": [0.94758, 1.34127, -1.93752],
							"size": [1.3, 0.3, 0.3],
							"pivot": [4.14758, 1.79127, -2.03752],
							"rotation": [-61.39911, -82.41872, 49.71856],
							"uv": {
								"north": {"uv": [27, 2], "uv_size": [1.5, 0.5]},
								"east": {"uv": [7, 30], "uv_size": [0.5, 0.5]},
								"south": {"uv": [3, 27], "uv_size": [1.5, 0.5]},
								"west": {"uv": [30, 7], "uv_size": [0.5, 0.5]},
								"up": {"uv": [27, 3], "uv_size": [1.5, 0.5]},
								"down": {"uv": [27, 4.5], "uv_size": [1.5, -0.5]}
							}
						},
						{
							"origin": [3.55264, 1.76927, -5.40266],
							"size": [0.4, 0.2, 0.1],
							"pivot": [3.75264, 1.91927, -5.35266],
							"rotation": [-75.96565, -74.90402, 64.54028],
							"uv": {
								"north": {"uv": [13, 30], "uv_size": [0.5, 0.5]},
								"east": {"uv": [30, 13], "uv_size": [0.5, 0.5]},
								"south": {"uv": [14, 30], "uv_size": [0.5, 0.5]},
								"west": {"uv": [30, 14], "uv_size": [0.5, 0.5]},
								"up": {"uv": [15, 30], "uv_size": [0.5, 0.5]},
								"down": {"uv": [30, 15.5], "uv_size": [0.5, -0.5]}
							}
						},
						{
							"origin": [0.74758, 2.64127, -2.03752],
							"size": [1.5, 0.3, 0.3],
							"pivot": [4.14758, 1.79127, -2.03752],
							"rotation": [21.23441, -80.74949, -32.91108],
							"uv": {
								"north": {"uv": [5, 27], "uv_size": [1.5, 0.5]},
								"east": {"uv": [8, 30], "uv_size": [0.5, 0.5]},
								"south": {"uv": [27, 5], "uv_size": [1.5, 0.5]},
								"west": {"uv": [30, 8], "uv_size": [0.5, 0.5]},
								"up": {"uv": [27, 6], "uv_size": [1.5, 0.5]},
								"down": {"uv": [7, 27.5], "uv_size": [1.5, -0.5]}
							}
						},
						{
							"origin": [0.54758, 2.64127, -2.03752],
							"size": [0.2, 0.2, 0.1],
							"pivot": [4.14758, 1.79127, -2.03752],
							"rotation": [21.23441, -80.74949, -32.91108],
							"uv": {
								"north": {"uv": [16, 30], "uv_size": [0.5, 0.5]},
								"east": {"uv": [30, 16], "uv_size": [0.5, 0.5]},
								"south": {"uv": [17, 30], "uv_size": [0.5, 0.5]},
								"west": {"uv": [30, 17], "uv_size": [0.5, 0.5]},
								"up": {"uv": [18, 30], "uv_size": [0.5, 0.5]},
								"down": {"uv": [30, 18.5], "uv_size": [0.5, -0.5]}
							}
						}
					]
				}
			]
		}
	]
}