{
  "mothscare": {
    "subtitle": "subtitles.mothscare",
    "sounds": [
      {
        "name": "moth_spider_dweller:mothscare",
        "stream": false
      }
    ]
  },
  "mothchase": {
    "subtitle": "subtitles.mothchase",
    "sounds": [
      {
        "name": "moth_spider_dweller:mothchase",
        "stream": false
      }
    ]
  },
  "mothchase2": {
    "subtitle": "subtitles.mothchase2",
    "sounds": [
      {
        "name": "moth_spider_dweller:mothchase2",
        "stream": false
      }
    ]
  }
}